step,strategy,forecast_requests,target_instances,incoming_requests,processed_requests,throughput,queue_length,active_instances,total_capacity,estimated_latency_ms,estimated_p95_latency_ms,infrastructure_cost,sla_violations
0,Forecast,98.0,2,112,112,1.8666666666666667,0,2,200,50.0,75.0,0.03333333333333333,0
1,Forecast,117.0,2,98,98,1.6333333333333333,0,2,200,50.0,75.0,0.03333333333333333,0
2,Forecast,119.0,2,117,117,1.95,0,2,200,50.0,75.0,0.03333333333333333,0
3,Forecast,90.0,2,119,119,1.9833333333333334,0,2,200,50.0,75.0,0.03333333333333333,0
4,Forecast,97.0,2,90,90,1.5,0,2,200,50.0,75.0,0.03333333333333333,0
5,Forecast,111.0,2,97,97,1.6166666666666667,0,2,200,50.0,75.0,0.03333333333333333,0
6,Forecast,107.0,2,111,111,1.85,0,2,200,50.0,75.0,0.03333333333333333,0
7,Forecast,110.0,2,107,107,1.7833333333333334,0,2,200,50.0,75.0,0.03333333333333333,0
8,Forecast,102.0,2,110,110,1.8333333333333333,0,2,200,50.0,75.0,0.03333333333333333,0
9,Forecast,119.0,2,102,102,1.7,0,2,200,50.0,75.0,0.03333333333333333,0
10,Forecast,118.0,2,119,119,1.9833333333333334,0,2,200,50.0,75.0,0.03333333333333333,0
11,Forecast,111.0,2,118,118,1.9666666666666666,0,2,200,50.0,75.0,0.03333333333333333,0
12,Forecast,122.0,2,111,111,1.85,0,2,200,50.0,75.0,0.03333333333333333,0
13,Forecast,116.0,2,122,122,2.033333333333333,0,2,200,50.0,75.0,0.03333333333333333,0
14,Forecast,103.0,2,116,116,1.9333333333333333,0,2,200,50.0,75.0,0.03333333333333333,0
15,Forecast,115.0,2,103,103,1.7166666666666666,0,2,200,50.0,75.0,0.03333333333333333,0
16,Forecast,102.0,2,115,115,1.9166666666666667,0,2,200,50.0,75.0,0.03333333333333333,0
17,Forecast,121.0,2,102,102,1.7,0,2,200,50.0,75.0,0.03333333333333333,0
18,Forecast,111.0,2,121,121,2.0166666666666666,0,2,200,50.0,75.0,0.03333333333333333,0
19,Forecast,110.0,2,111,111,1.85,0,2,200,50.0,75.0,0.03333333333333333,0
20,Forecast,106.0,2,110,110,1.8333333333333333,0,2,200,50.0,75.0,0.03333333333333333,0
21,Forecast,125.0,2,106,106,1.7666666666666666,0,2,200,50.0,75.0,0.03333333333333333,0
22,Forecast,111.0,2,125,125,2.0833333333333335,0,2,200,50.0,75.0,0.03333333333333333,0
23,Forecast,109.0,2,111,111,1.85,0,2,200,50.0,75.0,0.03333333333333333,0
24,Forecast,110.0,2,109,109,1.8166666666666667,0,2,200,50.0,75.0,0.03333333333333333,0
25,Forecast,119.0,2,110,110,1.8333333333333333,0,2,200,50.0,75.0,0.03333333333333333,0
26,Forecast,117.0,2,119,119,1.9833333333333334,0,2,200,50.0,75.0,0.03333333333333333,0
27,Forecast,118.0,2,117,117,1.95,0,2,200,50.0,75.0,0.03333333333333333,0
28,Forecast,118.0,2,118,118,1.9666666666666666,0,2,200,50.0,75.0,0.03333333333333333,0
29,Forecast,135.0,2,118,118,1.9666666666666666,0,2,200,50.0,75.0,0.03333333333333333,0
30,Forecast,110.0,2,135,135,2.25,0,2,200,50.0,75.0,0.03333333333333333,0
31,Forecast,109.0,2,110,110,1.8333333333333333,0,2,200,50.0,75.0,0.03333333333333333,0
32,Forecast,106.0,2,109,109,1.8166666666666667,0,2,200,50.0,75.0,0.03333333333333333,0
33,Forecast,121.0,2,106,106,1.7666666666666666,0,2,200,50.0,75.0,0.03333333333333333,0
34,Forecast,126.0,2,121,121,2.0166666666666666,0,2,200,50.0,75.0,0.03333333333333333,0
35,Forecast,114.0,2,126,126,2.1,0,2,200,50.0,75.0,0.03333333333333333,0
36,Forecast,107.0,2,114,114,1.9,0,2,200,50.0,75.0,0.03333333333333333,0
37,Forecast,107.0,2,107,107,1.7833333333333334,0,2,200,50.0,75.0,0.03333333333333333,0
38,Forecast,122.0,2,107,107,1.7833333333333334,0,2,200,50.0,75.0,0.03333333333333333,0
39,Forecast,123.0,2,122,122,2.033333333333333,0,2,200,50.0,75.0,0.03333333333333333,0
40,Forecast,121.0,2,123,123,2.05,0,2,200,50.0,75.0,0.03333333333333333,0
41,Forecast,109.0,2,121,121,2.0166666666666666,0,2,200,50.0,75.0,0.03333333333333333,0
42,Forecast,118.0,2,109,109,1.8166666666666667,0,2,200,50.0,75.0,0.03333333333333333,0
43,Forecast,117.0,2,118,118,1.9666666666666666,0,2,200,50.0,75.0,0.03333333333333333,0
44,Forecast,119.0,2,117,117,1.95,0,2,200,50.0,75.0,0.03333333333333333,0
45,Forecast,125.0,2,119,119,1.9833333333333334,0,2,200,50.0,75.0,0.03333333333333333,0
46,Forecast,119.0,2,125,125,2.0833333333333335,0,2,200,50.0,75.0,0.03333333333333333,0
47,Forecast,124.0,2,119,119,1.9833333333333334,0,2,200,50.0,75.0,0.03333333333333333,0
48,Forecast,118.0,2,124,124,2.066666666666667,0,2,200,50.0,75.0,0.03333333333333333,0
49,Forecast,120.0,2,118,118,1.9666666666666666,0,2,200,50.0,75.0,0.03333333333333333,0
50,Forecast,124.0,2,120,120,2.0,0,2,200,50.0,75.0,0.03333333333333333,0
51,Forecast,103.0,2,124,124,2.066666666666667,0,2,200,50.0,75.0,0.03333333333333333,0
52,Forecast,115.0,2,103,103,1.7166666666666666,0,2,200,50.0,75.0,0.03333333333333333,0
53,Forecast,113.0,2,115,115,1.9166666666666667,0,2,200,50.0,75.0,0.03333333333333333,0
54,Forecast,112.0,2,113,113,1.8833333333333333,0,2,200,50.0,75.0,0.03333333333333333,0
55,Forecast,116.0,2,112,112,1.8666666666666667,0,2,200,50.0,75.0,0.03333333333333333,0
56,Forecast,133.0,2,116,116,1.9333333333333333,0,2,200,50.0,75.0,0.03333333333333333,0
57,Forecast,110.0,2,133,133,2.216666666666667,0,2,200,50.0,75.0,0.03333333333333333,0
58,Forecast,129.0,2,110,110,1.8333333333333333,0,2,200,50.0,75.0,0.03333333333333333,0
59,Forecast,102.0,2,129,129,2.15,0,2,200,50.0,75.0,0.03333333333333333,0
60,Forecast,115.0,2,102,102,1.7,0,2,200,50.0,75.0,0.03333333333333333,0
61,Forecast,120.0,2,115,115,1.9166666666666667,0,2,200,50.0,75.0,0.03333333333333333,0
62,Forecast,125.0,2,120,120,2.0,0,2,200,50.0,75.0,0.03333333333333333,0
63,Forecast,126.0,2,125,125,2.0833333333333335,0,2,200,50.0,75.0,0.03333333333333333,0
64,Forecast,127.0,2,126,126,2.1,0,2,200,50.0,75.0,0.03333333333333333,0
65,Forecast,116.0,2,127,127,2.1166666666666667,0,2,200,50.0,75.0,0.03333333333333333,0
66,Forecast,115.0,2,116,116,1.9333333333333333,0,2,200,50.0,75.0,0.03333333333333333,0
67,Forecast,128.0,2,115,115,1.9166666666666667,0,2,200,50.0,75.0,0.03333333333333333,0
68,Forecast,118.0,2,128,128,2.1333333333333333,0,2,200,50.0,75.0,0.03333333333333333,0
69,Forecast,107.0,2,118,118,1.9666666666666666,0,2,200,50.0,75.0,0.03333333333333333,0
70,Forecast,109.0,2,107,107,1.7833333333333334,0,2,200,50.0,75.0,0.03333333333333333,0
71,Forecast,111.0,2,109,109,1.8166666666666667,0,2,200,50.0,75.0,0.03333333333333333,0
72,Forecast,125.0,2,111,111,1.85,0,2,200,50.0,75.0,0.03333333333333333,0
73,Forecast,122.0,2,125,125,2.0833333333333335,0,2,200,50.0,75.0,0.03333333333333333,0
74,Forecast,128.0,2,122,122,2.033333333333333,0,2,200,50.0,75.0,0.03333333333333333,0
75,Forecast,117.0,2,128,128,2.1333333333333333,0,2,200,50.0,75.0,0.03333333333333333,0
76,Forecast,123.0,2,117,117,1.95,0,2,200,50.0,75.0,0.03333333333333333,0
77,Forecast,128.0,2,123,123,2.05,0,2,200,50.0,75.0,0.03333333333333333,0
78,Forecast,118.0,2,128,128,2.1333333333333333,0,2,200,50.0,75.0,0.03333333333333333,0
79,Forecast,126.0,2,118,118,1.9666666666666666,0,2,200,50.0,75.0,0.03333333333333333,0
80,Forecast,115.0,2,126,126,2.1,0,2,200,50.0,75.0,0.03333333333333333,0
81,Forecast,118.0,2,115,115,1.9166666666666667,0,2,200,50.0,75.0,0.03333333333333333,0
82,Forecast,118.0,2,118,118,1.9666666666666666,0,2,200,50.0,75.0,0.03333333333333333,0
83,Forecast,110.0,2,118,118,1.9666666666666666,0,2,200,50.0,75.0,0.03333333333333333,0
84,Forecast,127.0,2,110,110,1.8333333333333333,0,2,200,50.0,75.0,0.03333333333333333,0
85,Forecast,118.0,2,127,127,2.1166666666666667,0,2,200,50.0,75.0,0.03333333333333333,0
86,Forecast,123.0,2,118,118,1.9666666666666666,0,2,200,50.0,75.0,0.03333333333333333,0
87,Forecast,128.0,2,123,123,2.05,0,2,200,50.0,75.0,0.03333333333333333,0
88,Forecast,128.0,2,128,128,2.1333333333333333,0,2,200,50.0,75.0,0.03333333333333333,0
89,Forecast,130.0,2,128,128,2.1333333333333333,0,2,200,50.0,75.0,0.03333333333333333,0
90,Forecast,122.0,2,130,130,2.1666666666666665,0,2,200,50.0,75.0,0.03333333333333333,0
91,Forecast,119.0,2,122,122,2.033333333333333,0,2,200,50.0,75.0,0.03333333333333333,0
92,Forecast,123.0,2,119,119,1.9833333333333334,0,2,200,50.0,75.0,0.03333333333333333,0
93,Forecast,107.0,2,123,123,2.05,0,2,200,50.0,75.0,0.03333333333333333,0
94,Forecast,110.0,2,107,107,1.7833333333333334,0,2,200,50.0,75.0,0.03333333333333333,0
95,Forecast,111.0,2,110,110,1.8333333333333333,0,2,200,50.0,75.0,0.03333333333333333,0
96,Forecast,114.0,2,111,111,1.85,0,2,200,50.0,75.0,0.03333333333333333,0
97,Forecast,129.0,2,114,114,1.9,0,2,200,50.0,75.0,0.03333333333333333,0
98,Forecast,116.0,2,129,129,2.15,0,2,200,50.0,75.0,0.03333333333333333,0
99,Forecast,121.0,2,116,116,1.9333333333333333,0,2,200,50.0,75.0,0.03333333333333333,0
100,Forecast,138.0,2,121,121,2.0166666666666666,0,2,200,50.0,75.0,0.03333333333333333,0
101,Forecast,122.0,2,138,138,2.3,0,2,200,50.0,75.0,0.03333333333333333,0
102,Forecast,133.0,2,122,122,2.033333333333333,0,2,200,50.0,75.0,0.03333333333333333,0
103,Forecast,116.0,2,133,133,2.216666666666667,0,2,200,50.0,75.0,0.03333333333333333,0
104,Forecast,124.0,2,116,116,1.9333333333333333,0,2,200,50.0,75.0,0.03333333333333333,0
105,Forecast,116.0,2,124,124,2.066666666666667,0,2,200,50.0,75.0,0.03333333333333333,0
106,Forecast,123.0,2,116,116,1.9333333333333333,0,2,200,50.0,75.0,0.03333333333333333,0
107,Forecast,135.0,2,123,123,2.05,0,2,200,50.0,75.0,0.03333333333333333,0
108,Forecast,109.0,2,135,135,2.25,0,2,200,50.0,75.0,0.03333333333333333,0
109,Forecast,131.0,2,109,109,1.8166666666666667,0,2,200,50.0,75.0,0.03333333333333333,0
110,Forecast,129.0,2,131,131,2.183333333333333,0,2,200,50.0,75.0,0.03333333333333333,0
111,Forecast,121.0,2,129,129,2.15,0,2,200,50.0,75.0,0.03333333333333333,0
112,Forecast,112.0,2,121,121,2.0166666666666666,0,2,200,50.0,75.0,0.03333333333333333,0
113,Forecast,128.0,2,112,112,1.8666666666666667,0,2,200,50.0,75.0,0.03333333333333333,0
114,Forecast,122.0,2,128,128,2.1333333333333333,0,2,200,50.0,75.0,0.03333333333333333,0
115,Forecast,130.0,2,122,122,2.033333333333333,0,2,200,50.0,75.0,0.03333333333333333,0
116,Forecast,128.0,2,130,130,2.1666666666666665,0,2,200,50.0,75.0,0.03333333333333333,0
117,Forecast,144.0,2,128,128,2.1333333333333333,0,2,200,50.0,75.0,0.03333333333333333,0
118,Forecast,125.0,2,144,144,2.4,0,2,200,50.0,75.0,0.03333333333333333,0
119,Forecast,117.0,2,125,125,2.0833333333333335,0,2,200,50.0,75.0,0.03333333333333333,0
120,Forecast,129.0,2,117,117,1.95,0,2,200,50.0,75.0,0.03333333333333333,0
121,Forecast,130.0,2,129,129,2.15,0,2,200,50.0,75.0,0.03333333333333333,0
122,Forecast,141.0,2,130,130,2.1666666666666665,0,2,200,50.0,75.0,0.03333333333333333,0
123,Forecast,136.0,2,141,141,2.35,0,2,200,50.0,75.0,0.03333333333333333,0
124,Forecast,132.0,2,136,136,2.2666666666666666,0,2,200,50.0,75.0,0.03333333333333333,0
125,Forecast,143.0,2,132,132,2.2,0,2,200,50.0,75.0,0.03333333333333333,0
126,Forecast,116.0,2,143,143,2.3833333333333333,0,2,200,50.0,75.0,0.03333333333333333,0
127,Forecast,122.0,2,116,116,1.9333333333333333,0,2,200,50.0,75.0,0.03333333333333333,0
128,Forecast,119.0,2,122,122,2.033333333333333,0,2,200,50.0,75.0,0.03333333333333333,0
129,Forecast,125.0,2,119,119,1.9833333333333334,0,2,200,50.0,75.0,0.03333333333333333,0
130,Forecast,115.0,2,125,125,2.0833333333333335,0,2,200,50.0,75.0,0.03333333333333333,0
131,Forecast,135.0,2,115,115,1.9166666666666667,0,2,200,50.0,75.0,0.03333333333333333,0
132,Forecast,127.0,2,135,135,2.25,0,2,200,50.0,75.0,0.03333333333333333,0
133,Forecast,115.0,2,127,127,2.1166666666666667,0,2,200,50.0,75.0,0.03333333333333333,0
134,Forecast,119.0,2,115,115,1.9166666666666667,0,2,200,50.0,75.0,0.03333333333333333,0
135,Forecast,275.0,4,119,119,1.9833333333333334,0,4,400,50.0,75.0,0.06666666666666667,0
136,Forecast,138.0,2,275,200,3.3333333333333335,75,2,200,125.0,262.5,0.03333333333333333,0
137,Forecast,150.0,3,138,213,3.55,0,3,300,50.0,75.0,0.05,0
138,Forecast,159.0,2,150,150,2.5,0,2,200,50.0,75.0,0.03333333333333333,0
139,Forecast,134.0,2,159,159,2.65,0,2,200,50.0,75.0,0.03333333333333333,0
140,Forecast,120.0,2,134,134,2.2333333333333334,0,2,200,50.0,75.0,0.03333333333333333,0
141,Forecast,109.0,2,120,120,2.0,0,2,200,50.0,75.0,0.03333333333333333,0
142,Forecast,133.0,2,109,109,1.8166666666666667,0,2,200,50.0,75.0,0.03333333333333333,0
143,Forecast,123.0,2,133,133,2.216666666666667,0,2,200,50.0,75.0,0.03333333333333333,0
144,Forecast,127.0,2,123,123,2.05,0,2,200,50.0,75.0,0.03333333333333333,0
145,Forecast,125.0,2,127,127,2.1166666666666667,0,2,200,50.0,75.0,0.03333333333333333,0
146,Forecast,130.0,2,125,125,2.0833333333333335,0,2,200,50.0,75.0,0.03333333333333333,0
147,Forecast,142.0,2,130,130,2.1666666666666665,0,2,200,50.0,75.0,0.03333333333333333,0
148,Forecast,133.0,2,142,142,2.3666666666666667,0,2,200,50.0,75.0,0.03333333333333333,0
149,Forecast,130.0,2,133,133,2.216666666666667,0,2,200,50.0,75.0,0.03333333333333333,0
150,Forecast,121.0,2,130,130,2.1666666666666665,0,2,200,50.0,75.0,0.03333333333333333,0
151,Forecast,115.0,2,121,121,2.0166666666666666,0,2,200,50.0,75.0,0.03333333333333333,0
152,Forecast,127.0,2,115,115,1.9166666666666667,0,2,200,50.0,75.0,0.03333333333333333,0
153,Forecast,132.0,2,127,127,2.1166666666666667,0,2,200,50.0,75.0,0.03333333333333333,0
154,Forecast,150.0,2,132,132,2.2,0,2,200,50.0,75.0,0.03333333333333333,0
155,Forecast,134.0,2,150,150,2.5,0,2,200,50.0,75.0,0.03333333333333333,0
156,Forecast,142.0,2,134,134,2.2333333333333334,0,2,200,50.0,75.0,0.03333333333333333,0
157,Forecast,128.0,2,142,142,2.3666666666666667,0,2,200,50.0,75.0,0.03333333333333333,0
158,Forecast,121.0,2,128,128,2.1333333333333333,0,2,200,50.0,75.0,0.03333333333333333,0
159,Forecast,123.0,2,121,121,2.0166666666666666,0,2,200,50.0,75.0,0.03333333333333333,0
160,Forecast,126.0,2,123,123,2.05,0,2,200,50.0,75.0,0.03333333333333333,0
161,Forecast,155.0,2,126,126,2.1,0,2,200,50.0,75.0,0.03333333333333333,0
162,Forecast,125.0,2,155,155,2.5833333333333335,0,2,200,50.0,75.0,0.03333333333333333,0
163,Forecast,142.0,2,125,125,2.0833333333333335,0,2,200,50.0,75.0,0.03333333333333333,0
164,Forecast,125.0,2,142,142,2.3666666666666667,0,2,200,50.0,75.0,0.03333333333333333,0
165,Forecast,143.0,2,125,125,2.0833333333333335,0,2,200,50.0,75.0,0.03333333333333333,0
166,Forecast,138.0,2,143,143,2.3833333333333333,0,2,200,50.0,75.0,0.03333333333333333,0
167,Forecast,133.0,2,138,138,2.3,0,2,200,50.0,75.0,0.03333333333333333,0
168,Forecast,134.0,2,133,133,2.216666666666667,0,2,200,50.0,75.0,0.03333333333333333,0
169,Forecast,128.0,2,134,134,2.2333333333333334,0,2,200,50.0,75.0,0.03333333333333333,0
170,Forecast,139.0,2,128,128,2.1333333333333333,0,2,200,50.0,75.0,0.03333333333333333,0
171,Forecast,130.0,2,139,139,2.316666666666667,0,2,200,50.0,75.0,0.03333333333333333,0
172,Forecast,122.0,2,130,130,2.1666666666666665,0,2,200,50.0,75.0,0.03333333333333333,0
173,Forecast,122.0,2,122,122,2.033333333333333,0,2,200,50.0,75.0,0.03333333333333333,0
174,Forecast,137.0,2,122,122,2.033333333333333,0,2,200,50.0,75.0,0.03333333333333333,0
175,Forecast,151.0,2,137,137,2.283333333333333,0,2,200,50.0,75.0,0.03333333333333333,0
176,Forecast,137.0,2,151,151,2.5166666666666666,0,2,200,50.0,75.0,0.03333333333333333,0
177,Forecast,134.0,2,137,137,2.283333333333333,0,2,200,50.0,75.0,0.03333333333333333,0
178,Forecast,138.0,2,134,134,2.2333333333333334,0,2,200,50.0,75.0,0.03333333333333333,0
179,Forecast,148.0,2,138,138,2.3,0,2,200,50.0,75.0,0.03333333333333333,0
180,Forecast,137.0,2,148,148,2.466666666666667,0,2,200,50.0,75.0,0.03333333333333333,0
181,Forecast,131.0,2,137,137,2.283333333333333,0,2,200,50.0,75.0,0.03333333333333333,0
182,Forecast,146.0,2,131,131,2.183333333333333,0,2,200,50.0,75.0,0.03333333333333333,0
183,Forecast,140.0,2,146,146,2.433333333333333,0,2,200,50.0,75.0,0.03333333333333333,0
184,Forecast,151.0,2,140,140,2.3333333333333335,0,2,200,50.0,75.0,0.03333333333333333,0
185,Forecast,137.0,2,151,151,2.5166666666666666,0,2,200,50.0,75.0,0.03333333333333333,0
186,Forecast,123.0,2,137,137,2.283333333333333,0,2,200,50.0,75.0,0.03333333333333333,0
187,Forecast,122.0,2,123,123,2.05,0,2,200,50.0,75.0,0.03333333333333333,0
188,Forecast,152.0,2,122,122,2.033333333333333,0,2,200,50.0,75.0,0.03333333333333333,0
189,Forecast,153.0,2,152,152,2.533333333333333,0,2,200,50.0,75.0,0.03333333333333333,0
190,Forecast,134.0,2,153,153,2.55,0,2,200,50.0,75.0,0.03333333333333333,0
191,Forecast,332.0,5,134,134,2.2333333333333334,0,5,500,50.0,75.0,0.08333333333333333,0
192,Forecast,351.0,5,332,332,5.533333333333333,0,5,500,50.0,75.0,0.08333333333333333,0
193,Forecast,325.0,5,351,351,5.85,0,5,500,50.0,75.0,0.08333333333333333,0
194,Forecast,328.0,5,325,325,5.416666666666667,0,5,500,50.0,75.0,0.08333333333333333,0
195,Forecast,343.0,5,328,328,5.466666666666667,0,5,500,50.0,75.0,0.08333333333333333,0
196,Forecast,333.0,5,343,343,5.716666666666667,0,5,500,50.0,75.0,0.08333333333333333,0
197,Forecast,337.0,5,333,333,5.55,0,5,500,50.0,75.0,0.08333333333333333,0
198,Forecast,336.0,5,337,337,5.616666666666666,0,5,500,50.0,75.0,0.08333333333333333,0
199,Forecast,341.0,5,336,336,5.6,0,5,500,50.0,75.0,0.08333333333333333,0
200,Forecast,351.0,5,341,341,5.683333333333334,0,5,500,50.0,75.0,0.08333333333333333,0
201,Forecast,338.0,5,351,351,5.85,0,5,500,50.0,75.0,0.08333333333333333,0
202,Forecast,344.0,5,338,338,5.633333333333334,0,5,500,50.0,75.0,0.08333333333333333,0
203,Forecast,117.0,2,344,200,3.3333333333333335,144,2,200,194.0,435.0,0.03333333333333333,0
204,Forecast,137.0,4,117,261,4.35,0,4,400,50.0,75.0,0.06666666666666667,0
205,Forecast,129.0,2,137,137,2.283333333333333,0,2,200,50.0,75.0,0.03333333333333333,0
206,Forecast,126.0,2,129,129,2.15,0,2,200,50.0,75.0,0.03333333333333333,0
207,Forecast,129.0,2,126,126,2.1,0,2,200,50.0,75.0,0.03333333333333333,0
208,Forecast,135.0,2,129,129,2.15,0,2,200,50.0,75.0,0.03333333333333333,0
209,Forecast,147.0,2,135,135,2.25,0,2,200,50.0,75.0,0.03333333333333333,0
210,Forecast,125.0,2,147,147,2.45,0,2,200,50.0,75.0,0.03333333333333333,0
211,Forecast,139.0,2,125,125,2.0833333333333335,0,2,200,50.0,75.0,0.03333333333333333,0
212,Forecast,134.0,2,139,139,2.316666666666667,0,2,200,50.0,75.0,0.03333333333333333,0
213,Forecast,135.0,2,134,134,2.2333333333333334,0,2,200,50.0,75.0,0.03333333333333333,0
214,Forecast,149.0,2,135,135,2.25,0,2,200,50.0,75.0,0.03333333333333333,0
215,Forecast,144.0,2,149,149,2.4833333333333334,0,2,200,50.0,75.0,0.03333333333333333,0
216,Forecast,152.0,2,144,144,2.4,0,2,200,50.0,75.0,0.03333333333333333,0
217,Forecast,138.0,2,152,152,2.533333333333333,0,2,200,50.0,75.0,0.03333333333333333,0
218,Forecast,132.0,2,138,138,2.3,0,2,200,50.0,75.0,0.03333333333333333,0
219,Forecast,137.0,2,132,132,2.2,0,2,200,50.0,75.0,0.03333333333333333,0
220,Forecast,142.0,2,137,137,2.283333333333333,0,2,200,50.0,75.0,0.03333333333333333,0
221,Forecast,141.0,2,142,142,2.3666666666666667,0,2,200,50.0,75.0,0.03333333333333333,0
222,Forecast,129.0,2,141,141,2.35,0,2,200,50.0,75.0,0.03333333333333333,0
223,Forecast,141.0,2,129,129,2.15,0,2,200,50.0,75.0,0.03333333333333333,0
224,Forecast,142.0,2,141,141,2.35,0,2,200,50.0,75.0,0.03333333333333333,0
225,Forecast,165.0,3,142,142,2.3666666666666667,0,3,300,50.0,75.0,0.05,0
226,Forecast,159.0,2,165,165,2.75,0,2,200,50.0,75.0,0.03333333333333333,0
227,Forecast,132.0,2,159,159,2.65,0,2,200,50.0,75.0,0.03333333333333333,0
228,Forecast,137.0,2,132,132,2.2,0,2,200,50.0,75.0,0.03333333333333333,0
229,Forecast,126.0,2,137,137,2.283333333333333,0,2,200,50.0,75.0,0.03333333333333333,0
230,Forecast,135.0,2,126,126,2.1,0,2,200,50.0,75.0,0.03333333333333333,0
231,Forecast,144.0,2,135,135,2.25,0,2,200,50.0,75.0,0.03333333333333333,0
232,Forecast,153.0,2,144,144,2.4,0,2,200,50.0,75.0,0.03333333333333333,0
233,Forecast,133.0,2,153,153,2.55,0,2,200,50.0,75.0,0.03333333333333333,0
234,Forecast,134.0,2,133,133,2.216666666666667,0,2,200,50.0,75.0,0.03333333333333333,0
235,Forecast,119.0,2,134,134,2.2333333333333334,0,2,200,50.0,75.0,0.03333333333333333,0
236,Forecast,139.0,2,119,119,1.9833333333333334,0,2,200,50.0,75.0,0.03333333333333333,0
237,Forecast,130.0,2,139,139,2.316666666666667,0,2,200,50.0,75.0,0.03333333333333333,0
238,Forecast,136.0,2,130,130,2.1666666666666665,0,2,200,50.0,75.0,0.03333333333333333,0
239,Forecast,132.0,2,136,136,2.2666666666666666,0,2,200,50.0,75.0,0.03333333333333333,0
240,Forecast,140.0,2,132,132,2.2,0,2,200,50.0,75.0,0.03333333333333333,0
241,Forecast,123.0,2,140,140,2.3333333333333335,0,2,200,50.0,75.0,0.03333333333333333,0
242,Forecast,126.0,2,123,123,2.05,0,2,200,50.0,75.0,0.03333333333333333,0
243,Forecast,162.0,3,126,126,2.1,0,3,300,50.0,75.0,0.05,0
244,Forecast,128.0,2,162,162,2.7,0,2,200,50.0,75.0,0.03333333333333333,0
245,Forecast,130.0,2,128,128,2.1333333333333333,0,2,200,50.0,75.0,0.03333333333333333,0
246,Forecast,159.0,2,130,130,2.1666666666666665,0,2,200,50.0,75.0,0.03333333333333333,0
247,Forecast,170.0,3,159,159,2.65,0,3,300,50.0,75.0,0.05,0
248,Forecast,130.0,2,170,170,2.8333333333333335,0,2,200,50.0,75.0,0.03333333333333333,0
249,Forecast,138.0,2,130,130,2.1666666666666665,0,2,200,50.0,75.0,0.03333333333333333,0
250,Forecast,145.0,2,138,138,2.3,0,2,200,50.0,75.0,0.03333333333333333,0
251,Forecast,159.0,2,145,145,2.4166666666666665,0,2,200,50.0,75.0,0.03333333333333333,0
252,Forecast,132.0,2,159,159,2.65,0,2,200,50.0,75.0,0.03333333333333333,0
253,Forecast,139.0,2,132,132,2.2,0,2,200,50.0,75.0,0.03333333333333333,0
254,Forecast,150.0,2,139,139,2.316666666666667,0,2,200,50.0,75.0,0.03333333333333333,0
255,Forecast,146.0,2,150,150,2.5,0,2,200,50.0,75.0,0.03333333333333333,0
256,Forecast,138.0,2,146,146,2.433333333333333,0,2,200,50.0,75.0,0.03333333333333333,0
257,Forecast,141.0,2,138,138,2.3,0,2,200,50.0,75.0,0.03333333333333333,0
258,Forecast,128.0,2,141,141,2.35,0,2,200,50.0,75.0,0.03333333333333333,0
259,Forecast,140.0,2,128,128,2.1333333333333333,0,2,200,50.0,75.0,0.03333333333333333,0
260,Forecast,140.0,2,140,140,2.3333333333333335,0,2,200,50.0,75.0,0.03333333333333333,0
261,Forecast,145.0,2,140,140,2.3333333333333335,0,2,200,50.0,75.0,0.03333333333333333,0
262,Forecast,137.0,2,145,145,2.4166666666666665,0,2,200,50.0,75.0,0.03333333333333333,0
263,Forecast,147.0,2,137,137,2.283333333333333,0,2,200,50.0,75.0,0.03333333333333333,0
264,Forecast,153.0,2,147,147,2.45,0,2,200,50.0,75.0,0.03333333333333333,0
265,Forecast,144.0,2,153,153,2.55,0,2,200,50.0,75.0,0.03333333333333333,0
266,Forecast,146.0,2,144,144,2.4,0,2,200,50.0,75.0,0.03333333333333333,0
267,Forecast,143.0,2,146,146,2.433333333333333,0,2,200,50.0,75.0,0.03333333333333333,0
268,Forecast,143.0,2,143,143,2.3833333333333333,0,2,200,50.0,75.0,0.03333333333333333,0
269,Forecast,136.0,2,143,143,2.3833333333333333,0,2,200,50.0,75.0,0.03333333333333333,0
270,Forecast,146.0,2,136,136,2.2666666666666666,0,2,200,50.0,75.0,0.03333333333333333,0
271,Forecast,142.0,2,146,146,2.433333333333333,0,2,200,50.0,75.0,0.03333333333333333,0
272,Forecast,164.0,3,142,142,2.3666666666666667,0,3,300,50.0,75.0,0.05,0
273,Forecast,159.0,2,164,164,2.7333333333333334,0,2,200,50.0,75.0,0.03333333333333333,0
274,Forecast,147.0,2,159,159,2.65,0,2,200,50.0,75.0,0.03333333333333333,0
275,Forecast,136.0,2,147,147,2.45,0,2,200,50.0,75.0,0.03333333333333333,0
276,Forecast,132.0,2,136,136,2.2666666666666666,0,2,200,50.0,75.0,0.03333333333333333,0
277,Forecast,155.0,2,132,132,2.2,0,2,200,50.0,75.0,0.03333333333333333,0
278,Forecast,146.0,2,155,155,2.5833333333333335,0,2,200,50.0,75.0,0.03333333333333333,0
279,Forecast,148.0,2,146,146,2.433333333333333,0,2,200,50.0,75.0,0.03333333333333333,0
280,Forecast,326.0,5,148,148,2.466666666666667,0,5,500,50.0,75.0,0.08333333333333333,0
281,Forecast,353.0,5,326,326,5.433333333333334,0,5,500,50.0,75.0,0.08333333333333333,0
282,Forecast,348.0,5,353,353,5.883333333333334,0,5,500,50.0,75.0,0.08333333333333333,0
283,Forecast,333.0,5,348,348,5.8,0,5,500,50.0,75.0,0.08333333333333333,0
284,Forecast,339.0,5,333,333,5.55,0,5,500,50.0,75.0,0.08333333333333333,0
285,Forecast,346.0,5,339,339,5.65,0,5,500,50.0,75.0,0.08333333333333333,0
286,Forecast,344.0,5,346,346,5.766666666666667,0,5,500,50.0,75.0,0.08333333333333333,0
287,Forecast,341.0,5,344,344,5.733333333333333,0,5,500,50.0,75.0,0.08333333333333333,0
288,Forecast,343.0,5,341,341,5.683333333333334,0,5,500,50.0,75.0,0.08333333333333333,0
289,Forecast,342.0,5,343,343,5.716666666666667,0,5,500,50.0,75.0,0.08333333333333333,0
290,Forecast,346.0,5,342,342,5.7,0,5,500,50.0,75.0,0.08333333333333333,0
291,Forecast,359.0,5,346,346,5.766666666666667,0,5,500,50.0,75.0,0.08333333333333333,0
292,Forecast,119.0,2,359,200,3.3333333333333335,159,2,200,209.0,472.5,0.03333333333333333,0
293,Forecast,142.0,4,119,278,4.633333333333334,0,4,400,50.0,75.0,0.06666666666666667,0
294,Forecast,146.0,2,142,142,2.3666666666666667,0,2,200,50.0,75.0,0.03333333333333333,0
295,Forecast,147.0,2,146,146,2.433333333333333,0,2,200,50.0,75.0,0.03333333333333333,0
296,Forecast,141.0,2,147,147,2.45,0,2,200,50.0,75.0,0.03333333333333333,0
297,Forecast,127.0,2,141,141,2.35,0,2,200,50.0,75.0,0.03333333333333333,0
298,Forecast,148.0,2,127,127,2.1166666666666667,0,2,200,50.0,75.0,0.03333333333333333,0
299,Forecast,161.0,3,148,148,2.466666666666667,0,3,300,50.0,75.0,0.05,0
300,Forecast,129.0,2,161,161,2.683333333333333,0,2,200,50.0,75.0,0.03333333333333333,0
301,Forecast,153.0,2,129,129,2.15,0,2,200,50.0,75.0,0.03333333333333333,0
302,Forecast,141.0,2,153,153,2.55,0,2,200,50.0,75.0,0.03333333333333333,0
303,Forecast,143.0,2,141,141,2.35,0,2,200,50.0,75.0,0.03333333333333333,0
304,Forecast,134.0,2,143,143,2.3833333333333333,0,2,200,50.0,75.0,0.03333333333333333,0
305,Forecast,141.0,2,134,134,2.2333333333333334,0,2,200,50.0,75.0,0.03333333333333333,0
306,Forecast,157.0,2,141,141,2.35,0,2,200,50.0,75.0,0.03333333333333333,0
307,Forecast,150.0,2,157,157,2.6166666666666667,0,2,200,50.0,75.0,0.03333333333333333,0
308,Forecast,162.0,3,150,150,2.5,0,3,300,50.0,75.0,0.05,0
309,Forecast,156.0,2,162,162,2.7,0,2,200,50.0,75.0,0.03333333333333333,0
310,Forecast,149.0,2,156,156,2.6,0,2,200,50.0,75.0,0.03333333333333333,0
311,Forecast,162.0,3,149,149,2.4833333333333334,0,3,300,50.0,75.0,0.05,0
312,Forecast,149.0,2,162,162,2.7,0,2,200,50.0,75.0,0.03333333333333333,0
313,Forecast,153.0,2,149,149,2.4833333333333334,0,2,200,50.0,75.0,0.03333333333333333,0
314,Forecast,141.0,2,153,153,2.55,0,2,200,50.0,75.0,0.03333333333333333,0
315,Forecast,145.0,2,141,141,2.35,0,2,200,50.0,75.0,0.03333333333333333,0
316,Forecast,138.0,2,145,145,2.4166666666666665,0,2,200,50.0,75.0,0.03333333333333333,0
317,Forecast,154.0,2,138,138,2.3,0,2,200,50.0,75.0,0.03333333333333333,0
318,Forecast,133.0,2,154,154,2.566666666666667,0,2,200,50.0,75.0,0.03333333333333333,0
319,Forecast,152.0,2,133,133,2.216666666666667,0,2,200,50.0,75.0,0.03333333333333333,0
320,Forecast,143.0,2,152,152,2.533333333333333,0,2,200,50.0,75.0,0.03333333333333333,0
321,Forecast,156.0,2,143,143,2.3833333333333333,0,2,200,50.0,75.0,0.03333333333333333,0
322,Forecast,152.0,2,156,156,2.6,0,2,200,50.0,75.0,0.03333333333333333,0
323,Forecast,163.0,3,152,152,2.533333333333333,0,3,300,50.0,75.0,0.05,0
324,Forecast,152.0,2,163,163,2.716666666666667,0,2,200,50.0,75.0,0.03333333333333333,0
325,Forecast,129.0,2,152,152,2.533333333333333,0,2,200,50.0,75.0,0.03333333333333333,0
326,Forecast,144.0,2,129,129,2.15,0,2,200,50.0,75.0,0.03333333333333333,0
327,Forecast,133.0,2,144,144,2.4,0,2,200,50.0,75.0,0.03333333333333333,0
328,Forecast,140.0,2,133,133,2.216666666666667,0,2,200,50.0,75.0,0.03333333333333333,0
329,Forecast,160.0,2,140,140,2.3333333333333335,0,2,200,50.0,75.0,0.03333333333333333,0
330,Forecast,151.0,2,160,160,2.6666666666666665,0,2,200,50.0,75.0,0.03333333333333333,0
331,Forecast,138.0,2,151,151,2.5166666666666666,0,2,200,50.0,75.0,0.03333333333333333,0
332,Forecast,135.0,2,138,138,2.3,0,2,200,50.0,75.0,0.03333333333333333,0
333,Forecast,145.0,2,135,135,2.25,0,2,200,50.0,75.0,0.03333333333333333,0
334,Forecast,133.0,2,145,145,2.4166666666666665,0,2,200,50.0,75.0,0.03333333333333333,0
335,Forecast,138.0,2,133,133,2.216666666666667,0,2,200,50.0,75.0,0.03333333333333333,0
336,Forecast,148.0,2,138,138,2.3,0,2,200,50.0,75.0,0.03333333333333333,0
337,Forecast,157.0,2,148,148,2.466666666666667,0,2,200,50.0,75.0,0.03333333333333333,0
338,Forecast,151.0,2,157,157,2.6166666666666667,0,2,200,50.0,75.0,0.03333333333333333,0
339,Forecast,122.0,2,151,151,2.5166666666666666,0,2,200,50.0,75.0,0.03333333333333333,0
340,Forecast,148.0,2,122,122,2.033333333333333,0,2,200,50.0,75.0,0.03333333333333333,0
341,Forecast,146.0,2,148,148,2.466666666666667,0,2,200,50.0,75.0,0.03333333333333333,0
342,Forecast,149.0,2,146,146,2.433333333333333,0,2,200,50.0,75.0,0.03333333333333333,0
343,Forecast,161.0,3,149,149,2.4833333333333334,0,3,300,50.0,75.0,0.05,0
344,Forecast,124.0,2,161,161,2.683333333333333,0,2,200,50.0,75.0,0.03333333333333333,0
345,Forecast,139.0,2,124,124,2.066666666666667,0,2,200,50.0,75.0,0.03333333333333333,0
346,Forecast,151.0,2,139,139,2.316666666666667,0,2,200,50.0,75.0,0.03333333333333333,0
347,Forecast,129.0,2,151,151,2.5166666666666666,0,2,200,50.0,75.0,0.03333333333333333,0
348,Forecast,160.0,2,129,129,2.15,0,2,200,50.0,75.0,0.03333333333333333,0
349,Forecast,149.0,2,160,160,2.6666666666666665,0,2,200,50.0,75.0,0.03333333333333333,0
350,Forecast,154.0,2,149,149,2.4833333333333334,0,2,200,50.0,75.0,0.03333333333333333,0
351,Forecast,139.0,2,154,154,2.566666666666667,0,2,200,50.0,75.0,0.03333333333333333,0
352,Forecast,153.0,2,139,139,2.316666666666667,0,2,200,50.0,75.0,0.03333333333333333,0
353,Forecast,156.0,2,153,153,2.55,0,2,200,50.0,75.0,0.03333333333333333,0
354,Forecast,147.0,2,156,156,2.6,0,2,200,50.0,75.0,0.03333333333333333,0
355,Forecast,270.0,4,147,147,2.45,0,4,400,50.0,75.0,0.06666666666666667,0
356,Forecast,148.0,2,270,200,3.3333333333333335,70,2,200,120.0,250.0,0.03333333333333333,0
357,Forecast,137.0,3,148,218,3.6333333333333333,0,3,300,50.0,75.0,0.05,0
358,Forecast,144.0,2,137,137,2.283333333333333,0,2,200,50.0,75.0,0.03333333333333333,0
359,Forecast,143.0,2,144,144,2.4,0,2,200,50.0,75.0,0.03333333333333333,0
360,Forecast,148.0,2,143,143,2.3833333333333333,0,2,200,50.0,75.0,0.03333333333333333,0
361,Forecast,154.0,2,148,148,2.466666666666667,0,2,200,50.0,75.0,0.03333333333333333,0
362,Forecast,134.0,2,154,154,2.566666666666667,0,2,200,50.0,75.0,0.03333333333333333,0
363,Forecast,143.0,2,134,134,2.2333333333333334,0,2,200,50.0,75.0,0.03333333333333333,0
364,Forecast,159.0,2,143,143,2.3833333333333333,0,2,200,50.0,75.0,0.03333333333333333,0
365,Forecast,137.0,2,159,159,2.65,0,2,200,50.0,75.0,0.03333333333333333,0
366,Forecast,136.0,2,137,137,2.283333333333333,0,2,200,50.0,75.0,0.03333333333333333,0
367,Forecast,146.0,2,136,136,2.2666666666666666,0,2,200,50.0,75.0,0.03333333333333333,0
368,Forecast,153.0,2,146,146,2.433333333333333,0,2,200,50.0,75.0,0.03333333333333333,0
369,Forecast,145.0,2,153,153,2.55,0,2,200,50.0,75.0,0.03333333333333333,0
370,Forecast,158.0,2,145,145,2.4166666666666665,0,2,200,50.0,75.0,0.03333333333333333,0
371,Forecast,153.0,2,158,158,2.6333333333333333,0,2,200,50.0,75.0,0.03333333333333333,0
372,Forecast,153.0,2,153,153,2.55,0,2,200,50.0,75.0,0.03333333333333333,0
373,Forecast,150.0,2,153,153,2.55,0,2,200,50.0,75.0,0.03333333333333333,0
374,Forecast,168.0,3,150,150,2.5,0,3,300,50.0,75.0,0.05,0
375,Forecast,142.0,2,168,168,2.8,0,2,200,50.0,75.0,0.03333333333333333,0
376,Forecast,124.0,2,142,142,2.3666666666666667,0,2,200,50.0,75.0,0.03333333333333333,0
377,Forecast,160.0,2,124,124,2.066666666666667,0,2,200,50.0,75.0,0.03333333333333333,0
378,Forecast,140.0,2,160,160,2.6666666666666665,0,2,200,50.0,75.0,0.03333333333333333,0
379,Forecast,145.0,2,140,140,2.3333333333333335,0,2,200,50.0,75.0,0.03333333333333333,0
380,Forecast,157.0,2,145,145,2.4166666666666665,0,2,200,50.0,75.0,0.03333333333333333,0
381,Forecast,128.0,2,157,157,2.6166666666666667,0,2,200,50.0,75.0,0.03333333333333333,0
382,Forecast,132.0,2,128,128,2.1333333333333333,0,2,200,50.0,75.0,0.03333333333333333,0
383,Forecast,128.0,2,132,132,2.2,0,2,200,50.0,75.0,0.03333333333333333,0
384,Forecast,136.0,2,128,128,2.1333333333333333,0,2,200,50.0,75.0,0.03333333333333333,0
385,Forecast,149.0,2,136,136,2.2666666666666666,0,2,200,50.0,75.0,0.03333333333333333,0
386,Forecast,149.0,2,149,149,2.4833333333333334,0,2,200,50.0,75.0,0.03333333333333333,0
387,Forecast,147.0,2,149,149,2.4833333333333334,0,2,200,50.0,75.0,0.03333333333333333,0
388,Forecast,130.0,2,147,147,2.45,0,2,200,50.0,75.0,0.03333333333333333,0
389,Forecast,121.0,2,130,130,2.1666666666666665,0,2,200,50.0,75.0,0.03333333333333333,0
390,Forecast,145.0,2,121,121,2.0166666666666666,0,2,200,50.0,75.0,0.03333333333333333,0
391,Forecast,139.0,2,145,145,2.4166666666666665,0,2,200,50.0,75.0,0.03333333333333333,0
392,Forecast,149.0,2,139,139,2.316666666666667,0,2,200,50.0,75.0,0.03333333333333333,0
393,Forecast,151.0,2,149,149,2.4833333333333334,0,2,200,50.0,75.0,0.03333333333333333,0
394,Forecast,145.0,2,151,151,2.5166666666666666,0,2,200,50.0,75.0,0.03333333333333333,0
395,Forecast,152.0,2,145,145,2.4166666666666665,0,2,200,50.0,75.0,0.03333333333333333,0
396,Forecast,146.0,2,152,152,2.533333333333333,0,2,200,50.0,75.0,0.03333333333333333,0
397,Forecast,149.0,2,146,146,2.433333333333333,0,2,200,50.0,75.0,0.03333333333333333,0
398,Forecast,137.0,2,149,149,2.4833333333333334,0,2,200,50.0,75.0,0.03333333333333333,0
399,Forecast,142.0,2,137,137,2.283333333333333,0,2,200,50.0,75.0,0.03333333333333333,0
400,Forecast,146.0,2,142,142,2.3666666666666667,0,2,200,50.0,75.0,0.03333333333333333,0
401,Forecast,152.0,2,146,146,2.433333333333333,0,2,200,50.0,75.0,0.03333333333333333,0
402,Forecast,140.0,2,152,152,2.533333333333333,0,2,200,50.0,75.0,0.03333333333333333,0
403,Forecast,149.0,2,140,140,2.3333333333333335,0,2,200,50.0,75.0,0.03333333333333333,0
404,Forecast,141.0,2,149,149,2.4833333333333334,0,2,200,50.0,75.0,0.03333333333333333,0
405,Forecast,142.0,2,141,141,2.35,0,2,200,50.0,75.0,0.03333333333333333,0
406,Forecast,152.0,2,142,142,2.3666666666666667,0,2,200,50.0,75.0,0.03333333333333333,0
407,Forecast,124.0,2,152,152,2.533333333333333,0,2,200,50.0,75.0,0.03333333333333333,0
408,Forecast,131.0,2,124,124,2.066666666666667,0,2,200,50.0,75.0,0.03333333333333333,0
409,Forecast,129.0,2,131,131,2.183333333333333,0,2,200,50.0,75.0,0.03333333333333333,0
410,Forecast,120.0,2,129,129,2.15,0,2,200,50.0,75.0,0.03333333333333333,0
411,Forecast,137.0,2,120,120,2.0,0,2,200,50.0,75.0,0.03333333333333333,0
412,Forecast,151.0,2,137,137,2.283333333333333,0,2,200,50.0,75.0,0.03333333333333333,0
413,Forecast,140.0,2,151,151,2.5166666666666666,0,2,200,50.0,75.0,0.03333333333333333,0
414,Forecast,145.0,2,140,140,2.3333333333333335,0,2,200,50.0,75.0,0.03333333333333333,0
415,Forecast,154.0,2,145,145,2.4166666666666665,0,2,200,50.0,75.0,0.03333333333333333,0
416,Forecast,156.0,2,154,154,2.566666666666667,0,2,200,50.0,75.0,0.03333333333333333,0
417,Forecast,142.0,2,156,156,2.6,0,2,200,50.0,75.0,0.03333333333333333,0
418,Forecast,157.0,2,142,142,2.3666666666666667,0,2,200,50.0,75.0,0.03333333333333333,0
419,Forecast,143.0,2,157,157,2.6166666666666667,0,2,200,50.0,75.0,0.03333333333333333,0
420,Forecast,134.0,2,143,143,2.3833333333333333,0,2,200,50.0,75.0,0.03333333333333333,0
421,Forecast,136.0,2,134,134,2.2333333333333334,0,2,200,50.0,75.0,0.03333333333333333,0
422,Forecast,127.0,2,136,136,2.2666666666666666,0,2,200,50.0,75.0,0.03333333333333333,0
423,Forecast,133.0,2,127,127,2.1166666666666667,0,2,200,50.0,75.0,0.03333333333333333,0
424,Forecast,139.0,2,133,133,2.216666666666667,0,2,200,50.0,75.0,0.03333333333333333,0
425,Forecast,150.0,2,139,139,2.316666666666667,0,2,200,50.0,75.0,0.03333333333333333,0
426,Forecast,159.0,2,150,150,2.5,0,2,200,50.0,75.0,0.03333333333333333,0
427,Forecast,128.0,2,159,159,2.65,0,2,200,50.0,75.0,0.03333333333333333,0
428,Forecast,146.0,2,128,128,2.1333333333333333,0,2,200,50.0,75.0,0.03333333333333333,0
429,Forecast,131.0,2,146,146,2.433333333333333,0,2,200,50.0,75.0,0.03333333333333333,0
430,Forecast,147.0,2,131,131,2.183333333333333,0,2,200,50.0,75.0,0.03333333333333333,0
431,Forecast,140.0,2,147,147,2.45,0,2,200,50.0,75.0,0.03333333333333333,0
432,Forecast,123.0,2,140,140,2.3333333333333335,0,2,200,50.0,75.0,0.03333333333333333,0
433,Forecast,151.0,2,123,123,2.05,0,2,200,50.0,75.0,0.03333333333333333,0
434,Forecast,136.0,2,151,151,2.5166666666666666,0,2,200,50.0,75.0,0.03333333333333333,0
435,Forecast,136.0,2,136,136,2.2666666666666666,0,2,200,50.0,75.0,0.03333333333333333,0
436,Forecast,131.0,2,136,136,2.2666666666666666,0,2,200,50.0,75.0,0.03333333333333333,0
437,Forecast,135.0,2,131,131,2.183333333333333,0,2,200,50.0,75.0,0.03333333333333333,0
438,Forecast,146.0,2,135,135,2.25,0,2,200,50.0,75.0,0.03333333333333333,0
439,Forecast,139.0,2,146,146,2.433333333333333,0,2,200,50.0,75.0,0.03333333333333333,0
440,Forecast,145.0,2,139,139,2.316666666666667,0,2,200,50.0,75.0,0.03333333333333333,0
441,Forecast,145.0,2,145,145,2.4166666666666665,0,2,200,50.0,75.0,0.03333333333333333,0
442,Forecast,154.0,2,145,145,2.4166666666666665,0,2,200,50.0,75.0,0.03333333333333333,0
443,Forecast,138.0,2,154,154,2.566666666666667,0,2,200,50.0,75.0,0.03333333333333333,0
444,Forecast,126.0,2,138,138,2.3,0,2,200,50.0,75.0,0.03333333333333333,0
445,Forecast,152.0,2,126,126,2.1,0,2,200,50.0,75.0,0.03333333333333333,0
446,Forecast,138.0,2,152,152,2.533333333333333,0,2,200,50.0,75.0,0.03333333333333333,0
447,Forecast,152.0,2,138,138,2.3,0,2,200,50.0,75.0,0.03333333333333333,0
448,Forecast,145.0,2,152,152,2.533333333333333,0,2,200,50.0,75.0,0.03333333333333333,0
449,Forecast,139.0,2,145,145,2.4166666666666665,0,2,200,50.0,75.0,0.03333333333333333,0
450,Forecast,144.0,2,139,139,2.316666666666667,0,2,200,50.0,75.0,0.03333333333333333,0
451,Forecast,160.0,2,144,144,2.4,0,2,200,50.0,75.0,0.03333333333333333,0
452,Forecast,161.0,3,160,160,2.6666666666666665,0,3,300,50.0,75.0,0.05,0
453,Forecast,141.0,2,161,161,2.683333333333333,0,2,200,50.0,75.0,0.03333333333333333,0
454,Forecast,142.0,2,141,141,2.35,0,2,200,50.0,75.0,0.03333333333333333,0
455,Forecast,151.0,2,142,142,2.3666666666666667,0,2,200,50.0,75.0,0.03333333333333333,0
456,Forecast,132.0,2,151,151,2.5166666666666666,0,2,200,50.0,75.0,0.03333333333333333,0
457,Forecast,143.0,2,132,132,2.2,0,2,200,50.0,75.0,0.03333333333333333,0
458,Forecast,140.0,2,143,143,2.3833333333333333,0,2,200,50.0,75.0,0.03333333333333333,0
459,Forecast,143.0,2,140,140,2.3333333333333335,0,2,200,50.0,75.0,0.03333333333333333,0
460,Forecast,132.0,2,143,143,2.3833333333333333,0,2,200,50.0,75.0,0.03333333333333333,0
461,Forecast,124.0,2,132,132,2.2,0,2,200,50.0,75.0,0.03333333333333333,0
462,Forecast,119.0,2,124,124,2.066666666666667,0,2,200,50.0,75.0,0.03333333333333333,0
463,Forecast,128.0,2,119,119,1.9833333333333334,0,2,200,50.0,75.0,0.03333333333333333,0
464,Forecast,135.0,2,128,128,2.1333333333333333,0,2,200,50.0,75.0,0.03333333333333333,0
465,Forecast,137.0,2,135,135,2.25,0,2,200,50.0,75.0,0.03333333333333333,0
466,Forecast,159.0,2,137,137,2.283333333333333,0,2,200,50.0,75.0,0.03333333333333333,0
467,Forecast,150.0,2,159,159,2.65,0,2,200,50.0,75.0,0.03333333333333333,0
468,Forecast,130.0,2,150,150,2.5,0,2,200,50.0,75.0,0.03333333333333333,0
469,Forecast,143.0,2,130,130,2.1666666666666665,0,2,200,50.0,75.0,0.03333333333333333,0
470,Forecast,135.0,2,143,143,2.3833333333333333,0,2,200,50.0,75.0,0.03333333333333333,0
471,Forecast,136.0,2,135,135,2.25,0,2,200,50.0,75.0,0.03333333333333333,0
472,Forecast,141.0,2,136,136,2.2666666666666666,0,2,200,50.0,75.0,0.03333333333333333,0
473,Forecast,145.0,2,141,141,2.35,0,2,200,50.0,75.0,0.03333333333333333,0
474,Forecast,135.0,2,145,145,2.4166666666666665,0,2,200,50.0,75.0,0.03333333333333333,0
475,Forecast,149.0,2,135,135,2.25,0,2,200,50.0,75.0,0.03333333333333333,0
476,Forecast,127.0,2,149,149,2.4833333333333334,0,2,200,50.0,75.0,0.03333333333333333,0
477,Forecast,139.0,2,127,127,2.1166666666666667,0,2,200,50.0,75.0,0.03333333333333333,0
478,Forecast,164.0,3,139,139,2.316666666666667,0,3,300,50.0,75.0,0.05,0
479,Forecast,140.0,2,164,164,2.7333333333333334,0,2,200,50.0,75.0,0.03333333333333333,0
480,Forecast,152.0,2,140,140,2.3333333333333335,0,2,200,50.0,75.0,0.03333333333333333,0
481,Forecast,138.0,2,152,152,2.533333333333333,0,2,200,50.0,75.0,0.03333333333333333,0
482,Forecast,143.0,2,138,138,2.3,0,2,200,50.0,75.0,0.03333333333333333,0
483,Forecast,137.0,2,143,143,2.3833333333333333,0,2,200,50.0,75.0,0.03333333333333333,0
484,Forecast,135.0,2,137,137,2.283333333333333,0,2,200,50.0,75.0,0.03333333333333333,0
485,Forecast,129.0,2,135,135,2.25,0,2,200,50.0,75.0,0.03333333333333333,0
486,Forecast,141.0,2,129,129,2.15,0,2,200,50.0,75.0,0.03333333333333333,0
487,Forecast,128.0,2,141,141,2.35,0,2,200,50.0,75.0,0.03333333333333333,0
488,Forecast,143.0,2,128,128,2.1333333333333333,0,2,200,50.0,75.0,0.03333333333333333,0
489,Forecast,148.0,2,143,143,2.3833333333333333,0,2,200,50.0,75.0,0.03333333333333333,0
490,Forecast,140.0,2,148,148,2.466666666666667,0,2,200,50.0,75.0,0.03333333333333333,0
491,Forecast,134.0,2,140,140,2.3333333333333335,0,2,200,50.0,75.0,0.03333333333333333,0
492,Forecast,141.0,2,134,134,2.2333333333333334,0,2,200,50.0,75.0,0.03333333333333333,0
493,Forecast,133.0,2,141,141,2.35,0,2,200,50.0,75.0,0.03333333333333333,0
494,Forecast,146.0,2,133,133,2.216666666666667,0,2,200,50.0,75.0,0.03333333333333333,0
495,Forecast,118.0,2,146,146,2.433333333333333,0,2,200,50.0,75.0,0.03333333333333333,0
496,Forecast,133.0,2,118,118,1.9666666666666666,0,2,200,50.0,75.0,0.03333333333333333,0
497,Forecast,116.0,2,133,133,2.216666666666667,0,2,200,50.0,75.0,0.03333333333333333,0
498,Forecast,121.0,2,116,116,1.9333333333333333,0,2,200,50.0,75.0,0.03333333333333333,0
499,Forecast,149.0,2,121,121,2.0166666666666666,0,2,200,50.0,75.0,0.03333333333333333,0
500,Forecast,145.0,2,149,149,2.4833333333333334,0,2,200,50.0,75.0,0.03333333333333333,0
501,Forecast,128.0,2,145,145,2.4166666666666665,0,2,200,50.0,75.0,0.03333333333333333,0
502,Forecast,120.0,2,128,128,2.1333333333333333,0,2,200,50.0,75.0,0.03333333333333333,0
503,Forecast,106.0,2,120,120,2.0,0,2,200,50.0,75.0,0.03333333333333333,0
504,Forecast,130.0,2,106,106,1.7666666666666666,0,2,200,50.0,75.0,0.03333333333333333,0
505,Forecast,159.0,2,130,130,2.1666666666666665,0,2,200,50.0,75.0,0.03333333333333333,0
506,Forecast,139.0,2,159,159,2.65,0,2,200,50.0,75.0,0.03333333333333333,0
507,Forecast,129.0,2,139,139,2.316666666666667,0,2,200,50.0,75.0,0.03333333333333333,0
508,Forecast,139.0,2,129,129,2.15,0,2,200,50.0,75.0,0.03333333333333333,0
509,Forecast,119.0,2,139,139,2.316666666666667,0,2,200,50.0,75.0,0.03333333333333333,0
510,Forecast,132.0,2,119,119,1.9833333333333334,0,2,200,50.0,75.0,0.03333333333333333,0
511,Forecast,135.0,2,132,132,2.2,0,2,200,50.0,75.0,0.03333333333333333,0
512,Forecast,134.0,2,135,135,2.25,0,2,200,50.0,75.0,0.03333333333333333,0
513,Forecast,142.0,2,134,134,2.2333333333333334,0,2,200,50.0,75.0,0.03333333333333333,0
514,Forecast,138.0,2,142,142,2.3666666666666667,0,2,200,50.0,75.0,0.03333333333333333,0
515,Forecast,141.0,2,138,138,2.3,0,2,200,50.0,75.0,0.03333333333333333,0
516,Forecast,127.0,2,141,141,2.35,0,2,200,50.0,75.0,0.03333333333333333,0
517,Forecast,143.0,2,127,127,2.1166666666666667,0,2,200,50.0,75.0,0.03333333333333333,0
518,Forecast,150.0,2,143,143,2.3833333333333333,0,2,200,50.0,75.0,0.03333333333333333,0
519,Forecast,124.0,2,150,150,2.5,0,2,200,50.0,75.0,0.03333333333333333,0
520,Forecast,125.0,2,124,124,2.066666666666667,0,2,200,50.0,75.0,0.03333333333333333,0
521,Forecast,147.0,2,125,125,2.0833333333333335,0,2,200,50.0,75.0,0.03333333333333333,0
522,Forecast,131.0,2,147,147,2.45,0,2,200,50.0,75.0,0.03333333333333333,0
523,Forecast,147.0,2,131,131,2.183333333333333,0,2,200,50.0,75.0,0.03333333333333333,0
524,Forecast,129.0,2,147,147,2.45,0,2,200,50.0,75.0,0.03333333333333333,0
525,Forecast,147.0,2,129,129,2.15,0,2,200,50.0,75.0,0.03333333333333333,0
526,Forecast,134.0,2,147,147,2.45,0,2,200,50.0,75.0,0.03333333333333333,0
527,Forecast,135.0,2,134,134,2.2333333333333334,0,2,200,50.0,75.0,0.03333333333333333,0
528,Forecast,148.0,2,135,135,2.25,0,2,200,50.0,75.0,0.03333333333333333,0
529,Forecast,129.0,2,148,148,2.466666666666667,0,2,200,50.0,75.0,0.03333333333333333,0
530,Forecast,123.0,2,129,129,2.15,0,2,200,50.0,75.0,0.03333333333333333,0
531,Forecast,128.0,2,123,123,2.05,0,2,200,50.0,75.0,0.03333333333333333,0
532,Forecast,137.0,2,128,128,2.1333333333333333,0,2,200,50.0,75.0,0.03333333333333333,0
533,Forecast,116.0,2,137,137,2.283333333333333,0,2,200,50.0,75.0,0.03333333333333333,0
534,Forecast,138.0,2,116,116,1.9333333333333333,0,2,200,50.0,75.0,0.03333333333333333,0
535,Forecast,126.0,2,138,138,2.3,0,2,200,50.0,75.0,0.03333333333333333,0
536,Forecast,143.0,2,126,126,2.1,0,2,200,50.0,75.0,0.03333333333333333,0
537,Forecast,108.0,2,143,143,2.3833333333333333,0,2,200,50.0,75.0,0.03333333333333333,0
538,Forecast,124.0,2,108,108,1.8,0,2,200,50.0,75.0,0.03333333333333333,0
539,Forecast,114.0,2,124,124,2.066666666666667,0,2,200,50.0,75.0,0.03333333333333333,0
540,Forecast,122.0,2,114,114,1.9,0,2,200,50.0,75.0,0.03333333333333333,0
541,Forecast,133.0,2,122,122,2.033333333333333,0,2,200,50.0,75.0,0.03333333333333333,0
542,Forecast,128.0,2,133,133,2.216666666666667,0,2,200,50.0,75.0,0.03333333333333333,0
543,Forecast,127.0,2,128,128,2.1333333333333333,0,2,200,50.0,75.0,0.03333333333333333,0
544,Forecast,128.0,2,127,127,2.1166666666666667,0,2,200,50.0,75.0,0.03333333333333333,0
545,Forecast,132.0,2,128,128,2.1333333333333333,0,2,200,50.0,75.0,0.03333333333333333,0
546,Forecast,120.0,2,132,132,2.2,0,2,200,50.0,75.0,0.03333333333333333,0
547,Forecast,137.0,2,120,120,2.0,0,2,200,50.0,75.0,0.03333333333333333,0
548,Forecast,136.0,2,137,137,2.283333333333333,0,2,200,50.0,75.0,0.03333333333333333,0
549,Forecast,133.0,2,136,136,2.2666666666666666,0,2,200,50.0,75.0,0.03333333333333333,0
550,Forecast,135.0,2,133,133,2.216666666666667,0,2,200,50.0,75.0,0.03333333333333333,0
551,Forecast,132.0,2,135,135,2.25,0,2,200,50.0,75.0,0.03333333333333333,0
552,Forecast,149.0,2,132,132,2.2,0,2,200,50.0,75.0,0.03333333333333333,0
553,Forecast,128.0,2,149,149,2.4833333333333334,0,2,200,50.0,75.0,0.03333333333333333,0
554,Forecast,126.0,2,128,128,2.1333333333333333,0,2,200,50.0,75.0,0.03333333333333333,0
555,Forecast,121.0,2,126,126,2.1,0,2,200,50.0,75.0,0.03333333333333333,0
556,Forecast,118.0,2,121,121,2.0166666666666666,0,2,200,50.0,75.0,0.03333333333333333,0
557,Forecast,116.0,2,118,118,1.9666666666666666,0,2,200,50.0,75.0,0.03333333333333333,0
558,Forecast,119.0,2,116,116,1.9333333333333333,0,2,200,50.0,75.0,0.03333333333333333,0
559,Forecast,127.0,2,119,119,1.9833333333333334,0,2,200,50.0,75.0,0.03333333333333333,0
560,Forecast,131.0,2,127,127,2.1166666666666667,0,2,200,50.0,75.0,0.03333333333333333,0
561,Forecast,128.0,2,131,131,2.183333333333333,0,2,200,50.0,75.0,0.03333333333333333,0
562,Forecast,120.0,2,128,128,2.1333333333333333,0,2,200,50.0,75.0,0.03333333333333333,0
563,Forecast,136.0,2,120,120,2.0,0,2,200,50.0,75.0,0.03333333333333333,0
564,Forecast,135.0,2,136,136,2.2666666666666666,0,2,200,50.0,75.0,0.03333333333333333,0
565,Forecast,126.0,2,135,135,2.25,0,2,200,50.0,75.0,0.03333333333333333,0
566,Forecast,120.0,2,126,126,2.1,0,2,200,50.0,75.0,0.03333333333333333,0
567,Forecast,132.0,2,120,120,2.0,0,2,200,50.0,75.0,0.03333333333333333,0
568,Forecast,129.0,2,132,132,2.2,0,2,200,50.0,75.0,0.03333333333333333,0
569,Forecast,112.0,2,129,129,2.15,0,2,200,50.0,75.0,0.03333333333333333,0
570,Forecast,126.0,2,112,112,1.8666666666666667,0,2,200,50.0,75.0,0.03333333333333333,0
571,Forecast,129.0,2,126,126,2.1,0,2,200,50.0,75.0,0.03333333333333333,0
572,Forecast,117.0,2,129,129,2.15,0,2,200,50.0,75.0,0.03333333333333333,0
573,Forecast,128.0,2,117,117,1.95,0,2,200,50.0,75.0,0.03333333333333333,0
574,Forecast,111.0,2,128,128,2.1333333333333333,0,2,200,50.0,75.0,0.03333333333333333,0
575,Forecast,139.0,2,111,111,1.85,0,2,200,50.0,75.0,0.03333333333333333,0
576,Forecast,138.0,2,139,139,2.316666666666667,0,2,200,50.0,75.0,0.03333333333333333,0
577,Forecast,123.0,2,138,138,2.3,0,2,200,50.0,75.0,0.03333333333333333,0
578,Forecast,129.0,2,123,123,2.05,0,2,200,50.0,75.0,0.03333333333333333,0
579,Forecast,101.0,2,129,129,2.15,0,2,200,50.0,75.0,0.03333333333333333,0
580,Forecast,113.0,2,101,101,1.6833333333333333,0,2,200,50.0,75.0,0.03333333333333333,0
581,Forecast,122.0,2,113,113,1.8833333333333333,0,2,200,50.0,75.0,0.03333333333333333,0
582,Forecast,114.0,2,122,122,2.033333333333333,0,2,200,50.0,75.0,0.03333333333333333,0
583,Forecast,132.0,2,114,114,1.9,0,2,200,50.0,75.0,0.03333333333333333,0
584,Forecast,144.0,2,132,132,2.2,0,2,200,50.0,75.0,0.03333333333333333,0
585,Forecast,113.0,2,144,144,2.4,0,2,200,50.0,75.0,0.03333333333333333,0
586,Forecast,116.0,2,113,113,1.8833333333333333,0,2,200,50.0,75.0,0.03333333333333333,0
587,Forecast,126.0,2,116,116,1.9333333333333333,0,2,200,50.0,75.0,0.03333333333333333,0
588,Forecast,140.0,2,126,126,2.1,0,2,200,50.0,75.0,0.03333333333333333,0
589,Forecast,112.0,2,140,140,2.3333333333333335,0,2,200,50.0,75.0,0.03333333333333333,0
590,Forecast,126.0,2,112,112,1.8666666666666667,0,2,200,50.0,75.0,0.03333333333333333,0
591,Forecast,142.0,2,126,126,2.1,0,2,200,50.0,75.0,0.03333333333333333,0
592,Forecast,107.0,2,142,142,2.3666666666666667,0,2,200,50.0,75.0,0.03333333333333333,0
593,Forecast,110.0,2,107,107,1.7833333333333334,0,2,200,50.0,75.0,0.03333333333333333,0
594,Forecast,119.0,2,110,110,1.8333333333333333,0,2,200,50.0,75.0,0.03333333333333333,0
595,Forecast,118.0,2,119,119,1.9833333333333334,0,2,200,50.0,75.0,0.03333333333333333,0
596,Forecast,131.0,2,118,118,1.9666666666666666,0,2,200,50.0,75.0,0.03333333333333333,0
597,Forecast,125.0,2,131,131,2.183333333333333,0,2,200,50.0,75.0,0.03333333333333333,0
598,Forecast,105.0,2,125,125,2.0833333333333335,0,2,200,50.0,75.0,0.03333333333333333,0
599,Forecast,127.0,2,105,105,1.75,0,2,200,50.0,75.0,0.03333333333333333,0
600,Forecast,116.0,2,127,127,2.1166666666666667,0,2,200,50.0,75.0,0.03333333333333333,0
601,Forecast,134.0,2,116,116,1.9333333333333333,0,2,200,50.0,75.0,0.03333333333333333,0
602,Forecast,115.0,2,134,134,2.2333333333333334,0,2,200,50.0,75.0,0.03333333333333333,0
603,Forecast,115.0,2,115,115,1.9166666666666667,0,2,200,50.0,75.0,0.03333333333333333,0
604,Forecast,126.0,2,115,115,1.9166666666666667,0,2,200,50.0,75.0,0.03333333333333333,0
605,Forecast,128.0,2,126,126,2.1,0,2,200,50.0,75.0,0.03333333333333333,0
606,Forecast,125.0,2,128,128,2.1333333333333333,0,2,200,50.0,75.0,0.03333333333333333,0
607,Forecast,103.0,2,125,125,2.0833333333333335,0,2,200,50.0,75.0,0.03333333333333333,0
608,Forecast,125.0,2,103,103,1.7166666666666666,0,2,200,50.0,75.0,0.03333333333333333,0
609,Forecast,110.0,2,125,125,2.0833333333333335,0,2,200,50.0,75.0,0.03333333333333333,0
610,Forecast,122.0,2,110,110,1.8333333333333333,0,2,200,50.0,75.0,0.03333333333333333,0
611,Forecast,105.0,2,122,122,2.033333333333333,0,2,200,50.0,75.0,0.03333333333333333,0
612,Forecast,124.0,2,105,105,1.75,0,2,200,50.0,75.0,0.03333333333333333,0
613,Forecast,111.0,2,124,124,2.066666666666667,0,2,200,50.0,75.0,0.03333333333333333,0
614,Forecast,106.0,2,111,111,1.85,0,2,200,50.0,75.0,0.03333333333333333,0
615,Forecast,126.0,2,106,106,1.7666666666666666,0,2,200,50.0,75.0,0.03333333333333333,0
616,Forecast,121.0,2,126,126,2.1,0,2,200,50.0,75.0,0.03333333333333333,0
617,Forecast,113.0,2,121,121,2.0166666666666666,0,2,200,50.0,75.0,0.03333333333333333,0
618,Forecast,133.0,2,113,113,1.8833333333333333,0,2,200,50.0,75.0,0.03333333333333333,0
619,Forecast,114.0,2,133,133,2.216666666666667,0,2,200,50.0,75.0,0.03333333333333333,0
620,Forecast,119.0,2,114,114,1.9,0,2,200,50.0,75.0,0.03333333333333333,0
621,Forecast,121.0,2,119,119,1.9833333333333334,0,2,200,50.0,75.0,0.03333333333333333,0
622,Forecast,112.0,2,121,121,2.0166666666666666,0,2,200,50.0,75.0,0.03333333333333333,0
623,Forecast,122.0,2,112,112,1.8666666666666667,0,2,200,50.0,75.0,0.03333333333333333,0
624,Forecast,112.0,2,122,122,2.033333333333333,0,2,200,50.0,75.0,0.03333333333333333,0
625,Forecast,113.0,2,112,112,1.8666666666666667,0,2,200,50.0,75.0,0.03333333333333333,0
626,Forecast,131.0,2,113,113,1.8833333333333333,0,2,200,50.0,75.0,0.03333333333333333,0
627,Forecast,107.0,2,131,131,2.183333333333333,0,2,200,50.0,75.0,0.03333333333333333,0
628,Forecast,93.0,2,107,107,1.7833333333333334,0,2,200,50.0,75.0,0.03333333333333333,0
629,Forecast,133.0,2,93,93,1.55,0,2,200,50.0,75.0,0.03333333333333333,0
630,Forecast,142.0,2,133,133,2.216666666666667,0,2,200,50.0,75.0,0.03333333333333333,0
631,Forecast,112.0,2,142,142,2.3666666666666667,0,2,200,50.0,75.0,0.03333333333333333,0
632,Forecast,97.0,2,112,112,1.8666666666666667,0,2,200,50.0,75.0,0.03333333333333333,0
633,Forecast,113.0,2,97,97,1.6166666666666667,0,2,200,50.0,75.0,0.03333333333333333,0
634,Forecast,113.0,2,113,113,1.8833333333333333,0,2,200,50.0,75.0,0.03333333333333333,0
635,Forecast,114.0,2,113,113,1.8833333333333333,0,2,200,50.0,75.0,0.03333333333333333,0
636,Forecast,105.0,2,114,114,1.9,0,2,200,50.0,75.0,0.03333333333333333,0
637,Forecast,121.0,2,105,105,1.75,0,2,200,50.0,75.0,0.03333333333333333,0
638,Forecast,121.0,2,121,121,2.0166666666666666,0,2,200,50.0,75.0,0.03333333333333333,0
639,Forecast,100.0,2,121,121,2.0166666666666666,0,2,200,50.0,75.0,0.03333333333333333,0
640,Forecast,122.0,2,100,100,1.6666666666666667,0,2,200,50.0,75.0,0.03333333333333333,0
641,Forecast,135.0,2,122,122,2.033333333333333,0,2,200,50.0,75.0,0.03333333333333333,0
642,Forecast,116.0,2,135,135,2.25,0,2,200,50.0,75.0,0.03333333333333333,0
643,Forecast,111.0,2,116,116,1.9333333333333333,0,2,200,50.0,75.0,0.03333333333333333,0
644,Forecast,113.0,2,111,111,1.85,0,2,200,50.0,75.0,0.03333333333333333,0
645,Forecast,120.0,2,113,113,1.8833333333333333,0,2,200,50.0,75.0,0.03333333333333333,0
646,Forecast,97.0,2,120,120,2.0,0,2,200,50.0,75.0,0.03333333333333333,0
647,Forecast,115.0,2,97,97,1.6166666666666667,0,2,200,50.0,75.0,0.03333333333333333,0
648,Forecast,110.0,2,115,115,1.9166666666666667,0,2,200,50.0,75.0,0.03333333333333333,0
649,Forecast,132.0,2,110,110,1.8333333333333333,0,2,200,50.0,75.0,0.03333333333333333,0
650,Forecast,112.0,2,132,132,2.2,0,2,200,50.0,75.0,0.03333333333333333,0
651,Forecast,130.0,2,112,112,1.8666666666666667,0,2,200,50.0,75.0,0.03333333333333333,0
652,Forecast,102.0,2,130,130,2.1666666666666665,0,2,200,50.0,75.0,0.03333333333333333,0
653,Forecast,119.0,2,102,102,1.7,0,2,200,50.0,75.0,0.03333333333333333,0
654,Forecast,116.0,2,119,119,1.9833333333333334,0,2,200,50.0,75.0,0.03333333333333333,0
655,Forecast,104.0,2,116,116,1.9333333333333333,0,2,200,50.0,75.0,0.03333333333333333,0
656,Forecast,114.0,2,104,104,1.7333333333333334,0,2,200,50.0,75.0,0.03333333333333333,0
657,Forecast,124.0,2,114,114,1.9,0,2,200,50.0,75.0,0.03333333333333333,0
658,Forecast,109.0,2,124,124,2.066666666666667,0,2,200,50.0,75.0,0.03333333333333333,0
659,Forecast,94.0,2,109,109,1.8166666666666667,0,2,200,50.0,75.0,0.03333333333333333,0
660,Forecast,111.0,2,94,94,1.5666666666666667,0,2,200,50.0,75.0,0.03333333333333333,0
661,Forecast,102.0,2,111,111,1.85,0,2,200,50.0,75.0,0.03333333333333333,0
662,Forecast,107.0,2,102,102,1.7,0,2,200,50.0,75.0,0.03333333333333333,0
663,Forecast,110.0,2,107,107,1.7833333333333334,0,2,200,50.0,75.0,0.03333333333333333,0
664,Forecast,93.0,2,110,110,1.8333333333333333,0,2,200,50.0,75.0,0.03333333333333333,0
665,Forecast,94.0,2,93,93,1.55,0,2,200,50.0,75.0,0.03333333333333333,0
666,Forecast,115.0,2,94,94,1.5666666666666667,0,2,200,50.0,75.0,0.03333333333333333,0
667,Forecast,105.0,2,115,115,1.9166666666666667,0,2,200,50.0,75.0,0.03333333333333333,0
668,Forecast,84.0,2,105,105,1.75,0,2,200,50.0,75.0,0.03333333333333333,0
669,Forecast,117.0,2,84,84,1.4,0,2,200,50.0,75.0,0.03333333333333333,0
670,Forecast,112.0,2,117,117,1.95,0,2,200,50.0,75.0,0.03333333333333333,0
671,Forecast,102.0,2,112,112,1.8666666666666667,0,2,200,50.0,75.0,0.03333333333333333,0
672,Forecast,96.0,2,102,102,1.7,0,2,200,50.0,75.0,0.03333333333333333,0
673,Forecast,117.0,2,96,96,1.6,0,2,200,50.0,75.0,0.03333333333333333,0
674,Forecast,112.0,2,117,117,1.95,0,2,200,50.0,75.0,0.03333333333333333,0
675,Forecast,132.0,2,112,112,1.8666666666666667,0,2,200,50.0,75.0,0.03333333333333333,0
676,Forecast,112.0,2,132,132,2.2,0,2,200,50.0,75.0,0.03333333333333333,0
677,Forecast,112.0,2,112,112,1.8666666666666667,0,2,200,50.0,75.0,0.03333333333333333,0
678,Forecast,106.0,2,112,112,1.8666666666666667,0,2,200,50.0,75.0,0.03333333333333333,0
679,Forecast,116.0,2,106,106,1.7666666666666666,0,2,200,50.0,75.0,0.03333333333333333,0
680,Forecast,114.0,2,116,116,1.9333333333333333,0,2,200,50.0,75.0,0.03333333333333333,0
681,Forecast,120.0,2,114,114,1.9,0,2,200,50.0,75.0,0.03333333333333333,0
682,Forecast,102.0,2,120,120,2.0,0,2,200,50.0,75.0,0.03333333333333333,0
683,Forecast,103.0,2,102,102,1.7,0,2,200,50.0,75.0,0.03333333333333333,0
684,Forecast,102.0,2,103,103,1.7166666666666666,0,2,200,50.0,75.0,0.03333333333333333,0
685,Forecast,115.0,2,102,102,1.7,0,2,200,50.0,75.0,0.03333333333333333,0
686,Forecast,121.0,2,115,115,1.9166666666666667,0,2,200,50.0,75.0,0.03333333333333333,0
687,Forecast,102.0,2,121,121,2.0166666666666666,0,2,200,50.0,75.0,0.03333333333333333,0
688,Forecast,102.0,2,102,102,1.7,0,2,200,50.0,75.0,0.03333333333333333,0
689,Forecast,109.0,2,102,102,1.7,0,2,200,50.0,75.0,0.03333333333333333,0
690,Forecast,103.0,2,109,109,1.8166666666666667,0,2,200,50.0,75.0,0.03333333333333333,0
691,Forecast,115.0,2,103,103,1.7166666666666666,0,2,200,50.0,75.0,0.03333333333333333,0
692,Forecast,83.0,2,115,115,1.9166666666666667,0,2,200,50.0,75.0,0.03333333333333333,0
693,Forecast,97.0,2,83,83,1.3833333333333333,0,2,200,50.0,75.0,0.03333333333333333,0
694,Forecast,97.0,2,97,97,1.6166666666666667,0,2,200,50.0,75.0,0.03333333333333333,0
695,Forecast,82.0,2,97,97,1.6166666666666667,0,2,200,50.0,75.0,0.03333333333333333,0
696,Forecast,95.0,2,82,82,1.3666666666666667,0,2,200,50.0,75.0,0.03333333333333333,0
697,Forecast,95.0,2,95,95,1.5833333333333333,0,2,200,50.0,75.0,0.03333333333333333,0
698,Forecast,102.0,2,95,95,1.5833333333333333,0,2,200,50.0,75.0,0.03333333333333333,0
699,Forecast,115.0,2,102,102,1.7,0,2,200,50.0,75.0,0.03333333333333333,0
700,Forecast,102.0,2,115,115,1.9166666666666667,0,2,200,50.0,75.0,0.03333333333333333,0
701,Forecast,94.0,2,102,102,1.7,0,2,200,50.0,75.0,0.03333333333333333,0
702,Forecast,103.0,2,94,94,1.5666666666666667,0,2,200,50.0,75.0,0.03333333333333333,0
703,Forecast,114.0,2,103,103,1.7166666666666666,0,2,200,50.0,75.0,0.03333333333333333,0
704,Forecast,94.0,2,114,114,1.9,0,2,200,50.0,75.0,0.03333333333333333,0
705,Forecast,94.0,2,94,94,1.5666666666666667,0,2,200,50.0,75.0,0.03333333333333333,0
706,Forecast,109.0,2,94,94,1.5666666666666667,0,2,200,50.0,75.0,0.03333333333333333,0
707,Forecast,101.0,2,109,109,1.8166666666666667,0,2,200,50.0,75.0,0.03333333333333333,0
708,Forecast,109.0,2,101,101,1.6833333333333333,0,2,200,50.0,75.0,0.03333333333333333,0
709,Forecast,102.0,2,109,109,1.8166666666666667,0,2,200,50.0,75.0,0.03333333333333333,0
710,Forecast,109.0,2,102,102,1.7,0,2,200,50.0,75.0,0.03333333333333333,0
711,Forecast,92.0,2,109,109,1.8166666666666667,0,2,200,50.0,75.0,0.03333333333333333,0
712,Forecast,102.0,2,92,92,1.5333333333333334,0,2,200,50.0,75.0,0.03333333333333333,0
713,Forecast,100.0,2,102,102,1.7,0,2,200,50.0,75.0,0.03333333333333333,0
714,Forecast,89.0,2,100,100,1.6666666666666667,0,2,200,50.0,75.0,0.03333333333333333,0
715,Forecast,86.0,2,89,89,1.4833333333333334,0,2,200,50.0,75.0,0.03333333333333333,0
716,Forecast,108.0,2,86,86,1.4333333333333333,0,2,200,50.0,75.0,0.03333333333333333,0
717,Forecast,98.0,2,108,108,1.8,0,2,200,50.0,75.0,0.03333333333333333,0
718,Forecast,91.0,2,98,98,1.6333333333333333,0,2,200,50.0,75.0,0.03333333333333333,0
719,Forecast,99.0,2,91,91,1.5166666666666666,0,2,200,50.0,75.0,0.03333333333333333,0
720,Forecast,111.0,2,99,99,1.65,0,2,200,50.0,75.0,0.03333333333333333,0
721,Forecast,77.0,1,111,100,1.6666666666666667,11,1,100,72.0,130.0,0.016666666666666666,0
722,Forecast,85.0,2,77,88,1.4666666666666666,0,2,200,50.0,75.0,0.03333333333333333,0
723,Forecast,90.0,2,85,85,1.4166666666666667,0,2,200,50.0,75.0,0.03333333333333333,0
724,Forecast,114.0,2,90,90,1.5,0,2,200,50.0,75.0,0.03333333333333333,0
725,Forecast,102.0,2,114,114,1.9,0,2,200,50.0,75.0,0.03333333333333333,0
726,Forecast,106.0,2,102,102,1.7,0,2,200,50.0,75.0,0.03333333333333333,0
727,Forecast,87.0,2,106,106,1.7666666666666666,0,2,200,50.0,75.0,0.03333333333333333,0
728,Forecast,87.0,2,87,87,1.45,0,2,200,50.0,75.0,0.03333333333333333,0
729,Forecast,103.0,2,87,87,1.45,0,2,200,50.0,75.0,0.03333333333333333,0
730,Forecast,99.0,2,103,103,1.7166666666666666,0,2,200,50.0,75.0,0.03333333333333333,0
731,Forecast,103.0,2,99,99,1.65,0,2,200,50.0,75.0,0.03333333333333333,0
732,Forecast,96.0,2,103,103,1.7166666666666666,0,2,200,50.0,75.0,0.03333333333333333,0
733,Forecast,100.0,2,96,96,1.6,0,2,200,50.0,75.0,0.03333333333333333,0
734,Forecast,99.0,2,100,100,1.6666666666666667,0,2,200,50.0,75.0,0.03333333333333333,0
735,Forecast,105.0,2,99,99,1.65,0,2,200,50.0,75.0,0.03333333333333333,0
736,Forecast,105.0,2,105,105,1.75,0,2,200,50.0,75.0,0.03333333333333333,0
737,Forecast,81.0,2,105,105,1.75,0,2,200,50.0,75.0,0.03333333333333333,0
738,Forecast,74.0,1,81,81,1.35,0,1,100,50.0,75.0,0.016666666666666666,0
739,Forecast,107.0,2,74,74,1.2333333333333334,0,2,200,50.0,75.0,0.03333333333333333,0
740,Forecast,108.0,2,107,107,1.7833333333333334,0,2,200,50.0,75.0,0.03333333333333333,0
741,Forecast,86.0,2,108,108,1.8,0,2,200,50.0,75.0,0.03333333333333333,0
742,Forecast,77.0,1,86,86,1.4333333333333333,0,1,100,50.0,75.0,0.016666666666666666,0
743,Forecast,97.0,2,77,77,1.2833333333333334,0,2,200,50.0,75.0,0.03333333333333333,0
744,Forecast,105.0,2,97,97,1.6166666666666667,0,2,200,50.0,75.0,0.03333333333333333,0
745,Forecast,113.0,2,105,105,1.75,0,2,200,50.0,75.0,0.03333333333333333,0
746,Forecast,100.0,2,113,113,1.8833333333333333,0,2,200,50.0,75.0,0.03333333333333333,0
747,Forecast,91.0,2,100,100,1.6666666666666667,0,2,200,50.0,75.0,0.03333333333333333,0
748,Forecast,86.0,2,91,91,1.5166666666666666,0,2,200,50.0,75.0,0.03333333333333333,0
749,Forecast,95.0,2,86,86,1.4333333333333333,0,2,200,50.0,75.0,0.03333333333333333,0
750,Forecast,92.0,2,95,95,1.5833333333333333,0,2,200,50.0,75.0,0.03333333333333333,0
751,Forecast,84.0,2,92,92,1.5333333333333334,0,2,200,50.0,75.0,0.03333333333333333,0
752,Forecast,115.0,2,84,84,1.4,0,2,200,50.0,75.0,0.03333333333333333,0
753,Forecast,112.0,2,115,115,1.9166666666666667,0,2,200,50.0,75.0,0.03333333333333333,0
754,Forecast,105.0,2,112,112,1.8666666666666667,0,2,200,50.0,75.0,0.03333333333333333,0
755,Forecast,85.0,2,105,105,1.75,0,2,200,50.0,75.0,0.03333333333333333,0
756,Forecast,102.0,2,85,85,1.4166666666666667,0,2,200,50.0,75.0,0.03333333333333333,0
757,Forecast,100.0,2,102,102,1.7,0,2,200,50.0,75.0,0.03333333333333333,0
758,Forecast,98.0,2,100,100,1.6666666666666667,0,2,200,50.0,75.0,0.03333333333333333,0
759,Forecast,106.0,2,98,98,1.6333333333333333,0,2,200,50.0,75.0,0.03333333333333333,0
760,Forecast,99.0,2,106,106,1.7666666666666666,0,2,200,50.0,75.0,0.03333333333333333,0
761,Forecast,100.0,2,99,99,1.65,0,2,200,50.0,75.0,0.03333333333333333,0
762,Forecast,99.0,2,100,100,1.6666666666666667,0,2,200,50.0,75.0,0.03333333333333333,0
763,Forecast,96.0,2,99,99,1.65,0,2,200,50.0,75.0,0.03333333333333333,0
764,Forecast,74.0,1,96,96,1.6,0,1,100,50.0,75.0,0.016666666666666666,0
765,Forecast,93.0,2,74,74,1.2333333333333334,0,2,200,50.0,75.0,0.03333333333333333,0
766,Forecast,86.0,2,93,93,1.55,0,2,200,50.0,75.0,0.03333333333333333,0
767,Forecast,79.0,1,86,86,1.4333333333333333,0,1,100,50.0,75.0,0.016666666666666666,0
768,Forecast,108.0,2,79,79,1.3166666666666667,0,2,200,50.0,75.0,0.03333333333333333,0
769,Forecast,109.0,2,108,108,1.8,0,2,200,50.0,75.0,0.03333333333333333,0
770,Forecast,105.0,2,109,109,1.8166666666666667,0,2,200,50.0,75.0,0.03333333333333333,0
771,Forecast,94.0,2,105,105,1.75,0,2,200,50.0,75.0,0.03333333333333333,0
772,Forecast,104.0,2,94,94,1.5666666666666667,0,2,200,50.0,75.0,0.03333333333333333,0
773,Forecast,91.0,2,104,104,1.7333333333333334,0,2,200,50.0,75.0,0.03333333333333333,0
774,Forecast,93.0,2,91,91,1.5166666666666666,0,2,200,50.0,75.0,0.03333333333333333,0
775,Forecast,79.0,1,93,93,1.55,0,1,100,50.0,75.0,0.016666666666666666,0
776,Forecast,94.0,2,79,79,1.3166666666666667,0,2,200,50.0,75.0,0.03333333333333333,0
777,Forecast,91.0,2,94,94,1.5666666666666667,0,2,200,50.0,75.0,0.03333333333333333,0
778,Forecast,77.0,1,91,91,1.5166666666666666,0,1,100,50.0,75.0,0.016666666666666666,0
779,Forecast,88.0,2,77,77,1.2833333333333334,0,2,200,50.0,75.0,0.03333333333333333,0
780,Forecast,88.0,2,88,88,1.4666666666666666,0,2,200,50.0,75.0,0.03333333333333333,0
781,Forecast,107.0,2,88,88,1.4666666666666666,0,2,200,50.0,75.0,0.03333333333333333,0
782,Forecast,97.0,2,107,107,1.7833333333333334,0,2,200,50.0,75.0,0.03333333333333333,0
783,Forecast,88.0,2,97,97,1.6166666666666667,0,2,200,50.0,75.0,0.03333333333333333,0
784,Forecast,91.0,2,88,88,1.4666666666666666,0,2,200,50.0,75.0,0.03333333333333333,0
785,Forecast,88.0,2,91,91,1.5166666666666666,0,2,200,50.0,75.0,0.03333333333333333,0
786,Forecast,86.0,2,88,88,1.4666666666666666,0,2,200,50.0,75.0,0.03333333333333333,0
787,Forecast,77.0,1,86,86,1.4333333333333333,0,1,100,50.0,75.0,0.016666666666666666,0
788,Forecast,86.0,2,77,77,1.2833333333333334,0,2,200,50.0,75.0,0.03333333333333333,0
789,Forecast,80.0,1,86,86,1.4333333333333333,0,1,100,50.0,75.0,0.016666666666666666,0
790,Forecast,75.0,1,80,80,1.3333333333333333,0,1,100,50.0,75.0,0.016666666666666666,0
791,Forecast,92.0,2,75,75,1.25,0,2,200,50.0,75.0,0.03333333333333333,0
792,Forecast,91.0,2,92,92,1.5333333333333334,0,2,200,50.0,75.0,0.03333333333333333,0
793,Forecast,69.0,1,91,91,1.5166666666666666,0,1,100,50.0,75.0,0.016666666666666666,0
794,Forecast,85.0,2,69,69,1.15,0,2,200,50.0,75.0,0.03333333333333333,0
795,Forecast,96.0,2,85,85,1.4166666666666667,0,2,200,50.0,75.0,0.03333333333333333,0
796,Forecast,97.0,2,96,96,1.6,0,2,200,50.0,75.0,0.03333333333333333,0
797,Forecast,96.0,2,97,97,1.6166666666666667,0,2,200,50.0,75.0,0.03333333333333333,0
798,Forecast,86.0,2,96,96,1.6,0,2,200,50.0,75.0,0.03333333333333333,0
799,Forecast,77.0,1,86,86,1.4333333333333333,0,1,100,50.0,75.0,0.016666666666666666,0
800,Forecast,75.0,1,77,77,1.2833333333333334,0,1,100,50.0,75.0,0.016666666666666666,0
801,Forecast,89.0,2,75,75,1.25,0,2,200,50.0,75.0,0.03333333333333333,0
802,Forecast,89.0,2,89,89,1.4833333333333334,0,2,200,50.0,75.0,0.03333333333333333,0
803,Forecast,98.0,2,89,89,1.4833333333333334,0,2,200,50.0,75.0,0.03333333333333333,0
804,Forecast,96.0,2,98,98,1.6333333333333333,0,2,200,50.0,75.0,0.03333333333333333,0
805,Forecast,83.0,2,96,96,1.6,0,2,200,50.0,75.0,0.03333333333333333,0
806,Forecast,72.0,1,83,83,1.3833333333333333,0,1,100,50.0,75.0,0.016666666666666666,0
807,Forecast,81.0,2,72,72,1.2,0,2,200,50.0,75.0,0.03333333333333333,0
808,Forecast,86.0,2,81,81,1.35,0,2,200,50.0,75.0,0.03333333333333333,0
809,Forecast,82.0,2,86,86,1.4333333333333333,0,2,200,50.0,75.0,0.03333333333333333,0
810,Forecast,78.0,1,82,82,1.3666666666666667,0,1,100,50.0,75.0,0.016666666666666666,0
811,Forecast,86.0,2,78,78,1.3,0,2,200,50.0,75.0,0.03333333333333333,0
812,Forecast,78.0,1,86,86,1.4333333333333333,0,1,100,50.0,75.0,0.016666666666666666,0
813,Forecast,77.0,1,78,78,1.3,0,1,100,50.0,75.0,0.016666666666666666,0
814,Forecast,86.0,2,77,77,1.2833333333333334,0,2,200,50.0,75.0,0.03333333333333333,0
815,Forecast,79.0,1,86,86,1.4333333333333333,0,1,100,50.0,75.0,0.016666666666666666,0
816,Forecast,85.0,2,79,79,1.3166666666666667,0,2,200,50.0,75.0,0.03333333333333333,0
817,Forecast,255.0,4,85,85,1.4166666666666667,0,4,400,50.0,75.0,0.06666666666666667,0
818,Forecast,71.0,1,255,100,1.6666666666666667,155,1,100,360.0,850.0,0.016666666666666666,5
819,Forecast,78.0,3,71,226,3.7666666666666666,0,3,300,50.0,75.0,0.05,0
820,Forecast,97.0,2,78,78,1.3,0,2,200,50.0,75.0,0.03333333333333333,0
821,Forecast,70.0,1,97,97,1.6166666666666667,0,1,100,50.0,75.0,0.016666666666666666,0
822,Forecast,61.0,1,70,70,1.1666666666666667,0,1,100,50.0,75.0,0.016666666666666666,0
823,Forecast,63.0,1,61,61,1.0166666666666666,0,1,100,50.0,75.0,0.016666666666666666,0
824,Forecast,82.0,2,63,63,1.05,0,2,200,50.0,75.0,0.03333333333333333,0
825,Forecast,82.0,2,82,82,1.3666666666666667,0,2,200,50.0,75.0,0.03333333333333333,0
826,Forecast,80.0,1,82,82,1.3666666666666667,0,1,100,50.0,75.0,0.016666666666666666,0
827,Forecast,93.0,2,80,80,1.3333333333333333,0,2,200,50.0,75.0,0.03333333333333333,0
828,Forecast,54.0,1,93,93,1.55,0,1,100,50.0,75.0,0.016666666666666666,0
829,Forecast,85.0,2,54,54,0.9,0,2,200,50.0,75.0,0.03333333333333333,0
830,Forecast,96.0,2,85,85,1.4166666666666667,0,2,200,50.0,75.0,0.03333333333333333,0
831,Forecast,69.0,1,96,96,1.6,0,1,100,50.0,75.0,0.016666666666666666,0
832,Forecast,77.0,1,69,69,1.15,0,1,100,50.0,75.0,0.016666666666666666,0
833,Forecast,73.0,1,77,77,1.2833333333333334,0,1,100,50.0,75.0,0.016666666666666666,0
834,Forecast,71.0,1,73,73,1.2166666666666666,0,1,100,50.0,75.0,0.016666666666666666,0
835,Forecast,77.0,1,71,71,1.1833333333333333,0,1,100,50.0,75.0,0.016666666666666666,0
836,Forecast,94.0,2,77,77,1.2833333333333334,0,2,200,50.0,75.0,0.03333333333333333,0
837,Forecast,98.0,2,94,94,1.5666666666666667,0,2,200,50.0,75.0,0.03333333333333333,0
838,Forecast,76.0,1,98,98,1.6333333333333333,0,1,100,50.0,75.0,0.016666666666666666,0
839,Forecast,98.0,2,76,76,1.2666666666666666,0,2,200,50.0,75.0,0.03333333333333333,0
840,Forecast,79.0,1,98,98,1.6333333333333333,0,1,100,50.0,75.0,0.016666666666666666,0
841,Forecast,96.0,2,79,79,1.3166666666666667,0,2,200,50.0,75.0,0.03333333333333333,0
842,Forecast,77.0,1,96,96,1.6,0,1,100,50.0,75.0,0.016666666666666666,0
843,Forecast,79.0,1,77,77,1.2833333333333334,0,1,100,50.0,75.0,0.016666666666666666,0
844,Forecast,81.0,2,79,79,1.3166666666666667,0,2,200,50.0,75.0,0.03333333333333333,0
845,Forecast,109.0,2,81,81,1.35,0,2,200,50.0,75.0,0.03333333333333333,0
846,Forecast,86.0,2,109,109,1.8166666666666667,0,2,200,50.0,75.0,0.03333333333333333,0
847,Forecast,70.0,1,86,86,1.4333333333333333,0,1,100,50.0,75.0,0.016666666666666666,0
848,Forecast,87.0,2,70,70,1.1666666666666667,0,2,200,50.0,75.0,0.03333333333333333,0
849,Forecast,73.0,1,87,87,1.45,0,1,100,50.0,75.0,0.016666666666666666,0
850,Forecast,72.0,1,73,73,1.2166666666666666,0,1,100,50.0,75.0,0.016666666666666666,0
851,Forecast,86.0,2,72,72,1.2,0,2,200,50.0,75.0,0.03333333333333333,0
852,Forecast,77.0,1,86,86,1.4333333333333333,0,1,100,50.0,75.0,0.016666666666666666,0
853,Forecast,79.0,1,77,77,1.2833333333333334,0,1,100,50.0,75.0,0.016666666666666666,0
854,Forecast,76.0,1,79,79,1.3166666666666667,0,1,100,50.0,75.0,0.016666666666666666,0
855,Forecast,80.0,1,76,76,1.2666666666666666,0,1,100,50.0,75.0,0.016666666666666666,0
856,Forecast,80.0,1,80,80,1.3333333333333333,0,1,100,50.0,75.0,0.016666666666666666,0
857,Forecast,56.0,1,80,80,1.3333333333333333,0,1,100,50.0,75.0,0.016666666666666666,0
858,Forecast,82.0,2,56,56,0.9333333333333333,0,2,200,50.0,75.0,0.03333333333333333,0
859,Forecast,66.0,1,82,82,1.3666666666666667,0,1,100,50.0,75.0,0.016666666666666666,0
860,Forecast,61.0,1,66,66,1.1,0,1,100,50.0,75.0,0.016666666666666666,0
861,Forecast,75.0,1,61,61,1.0166666666666666,0,1,100,50.0,75.0,0.016666666666666666,0
862,Forecast,76.0,1,75,75,1.25,0,1,100,50.0,75.0,0.016666666666666666,0
863,Forecast,68.0,1,76,76,1.2666666666666666,0,1,100,50.0,75.0,0.016666666666666666,0
864,Forecast,83.0,2,68,68,1.1333333333333333,0,2,200,50.0,75.0,0.03333333333333333,0
865,Forecast,61.0,1,83,83,1.3833333333333333,0,1,100,50.0,75.0,0.016666666666666666,0
866,Forecast,71.0,1,61,61,1.0166666666666666,0,1,100,50.0,75.0,0.016666666666666666,0
867,Forecast,69.0,1,71,71,1.1833333333333333,0,1,100,50.0,75.0,0.016666666666666666,0
868,Forecast,74.0,1,69,69,1.15,0,1,100,50.0,75.0,0.016666666666666666,0
869,Forecast,77.0,1,74,74,1.2333333333333334,0,1,100,50.0,75.0,0.016666666666666666,0
870,Forecast,64.0,1,77,77,1.2833333333333334,0,1,100,50.0,75.0,0.016666666666666666,0
871,Forecast,81.0,2,64,64,1.0666666666666667,0,2,200,50.0,75.0,0.03333333333333333,0
872,Forecast,74.0,1,81,81,1.35,0,1,100,50.0,75.0,0.016666666666666666,0
873,Forecast,55.0,1,74,74,1.2333333333333334,0,1,100,50.0,75.0,0.016666666666666666,0
874,Forecast,54.0,1,55,55,0.9166666666666666,0,1,100,50.0,75.0,0.016666666666666666,0
875,Forecast,73.0,1,54,54,0.9,0,1,100,50.0,75.0,0.016666666666666666,0
876,Forecast,71.0,1,73,73,1.2166666666666666,0,1,100,50.0,75.0,0.016666666666666666,0
877,Forecast,72.0,1,71,71,1.1833333333333333,0,1,100,50.0,75.0,0.016666666666666666,0
878,Forecast,73.0,1,72,72,1.2,0,1,100,50.0,75.0,0.016666666666666666,0
879,Forecast,75.0,1,73,73,1.2166666666666666,0,1,100,50.0,75.0,0.016666666666666666,0
880,Forecast,82.0,2,75,75,1.25,0,2,200,50.0,75.0,0.03333333333333333,0
881,Forecast,61.0,1,82,82,1.3666666666666667,0,1,100,50.0,75.0,0.016666666666666666,0
882,Forecast,61.0,1,61,61,1.0166666666666666,0,1,100,50.0,75.0,0.016666666666666666,0
883,Forecast,61.0,1,61,61,1.0166666666666666,0,1,100,50.0,75.0,0.016666666666666666,0
884,Forecast,75.0,1,61,61,1.0166666666666666,0,1,100,50.0,75.0,0.016666666666666666,0
885,Forecast,84.0,2,75,75,1.25,0,2,200,50.0,75.0,0.03333333333333333,0
886,Forecast,68.0,1,84,84,1.4,0,1,100,50.0,75.0,0.016666666666666666,0
887,Forecast,47.0,1,68,68,1.1333333333333333,0,1,100,50.0,75.0,0.016666666666666666,0
888,Forecast,55.0,1,47,47,0.7833333333333333,0,1,100,50.0,75.0,0.016666666666666666,0
889,Forecast,63.0,1,55,55,0.9166666666666666,0,1,100,50.0,75.0,0.016666666666666666,0
890,Forecast,66.0,1,63,63,1.05,0,1,100,50.0,75.0,0.016666666666666666,0
891,Forecast,67.0,1,66,66,1.1,0,1,100,50.0,75.0,0.016666666666666666,0
892,Forecast,71.0,1,67,67,1.1166666666666667,0,1,100,50.0,75.0,0.016666666666666666,0
893,Forecast,68.0,1,71,71,1.1833333333333333,0,1,100,50.0,75.0,0.016666666666666666,0
894,Forecast,81.0,2,68,68,1.1333333333333333,0,2,200,50.0,75.0,0.03333333333333333,0
895,Forecast,64.0,1,81,81,1.35,0,1,100,50.0,75.0,0.016666666666666666,0
896,Forecast,62.0,1,64,64,1.0666666666666667,0,1,100,50.0,75.0,0.016666666666666666,0
897,Forecast,75.0,1,62,62,1.0333333333333334,0,1,100,50.0,75.0,0.016666666666666666,0
898,Forecast,55.0,1,75,75,1.25,0,1,100,50.0,75.0,0.016666666666666666,0
899,Forecast,73.0,1,55,55,0.9166666666666666,0,1,100,50.0,75.0,0.016666666666666666,0
900,Forecast,70.0,1,73,73,1.2166666666666666,0,1,100,50.0,75.0,0.016666666666666666,0
901,Forecast,68.0,1,70,70,1.1666666666666667,0,1,100,50.0,75.0,0.016666666666666666,0
902,Forecast,140.0,2,68,68,1.1333333333333333,0,2,200,50.0,75.0,0.03333333333333333,0
903,Forecast,63.0,1,140,100,1.6666666666666667,40,1,100,130.0,275.0,0.016666666666666666,0
904,Forecast,89.0,2,63,103,1.7166666666666666,0,2,200,50.0,75.0,0.03333333333333333,0
905,Forecast,66.0,1,89,89,1.4833333333333334,0,1,100,50.0,75.0,0.016666666666666666,0
906,Forecast,56.0,1,66,66,1.1,0,1,100,50.0,75.0,0.016666666666666666,0
907,Forecast,69.0,1,56,56,0.9333333333333333,0,1,100,50.0,75.0,0.016666666666666666,0
908,Forecast,58.0,1,69,69,1.15,0,1,100,50.0,75.0,0.016666666666666666,0
909,Forecast,61.0,1,58,58,0.9666666666666667,0,1,100,50.0,75.0,0.016666666666666666,0
910,Forecast,72.0,1,61,61,1.0166666666666666,0,1,100,50.0,75.0,0.016666666666666666,0
911,Forecast,74.0,1,72,72,1.2,0,1,100,50.0,75.0,0.016666666666666666,0
912,Forecast,62.0,1,74,74,1.2333333333333334,0,1,100,50.0,75.0,0.016666666666666666,0
913,Forecast,78.0,1,62,62,1.0333333333333334,0,1,100,50.0,75.0,0.016666666666666666,0
914,Forecast,79.0,1,78,78,1.3,0,1,100,50.0,75.0,0.016666666666666666,0
915,Forecast,82.0,2,79,79,1.3166666666666667,0,2,200,50.0,75.0,0.03333333333333333,0
916,Forecast,73.0,1,82,82,1.3666666666666667,0,1,100,50.0,75.0,0.016666666666666666,0
917,Forecast,81.0,2,73,73,1.2166666666666666,0,2,200,50.0,75.0,0.03333333333333333,0
918,Forecast,48.0,1,81,81,1.35,0,1,100,50.0,75.0,0.016666666666666666,0
919,Forecast,64.0,1,48,48,0.8,0,1,100,50.0,75.0,0.016666666666666666,0
920,Forecast,58.0,1,64,64,1.0666666666666667,0,1,100,50.0,75.0,0.016666666666666666,0
921,Forecast,68.0,1,58,58,0.9666666666666667,0,1,100,50.0,75.0,0.016666666666666666,0
922,Forecast,61.0,1,68,68,1.1333333333333333,0,1,100,50.0,75.0,0.016666666666666666,0
923,Forecast,65.0,1,61,61,1.0166666666666666,0,1,100,50.0,75.0,0.016666666666666666,0
924,Forecast,85.0,2,65,65,1.0833333333333333,0,2,200,50.0,75.0,0.03333333333333333,0
925,Forecast,65.0,1,85,85,1.4166666666666667,0,1,100,50.0,75.0,0.016666666666666666,0
926,Forecast,70.0,1,65,65,1.0833333333333333,0,1,100,50.0,75.0,0.016666666666666666,0
927,Forecast,64.0,1,70,70,1.1666666666666667,0,1,100,50.0,75.0,0.016666666666666666,0
928,Forecast,67.0,1,64,64,1.0666666666666667,0,1,100,50.0,75.0,0.016666666666666666,0
929,Forecast,66.0,1,67,67,1.1166666666666667,0,1,100,50.0,75.0,0.016666666666666666,0
930,Forecast,70.0,1,66,66,1.1,0,1,100,50.0,75.0,0.016666666666666666,0
931,Forecast,77.0,1,70,70,1.1666666666666667,0,1,100,50.0,75.0,0.016666666666666666,0
932,Forecast,82.0,2,77,77,1.2833333333333334,0,2,200,50.0,75.0,0.03333333333333333,0
933,Forecast,69.0,1,82,82,1.3666666666666667,0,1,100,50.0,75.0,0.016666666666666666,0
934,Forecast,71.0,1,69,69,1.15,0,1,100,50.0,75.0,0.016666666666666666,0
935,Forecast,54.0,1,71,71,1.1833333333333333,0,1,100,50.0,75.0,0.016666666666666666,0
936,Forecast,64.0,1,54,54,0.9,0,1,100,50.0,75.0,0.016666666666666666,0
937,Forecast,75.0,1,64,64,1.0666666666666667,0,1,100,50.0,75.0,0.016666666666666666,0
938,Forecast,74.0,1,75,75,1.25,0,1,100,50.0,75.0,0.016666666666666666,0
939,Forecast,67.0,1,74,74,1.2333333333333334,0,1,100,50.0,75.0,0.016666666666666666,0
940,Forecast,74.0,1,67,67,1.1166666666666667,0,1,100,50.0,75.0,0.016666666666666666,0
941,Forecast,70.0,1,74,74,1.2333333333333334,0,1,100,50.0,75.0,0.016666666666666666,0
942,Forecast,77.0,1,70,70,1.1666666666666667,0,1,100,50.0,75.0,0.016666666666666666,0
943,Forecast,67.0,1,77,77,1.2833333333333334,0,1,100,50.0,75.0,0.016666666666666666,0
944,Forecast,61.0,1,67,67,1.1166666666666667,0,1,100,50.0,75.0,0.016666666666666666,0
945,Forecast,68.0,1,61,61,1.0166666666666666,0,1,100,50.0,75.0,0.016666666666666666,0
946,Forecast,35.0,1,68,68,1.1333333333333333,0,1,100,50.0,75.0,0.016666666666666666,0
947,Forecast,68.0,1,35,35,0.5833333333333334,0,1,100,50.0,75.0,0.016666666666666666,0
948,Forecast,28.0,1,68,68,1.1333333333333333,0,1,100,50.0,75.0,0.016666666666666666,0
949,Forecast,47.0,1,28,28,0.4666666666666667,0,1,100,50.0,75.0,0.016666666666666666,0
950,Forecast,68.0,1,47,47,0.7833333333333333,0,1,100,50.0,75.0,0.016666666666666666,0
951,Forecast,69.0,1,68,68,1.1333333333333333,0,1,100,50.0,75.0,0.016666666666666666,0
952,Forecast,52.0,1,69,69,1.15,0,1,100,50.0,75.0,0.016666666666666666,0
953,Forecast,57.0,1,52,52,0.8666666666666667,0,1,100,50.0,75.0,0.016666666666666666,0
954,Forecast,77.0,1,57,57,0.95,0,1,100,50.0,75.0,0.016666666666666666,0
955,Forecast,59.0,1,77,77,1.2833333333333334,0,1,100,50.0,75.0,0.016666666666666666,0
956,Forecast,86.0,2,59,59,0.9833333333333333,0,2,200,50.0,75.0,0.03333333333333333,0
957,Forecast,63.0,1,86,86,1.4333333333333333,0,1,100,50.0,75.0,0.016666666666666666,0
958,Forecast,67.0,1,63,63,1.05,0,1,100,50.0,75.0,0.016666666666666666,0
959,Forecast,79.0,1,67,67,1.1166666666666667,0,1,100,50.0,75.0,0.016666666666666666,0
960,Forecast,64.0,1,79,79,1.3166666666666667,0,1,100,50.0,75.0,0.016666666666666666,0
961,Forecast,52.0,1,64,64,1.0666666666666667,0,1,100,50.0,75.0,0.016666666666666666,0
962,Forecast,61.0,1,52,52,0.8666666666666667,0,1,100,50.0,75.0,0.016666666666666666,0
963,Forecast,62.0,1,61,61,1.0166666666666666,0,1,100,50.0,75.0,0.016666666666666666,0
964,Forecast,48.0,1,62,62,1.0333333333333334,0,1,100,50.0,75.0,0.016666666666666666,0
965,Forecast,59.0,1,48,48,0.8,0,1,100,50.0,75.0,0.016666666666666666,0
966,Forecast,54.0,1,59,59,0.9833333333333333,0,1,100,50.0,75.0,0.016666666666666666,0
967,Forecast,71.0,1,54,54,0.9,0,1,100,50.0,75.0,0.016666666666666666,0
968,Forecast,62.0,1,71,71,1.1833333333333333,0,1,100,50.0,75.0,0.016666666666666666,0
969,Forecast,59.0,1,62,62,1.0333333333333334,0,1,100,50.0,75.0,0.016666666666666666,0
970,Forecast,60.0,1,59,59,0.9833333333333333,0,1,100,50.0,75.0,0.016666666666666666,0
971,Forecast,64.0,1,60,60,1.0,0,1,100,50.0,75.0,0.016666666666666666,0
972,Forecast,67.0,1,64,64,1.0666666666666667,0,1,100,50.0,75.0,0.016666666666666666,0
973,Forecast,51.0,1,67,67,1.1166666666666667,0,1,100,50.0,75.0,0.016666666666666666,0
974,Forecast,51.0,1,51,51,0.85,0,1,100,50.0,75.0,0.016666666666666666,0
975,Forecast,72.0,1,51,51,0.85,0,1,100,50.0,75.0,0.016666666666666666,0
976,Forecast,57.0,1,72,72,1.2,0,1,100,50.0,75.0,0.016666666666666666,0
977,Forecast,47.0,1,57,57,0.95,0,1,100,50.0,75.0,0.016666666666666666,0
978,Forecast,65.0,1,47,47,0.7833333333333333,0,1,100,50.0,75.0,0.016666666666666666,0
979,Forecast,65.0,1,65,65,1.0833333333333333,0,1,100,50.0,75.0,0.016666666666666666,0
980,Forecast,45.0,1,65,65,1.0833333333333333,0,1,100,50.0,75.0,0.016666666666666666,0
981,Forecast,63.0,1,45,45,0.75,0,1,100,50.0,75.0,0.016666666666666666,0
982,Forecast,68.0,1,63,63,1.05,0,1,100,50.0,75.0,0.016666666666666666,0
983,Forecast,64.0,1,68,68,1.1333333333333333,0,1,100,50.0,75.0,0.016666666666666666,0
984,Forecast,67.0,1,64,64,1.0666666666666667,0,1,100,50.0,75.0,0.016666666666666666,0
985,Forecast,46.0,1,67,67,1.1166666666666667,0,1,100,50.0,75.0,0.016666666666666666,0
986,Forecast,64.0,1,46,46,0.7666666666666667,0,1,100,50.0,75.0,0.016666666666666666,0
987,Forecast,57.0,1,64,64,1.0666666666666667,0,1,100,50.0,75.0,0.016666666666666666,0
988,Forecast,55.0,1,57,57,0.95,0,1,100,50.0,75.0,0.016666666666666666,0
989,Forecast,69.0,1,55,55,0.9166666666666666,0,1,100,50.0,75.0,0.016666666666666666,0
990,Forecast,75.0,1,69,69,1.15,0,1,100,50.0,75.0,0.016666666666666666,0
991,Forecast,78.0,1,75,75,1.25,0,1,100,50.0,75.0,0.016666666666666666,0
992,Forecast,73.0,1,78,78,1.3,0,1,100,50.0,75.0,0.016666666666666666,0
993,Forecast,59.0,1,73,73,1.2166666666666666,0,1,100,50.0,75.0,0.016666666666666666,0
994,Forecast,63.0,1,59,59,0.9833333333333333,0,1,100,50.0,75.0,0.016666666666666666,0
995,Forecast,67.0,1,63,63,1.05,0,1,100,50.0,75.0,0.016666666666666666,0
996,Forecast,61.0,1,67,67,1.1166666666666667,0,1,100,50.0,75.0,0.016666666666666666,0
997,Forecast,61.0,1,61,61,1.0166666666666666,0,1,100,50.0,75.0,0.016666666666666666,0
998,Forecast,68.0,1,61,61,1.0166666666666666,0,1,100,50.0,75.0,0.016666666666666666,0
999,Forecast,59.0,1,68,68,1.1333333333333333,0,1,100,50.0,75.0,0.016666666666666666,0
1000,Forecast,52.0,1,59,59,0.9833333333333333,0,1,100,50.0,75.0,0.016666666666666666,0
1001,Forecast,55.0,1,52,52,0.8666666666666667,0,1,100,50.0,75.0,0.016666666666666666,0
1002,Forecast,66.0,1,55,55,0.9166666666666666,0,1,100,50.0,75.0,0.016666666666666666,0
1003,Forecast,59.0,1,66,66,1.1,0,1,100,50.0,75.0,0.016666666666666666,0
1004,Forecast,63.0,1,59,59,0.9833333333333333,0,1,100,50.0,75.0,0.016666666666666666,0
1005,Forecast,66.0,1,63,63,1.05,0,1,100,50.0,75.0,0.016666666666666666,0
1006,Forecast,55.0,1,66,66,1.1,0,1,100,50.0,75.0,0.016666666666666666,0
1007,Forecast,67.0,1,55,55,0.9166666666666666,0,1,100,50.0,75.0,0.016666666666666666,0
1008,Forecast,63.0,1,67,67,1.1166666666666667,0,1,100,50.0,75.0,0.016666666666666666,0
1009,Forecast,47.0,1,63,63,1.05,0,1,100,50.0,75.0,0.016666666666666666,0
1010,Forecast,73.0,1,47,47,0.7833333333333333,0,1,100,50.0,75.0,0.016666666666666666,0
1011,Forecast,54.0,1,73,73,1.2166666666666666,0,1,100,50.0,75.0,0.016666666666666666,0
1012,Forecast,42.0,1,54,54,0.9,0,1,100,50.0,75.0,0.016666666666666666,0
1013,Forecast,48.0,1,42,42,0.7,0,1,100,50.0,75.0,0.016666666666666666,0
1014,Forecast,48.0,1,48,48,0.8,0,1,100,50.0,75.0,0.016666666666666666,0
1015,Forecast,59.0,1,48,48,0.8,0,1,100,50.0,75.0,0.016666666666666666,0
1016,Forecast,56.0,1,59,59,0.9833333333333333,0,1,100,50.0,75.0,0.016666666666666666,0
1017,Forecast,55.0,1,56,56,0.9333333333333333,0,1,100,50.0,75.0,0.016666666666666666,0
1018,Forecast,65.0,1,55,55,0.9166666666666666,0,1,100,50.0,75.0,0.016666666666666666,0
1019,Forecast,61.0,1,65,65,1.0833333333333333,0,1,100,50.0,75.0,0.016666666666666666,0
1020,Forecast,61.0,1,61,61,1.0166666666666666,0,1,100,50.0,75.0,0.016666666666666666,0
1021,Forecast,62.0,1,61,61,1.0166666666666666,0,1,100,50.0,75.0,0.016666666666666666,0
1022,Forecast,64.0,1,62,62,1.0333333333333334,0,1,100,50.0,75.0,0.016666666666666666,0
1023,Forecast,36.0,1,64,64,1.0666666666666667,0,1,100,50.0,75.0,0.016666666666666666,0
1024,Forecast,54.0,1,36,36,0.6,0,1,100,50.0,75.0,0.016666666666666666,0
1025,Forecast,36.0,1,54,54,0.9,0,1,100,50.0,75.0,0.016666666666666666,0
1026,Forecast,58.0,1,36,36,0.6,0,1,100,50.0,75.0,0.016666666666666666,0
1027,Forecast,57.0,1,58,58,0.9666666666666667,0,1,100,50.0,75.0,0.016666666666666666,0
1028,Forecast,68.0,1,57,57,0.95,0,1,100,50.0,75.0,0.016666666666666666,0
1029,Forecast,69.0,1,68,68,1.1333333333333333,0,1,100,50.0,75.0,0.016666666666666666,0
1030,Forecast,59.0,1,69,69,1.15,0,1,100,50.0,75.0,0.016666666666666666,0
1031,Forecast,52.0,1,59,59,0.9833333333333333,0,1,100,50.0,75.0,0.016666666666666666,0
1032,Forecast,62.0,1,52,52,0.8666666666666667,0,1,100,50.0,75.0,0.016666666666666666,0
1033,Forecast,52.0,1,62,62,1.0333333333333334,0,1,100,50.0,75.0,0.016666666666666666,0
1034,Forecast,57.0,1,52,52,0.8666666666666667,0,1,100,50.0,75.0,0.016666666666666666,0
1035,Forecast,67.0,1,57,57,0.95,0,1,100,50.0,75.0,0.016666666666666666,0
1036,Forecast,51.0,1,67,67,1.1166666666666667,0,1,100,50.0,75.0,0.016666666666666666,0
1037,Forecast,65.0,1,51,51,0.85,0,1,100,50.0,75.0,0.016666666666666666,0
1038,Forecast,64.0,1,65,65,1.0833333333333333,0,1,100,50.0,75.0,0.016666666666666666,0
1039,Forecast,47.0,1,64,64,1.0666666666666667,0,1,100,50.0,75.0,0.016666666666666666,0
1040,Forecast,67.0,1,47,47,0.7833333333333333,0,1,100,50.0,75.0,0.016666666666666666,0
1041,Forecast,64.0,1,67,67,1.1166666666666667,0,1,100,50.0,75.0,0.016666666666666666,0
1042,Forecast,58.0,1,64,64,1.0666666666666667,0,1,100,50.0,75.0,0.016666666666666666,0
1043,Forecast,49.0,1,58,58,0.9666666666666667,0,1,100,50.0,75.0,0.016666666666666666,0
1044,Forecast,48.0,1,49,49,0.8166666666666667,0,1,100,50.0,75.0,0.016666666666666666,0
1045,Forecast,51.0,1,48,48,0.8,0,1,100,50.0,75.0,0.016666666666666666,0
1046,Forecast,62.0,1,51,51,0.85,0,1,100,50.0,75.0,0.016666666666666666,0
1047,Forecast,47.0,1,62,62,1.0333333333333334,0,1,100,50.0,75.0,0.016666666666666666,0
1048,Forecast,61.0,1,47,47,0.7833333333333333,0,1,100,50.0,75.0,0.016666666666666666,0
1049,Forecast,44.0,1,61,61,1.0166666666666666,0,1,100,50.0,75.0,0.016666666666666666,0
1050,Forecast,55.0,1,44,44,0.7333333333333333,0,1,100,50.0,75.0,0.016666666666666666,0
1051,Forecast,58.0,1,55,55,0.9166666666666666,0,1,100,50.0,75.0,0.016666666666666666,0
1052,Forecast,81.0,2,58,58,0.9666666666666667,0,2,200,50.0,75.0,0.03333333333333333,0
1053,Forecast,43.0,1,81,81,1.35,0,1,100,50.0,75.0,0.016666666666666666,0
1054,Forecast,71.0,1,43,43,0.7166666666666667,0,1,100,50.0,75.0,0.016666666666666666,0
1055,Forecast,58.0,1,71,71,1.1833333333333333,0,1,100,50.0,75.0,0.016666666666666666,0
1056,Forecast,61.0,1,58,58,0.9666666666666667,0,1,100,50.0,75.0,0.016666666666666666,0
1057,Forecast,58.0,1,61,61,1.0166666666666666,0,1,100,50.0,75.0,0.016666666666666666,0
1058,Forecast,61.0,1,58,58,0.9666666666666667,0,1,100,50.0,75.0,0.016666666666666666,0
1059,Forecast,55.0,1,61,61,1.0166666666666666,0,1,100,50.0,75.0,0.016666666666666666,0
1060,Forecast,71.0,1,55,55,0.9166666666666666,0,1,100,50.0,75.0,0.016666666666666666,0
1061,Forecast,52.0,1,71,71,1.1833333333333333,0,1,100,50.0,75.0,0.016666666666666666,0
1062,Forecast,68.0,1,52,52,0.8666666666666667,0,1,100,50.0,75.0,0.016666666666666666,0
1063,Forecast,50.0,1,68,68,1.1333333333333333,0,1,100,50.0,75.0,0.016666666666666666,0
1064,Forecast,56.0,1,50,50,0.8333333333333334,0,1,100,50.0,75.0,0.016666666666666666,0
1065,Forecast,46.0,1,56,56,0.9333333333333333,0,1,100,50.0,75.0,0.016666666666666666,0
1066,Forecast,61.0,1,46,46,0.7666666666666667,0,1,100,50.0,75.0,0.016666666666666666,0
1067,Forecast,71.0,1,61,61,1.0166666666666666,0,1,100,50.0,75.0,0.016666666666666666,0
1068,Forecast,56.0,1,71,71,1.1833333333333333,0,1,100,50.0,75.0,0.016666666666666666,0
1069,Forecast,54.0,1,56,56,0.9333333333333333,0,1,100,50.0,75.0,0.016666666666666666,0
1070,Forecast,45.0,1,54,54,0.9,0,1,100,50.0,75.0,0.016666666666666666,0
1071,Forecast,54.0,1,45,45,0.75,0,1,100,50.0,75.0,0.016666666666666666,0
1072,Forecast,40.0,1,54,54,0.9,0,1,100,50.0,75.0,0.016666666666666666,0
1073,Forecast,47.0,1,40,40,0.6666666666666666,0,1,100,50.0,75.0,0.016666666666666666,0
1074,Forecast,59.0,1,47,47,0.7833333333333333,0,1,100,50.0,75.0,0.016666666666666666,0
1075,Forecast,69.0,1,59,59,0.9833333333333333,0,1,100,50.0,75.0,0.016666666666666666,0
1076,Forecast,84.0,2,69,69,1.15,0,2,200,50.0,75.0,0.03333333333333333,0
1077,Forecast,50.0,1,84,84,1.4,0,1,100,50.0,75.0,0.016666666666666666,0
1078,Forecast,71.0,1,50,50,0.8333333333333334,0,1,100,50.0,75.0,0.016666666666666666,0
1079,Forecast,108.0,2,71,71,1.1833333333333333,0,2,200,50.0,75.0,0.03333333333333333,0
1080,Forecast,104.0,2,108,108,1.8,0,2,200,50.0,75.0,0.03333333333333333,0
1081,Forecast,110.0,2,104,104,1.7333333333333334,0,2,200,50.0,75.0,0.03333333333333333,0
1082,Forecast,106.0,2,110,110,1.8333333333333333,0,2,200,50.0,75.0,0.03333333333333333,0
1083,Forecast,107.0,2,106,106,1.7666666666666666,0,2,200,50.0,75.0,0.03333333333333333,0
1084,Forecast,101.0,2,107,107,1.7833333333333334,0,2,200,50.0,75.0,0.03333333333333333,0
1085,Forecast,92.0,2,101,101,1.6833333333333333,0,2,200,50.0,75.0,0.03333333333333333,0
1086,Forecast,90.0,2,92,92,1.5333333333333334,0,2,200,50.0,75.0,0.03333333333333333,0
1087,Forecast,112.0,2,90,90,1.5,0,2,200,50.0,75.0,0.03333333333333333,0
1088,Forecast,103.0,2,112,112,1.8666666666666667,0,2,200,50.0,75.0,0.03333333333333333,0
1089,Forecast,100.0,2,103,103,1.7166666666666666,0,2,200,50.0,75.0,0.03333333333333333,0
1090,Forecast,106.0,2,100,100,1.6666666666666667,0,2,200,50.0,75.0,0.03333333333333333,0
1091,Forecast,114.0,2,106,106,1.7666666666666666,0,2,200,50.0,75.0,0.03333333333333333,0
1092,Forecast,107.0,2,114,114,1.9,0,2,200,50.0,75.0,0.03333333333333333,0
1093,Forecast,99.0,2,107,107,1.7833333333333334,0,2,200,50.0,75.0,0.03333333333333333,0
1094,Forecast,118.0,2,99,99,1.65,0,2,200,50.0,75.0,0.03333333333333333,0
1095,Forecast,121.0,2,118,118,1.9666666666666666,0,2,200,50.0,75.0,0.03333333333333333,0
1096,Forecast,111.0,2,121,121,2.0166666666666666,0,2,200,50.0,75.0,0.03333333333333333,0
1097,Forecast,115.0,2,111,111,1.85,0,2,200,50.0,75.0,0.03333333333333333,0
1098,Forecast,118.0,2,115,115,1.9166666666666667,0,2,200,50.0,75.0,0.03333333333333333,0
1099,Forecast,117.0,2,118,118,1.9666666666666666,0,2,200,50.0,75.0,0.03333333333333333,0
1100,Forecast,112.0,2,117,117,1.95,0,2,200,50.0,75.0,0.03333333333333333,0
1101,Forecast,112.0,2,112,112,1.8666666666666667,0,2,200,50.0,75.0,0.03333333333333333,0
1102,Forecast,111.0,2,112,112,1.8666666666666667,0,2,200,50.0,75.0,0.03333333333333333,0
1103,Forecast,264.0,4,111,111,1.85,0,4,400,50.0,75.0,0.06666666666666667,0
1104,Forecast,113.0,2,264,200,3.3333333333333335,64,2,200,114.0,235.0,0.03333333333333333,0
1105,Forecast,92.0,2,113,177,2.95,0,2,200,50.0,75.0,0.03333333333333333,0
1106,Forecast,98.0,2,92,92,1.5333333333333334,0,2,200,50.0,75.0,0.03333333333333333,0
1107,Forecast,119.0,2,98,98,1.6333333333333333,0,2,200,50.0,75.0,0.03333333333333333,0
1108,Forecast,114.0,2,119,119,1.9833333333333334,0,2,200,50.0,75.0,0.03333333333333333,0
1109,Forecast,121.0,2,114,114,1.9,0,2,200,50.0,75.0,0.03333333333333333,0
1110,Forecast,103.0,2,121,121,2.0166666666666666,0,2,200,50.0,75.0,0.03333333333333333,0
1111,Forecast,94.0,2,103,103,1.7166666666666666,0,2,200,50.0,75.0,0.03333333333333333,0
1112,Forecast,104.0,2,94,94,1.5666666666666667,0,2,200,50.0,75.0,0.03333333333333333,0
1113,Forecast,107.0,2,104,104,1.7333333333333334,0,2,200,50.0,75.0,0.03333333333333333,0
1114,Forecast,107.0,2,107,107,1.7833333333333334,0,2,200,50.0,75.0,0.03333333333333333,0
1115,Forecast,117.0,2,107,107,1.7833333333333334,0,2,200,50.0,75.0,0.03333333333333333,0
1116,Forecast,102.0,2,117,117,1.95,0,2,200,50.0,75.0,0.03333333333333333,0
1117,Forecast,110.0,2,102,102,1.7,0,2,200,50.0,75.0,0.03333333333333333,0
1118,Forecast,96.0,2,110,110,1.8333333333333333,0,2,200,50.0,75.0,0.03333333333333333,0
1119,Forecast,111.0,2,96,96,1.6,0,2,200,50.0,75.0,0.03333333333333333,0
1120,Forecast,306.0,4,111,111,1.85,0,4,400,50.0,75.0,0.06666666666666667,0
1121,Forecast,299.0,4,306,306,5.1,0,4,400,50.0,75.0,0.06666666666666667,0
1122,Forecast,304.0,4,299,299,4.983333333333333,0,4,400,50.0,75.0,0.06666666666666667,0
1123,Forecast,304.0,4,304,304,5.066666666666666,0,4,400,50.0,75.0,0.06666666666666667,0
1124,Forecast,304.0,4,304,304,5.066666666666666,0,4,400,50.0,75.0,0.06666666666666667,0
1125,Forecast,324.0,5,304,304,5.066666666666666,0,5,500,50.0,75.0,0.08333333333333333,0
1126,Forecast,305.0,4,324,324,5.4,0,4,400,50.0,75.0,0.06666666666666667,0
1127,Forecast,304.0,4,305,305,5.083333333333333,0,4,400,50.0,75.0,0.06666666666666667,0
1128,Forecast,285.0,4,304,304,5.066666666666666,0,4,400,50.0,75.0,0.06666666666666667,0
1129,Forecast,298.0,4,285,285,4.75,0,4,400,50.0,75.0,0.06666666666666667,0
1130,Forecast,304.0,4,298,298,4.966666666666667,0,4,400,50.0,75.0,0.06666666666666667,0
1131,Forecast,300.0,4,304,304,5.066666666666666,0,4,400,50.0,75.0,0.06666666666666667,0
1132,Forecast,120.0,2,300,200,3.3333333333333335,100,2,200,150.0,325.0,0.03333333333333333,0
1133,Forecast,105.0,3,120,220,3.6666666666666665,0,3,300,50.0,75.0,0.05,0
1134,Forecast,120.0,2,105,105,1.75,0,2,200,50.0,75.0,0.03333333333333333,0
1135,Forecast,107.0,2,120,120,2.0,0,2,200,50.0,75.0,0.03333333333333333,0
1136,Forecast,107.0,2,107,107,1.7833333333333334,0,2,200,50.0,75.0,0.03333333333333333,0
1137,Forecast,106.0,2,107,107,1.7833333333333334,0,2,200,50.0,75.0,0.03333333333333333,0
1138,Forecast,107.0,2,106,106,1.7666666666666666,0,2,200,50.0,75.0,0.03333333333333333,0
1139,Forecast,123.0,2,107,107,1.7833333333333334,0,2,200,50.0,75.0,0.03333333333333333,0
1140,Forecast,83.0,2,123,123,2.05,0,2,200,50.0,75.0,0.03333333333333333,0
1141,Forecast,86.0,2,83,83,1.3833333333333333,0,2,200,50.0,75.0,0.03333333333333333,0
1142,Forecast,101.0,2,86,86,1.4333333333333333,0,2,200,50.0,75.0,0.03333333333333333,0
1143,Forecast,107.0,2,101,101,1.6833333333333333,0,2,200,50.0,75.0,0.03333333333333333,0
1144,Forecast,113.0,2,107,107,1.7833333333333334,0,2,200,50.0,75.0,0.03333333333333333,0
1145,Forecast,111.0,2,113,113,1.8833333333333333,0,2,200,50.0,75.0,0.03333333333333333,0
1146,Forecast,103.0,2,111,111,1.85,0,2,200,50.0,75.0,0.03333333333333333,0
1147,Forecast,117.0,2,103,103,1.7166666666666666,0,2,200,50.0,75.0,0.03333333333333333,0
1148,Forecast,117.0,2,117,117,1.95,0,2,200,50.0,75.0,0.03333333333333333,0
1149,Forecast,109.0,2,117,117,1.95,0,2,200,50.0,75.0,0.03333333333333333,0
1150,Forecast,116.0,2,109,109,1.8166666666666667,0,2,200,50.0,75.0,0.03333333333333333,0
1151,Forecast,110.0,2,116,116,1.9333333333333333,0,2,200,50.0,75.0,0.03333333333333333,0
1152,Forecast,101.0,2,110,110,1.8333333333333333,0,2,200,50.0,75.0,0.03333333333333333,0
1153,Forecast,114.0,2,101,101,1.6833333333333333,0,2,200,50.0,75.0,0.03333333333333333,0
1154,Forecast,108.0,2,114,114,1.9,0,2,200,50.0,75.0,0.03333333333333333,0
1155,Forecast,107.0,2,108,108,1.8,0,2,200,50.0,75.0,0.03333333333333333,0
1156,Forecast,122.0,2,107,107,1.7833333333333334,0,2,200,50.0,75.0,0.03333333333333333,0
1157,Forecast,83.0,2,122,122,2.033333333333333,0,2,200,50.0,75.0,0.03333333333333333,0
1158,Forecast,93.0,2,83,83,1.3833333333333333,0,2,200,50.0,75.0,0.03333333333333333,0
1159,Forecast,95.0,2,93,93,1.55,0,2,200,50.0,75.0,0.03333333333333333,0
1160,Forecast,104.0,2,95,95,1.5833333333333333,0,2,200,50.0,75.0,0.03333333333333333,0
1161,Forecast,105.0,2,104,104,1.7333333333333334,0,2,200,50.0,75.0,0.03333333333333333,0
1162,Forecast,92.0,2,105,105,1.75,0,2,200,50.0,75.0,0.03333333333333333,0
1163,Forecast,98.0,2,92,92,1.5333333333333334,0,2,200,50.0,75.0,0.03333333333333333,0
1164,Forecast,99.0,2,98,98,1.6333333333333333,0,2,200,50.0,75.0,0.03333333333333333,0
1165,Forecast,132.0,2,99,99,1.65,0,2,200,50.0,75.0,0.03333333333333333,0
1166,Forecast,126.0,2,132,132,2.2,0,2,200,50.0,75.0,0.03333333333333333,0
1167,Forecast,104.0,2,126,126,2.1,0,2,200,50.0,75.0,0.03333333333333333,0
1168,Forecast,104.0,2,104,104,1.7333333333333334,0,2,200,50.0,75.0,0.03333333333333333,0
1169,Forecast,96.0,2,104,104,1.7333333333333334,0,2,200,50.0,75.0,0.03333333333333333,0
1170,Forecast,89.0,2,96,96,1.6,0,2,200,50.0,75.0,0.03333333333333333,0
1171,Forecast,107.0,2,89,89,1.4833333333333334,0,2,200,50.0,75.0,0.03333333333333333,0
1172,Forecast,98.0,2,107,107,1.7833333333333334,0,2,200,50.0,75.0,0.03333333333333333,0
1173,Forecast,107.0,2,98,98,1.6333333333333333,0,2,200,50.0,75.0,0.03333333333333333,0
1174,Forecast,92.0,2,107,107,1.7833333333333334,0,2,200,50.0,75.0,0.03333333333333333,0
1175,Forecast,101.0,2,92,92,1.5333333333333334,0,2,200,50.0,75.0,0.03333333333333333,0
1176,Forecast,110.0,2,101,101,1.6833333333333333,0,2,200,50.0,75.0,0.03333333333333333,0
1177,Forecast,112.0,2,110,110,1.8333333333333333,0,2,200,50.0,75.0,0.03333333333333333,0
1178,Forecast,313.0,4,112,112,1.8666666666666667,0,4,400,50.0,75.0,0.06666666666666667,0
1179,Forecast,295.0,4,313,313,5.216666666666667,0,4,400,50.0,75.0,0.06666666666666667,0
1180,Forecast,317.0,4,295,295,4.916666666666667,0,4,400,50.0,75.0,0.06666666666666667,0
1181,Forecast,301.0,4,317,317,5.283333333333333,0,4,400,50.0,75.0,0.06666666666666667,0
1182,Forecast,315.0,4,301,301,5.016666666666667,0,4,400,50.0,75.0,0.06666666666666667,0
1183,Forecast,309.0,4,315,315,5.25,0,4,400,50.0,75.0,0.06666666666666667,0
1184,Forecast,295.0,4,309,309,5.15,0,4,400,50.0,75.0,0.06666666666666667,0
1185,Forecast,306.0,4,295,295,4.916666666666667,0,4,400,50.0,75.0,0.06666666666666667,0
1186,Forecast,313.0,4,306,306,5.1,0,4,400,50.0,75.0,0.06666666666666667,0
1187,Forecast,315.0,4,313,313,5.216666666666667,0,4,400,50.0,75.0,0.06666666666666667,0
1188,Forecast,308.0,4,315,315,5.25,0,4,400,50.0,75.0,0.06666666666666667,0
1189,Forecast,325.0,5,308,308,5.133333333333334,0,5,500,50.0,75.0,0.08333333333333333,0
1190,Forecast,119.0,2,325,200,3.3333333333333335,125,2,200,175.0,387.5,0.03333333333333333,0
1191,Forecast,107.0,3,119,244,4.066666666666666,0,3,300,50.0,75.0,0.05,0
1192,Forecast,117.0,2,107,107,1.7833333333333334,0,2,200,50.0,75.0,0.03333333333333333,0
1193,Forecast,129.0,2,117,117,1.95,0,2,200,50.0,75.0,0.03333333333333333,0
1194,Forecast,129.0,2,129,129,2.15,0,2,200,50.0,75.0,0.03333333333333333,0
1195,Forecast,98.0,2,129,129,2.15,0,2,200,50.0,75.0,0.03333333333333333,0
1196,Forecast,101.0,2,98,98,1.6333333333333333,0,2,200,50.0,75.0,0.03333333333333333,0
1197,Forecast,125.0,2,101,101,1.6833333333333333,0,2,200,50.0,75.0,0.03333333333333333,0
1198,Forecast,100.0,2,125,125,2.0833333333333335,0,2,200,50.0,75.0,0.03333333333333333,0
1199,Forecast,96.0,2,100,100,1.6666666666666667,0,2,200,50.0,75.0,0.03333333333333333,0
1200,Forecast,105.0,2,96,96,1.6,0,2,200,50.0,75.0,0.03333333333333333,0
1201,Forecast,114.0,2,105,105,1.75,0,2,200,50.0,75.0,0.03333333333333333,0
1202,Forecast,109.0,2,114,114,1.9,0,2,200,50.0,75.0,0.03333333333333333,0
1203,Forecast,103.0,2,109,109,1.8166666666666667,0,2,200,50.0,75.0,0.03333333333333333,0
1204,Forecast,103.0,2,103,103,1.7166666666666666,0,2,200,50.0,75.0,0.03333333333333333,0
1205,Forecast,103.0,2,103,103,1.7166666666666666,0,2,200,50.0,75.0,0.03333333333333333,0
1206,Forecast,101.0,2,103,103,1.7166666666666666,0,2,200,50.0,75.0,0.03333333333333333,0
1207,Forecast,133.0,2,101,101,1.6833333333333333,0,2,200,50.0,75.0,0.03333333333333333,0
1208,Forecast,113.0,2,133,133,2.216666666666667,0,2,200,50.0,75.0,0.03333333333333333,0
1209,Forecast,119.0,2,113,113,1.8833333333333333,0,2,200,50.0,75.0,0.03333333333333333,0
1210,Forecast,106.0,2,119,119,1.9833333333333334,0,2,200,50.0,75.0,0.03333333333333333,0
1211,Forecast,109.0,2,106,106,1.7666666666666666,0,2,200,50.0,75.0,0.03333333333333333,0
1212,Forecast,104.0,2,109,109,1.8166666666666667,0,2,200,50.0,75.0,0.03333333333333333,0
1213,Forecast,84.0,2,104,104,1.7333333333333334,0,2,200,50.0,75.0,0.03333333333333333,0
1214,Forecast,97.0,2,84,84,1.4,0,2,200,50.0,75.0,0.03333333333333333,0
1215,Forecast,93.0,2,97,97,1.6166666666666667,0,2,200,50.0,75.0,0.03333333333333333,0
1216,Forecast,89.0,2,93,93,1.55,0,2,200,50.0,75.0,0.03333333333333333,0
1217,Forecast,99.0,2,89,89,1.4833333333333334,0,2,200,50.0,75.0,0.03333333333333333,0
1218,Forecast,124.0,2,99,99,1.65,0,2,200,50.0,75.0,0.03333333333333333,0
1219,Forecast,111.0,2,124,124,2.066666666666667,0,2,200,50.0,75.0,0.03333333333333333,0
1220,Forecast,124.0,2,111,111,1.85,0,2,200,50.0,75.0,0.03333333333333333,0
1221,Forecast,116.0,2,124,124,2.066666666666667,0,2,200,50.0,75.0,0.03333333333333333,0
1222,Forecast,119.0,2,116,116,1.9333333333333333,0,2,200,50.0,75.0,0.03333333333333333,0
1223,Forecast,103.0,2,119,119,1.9833333333333334,0,2,200,50.0,75.0,0.03333333333333333,0
1224,Forecast,117.0,2,103,103,1.7166666666666666,0,2,200,50.0,75.0,0.03333333333333333,0
1225,Forecast,119.0,2,117,117,1.95,0,2,200,50.0,75.0,0.03333333333333333,0
1226,Forecast,106.0,2,119,119,1.9833333333333334,0,2,200,50.0,75.0,0.03333333333333333,0
1227,Forecast,118.0,2,106,106,1.7666666666666666,0,2,200,50.0,75.0,0.03333333333333333,0
1228,Forecast,118.0,2,118,118,1.9666666666666666,0,2,200,50.0,75.0,0.03333333333333333,0
1229,Forecast,107.0,2,118,118,1.9666666666666666,0,2,200,50.0,75.0,0.03333333333333333,0
1230,Forecast,101.0,2,107,107,1.7833333333333334,0,2,200,50.0,75.0,0.03333333333333333,0
1231,Forecast,101.0,2,101,101,1.6833333333333333,0,2,200,50.0,75.0,0.03333333333333333,0
1232,Forecast,114.0,2,101,101,1.6833333333333333,0,2,200,50.0,75.0,0.03333333333333333,0
1233,Forecast,116.0,2,114,114,1.9,0,2,200,50.0,75.0,0.03333333333333333,0
1234,Forecast,105.0,2,116,116,1.9333333333333333,0,2,200,50.0,75.0,0.03333333333333333,0
1235,Forecast,113.0,2,105,105,1.75,0,2,200,50.0,75.0,0.03333333333333333,0
1236,Forecast,119.0,2,113,113,1.8833333333333333,0,2,200,50.0,75.0,0.03333333333333333,0
1237,Forecast,119.0,2,119,119,1.9833333333333334,0,2,200,50.0,75.0,0.03333333333333333,0
1238,Forecast,129.0,2,119,119,1.9833333333333334,0,2,200,50.0,75.0,0.03333333333333333,0
1239,Forecast,126.0,2,129,129,2.15,0,2,200,50.0,75.0,0.03333333333333333,0
1240,Forecast,104.0,2,126,126,2.1,0,2,200,50.0,75.0,0.03333333333333333,0
1241,Forecast,131.0,2,104,104,1.7333333333333334,0,2,200,50.0,75.0,0.03333333333333333,0
1242,Forecast,108.0,2,131,131,2.183333333333333,0,2,200,50.0,75.0,0.03333333333333333,0
1243,Forecast,124.0,2,108,108,1.8,0,2,200,50.0,75.0,0.03333333333333333,0
1244,Forecast,115.0,2,124,124,2.066666666666667,0,2,200,50.0,75.0,0.03333333333333333,0
1245,Forecast,110.0,2,115,115,1.9166666666666667,0,2,200,50.0,75.0,0.03333333333333333,0
1246,Forecast,96.0,2,110,110,1.8333333333333333,0,2,200,50.0,75.0,0.03333333333333333,0
1247,Forecast,113.0,2,96,96,1.6,0,2,200,50.0,75.0,0.03333333333333333,0
1248,Forecast,99.0,2,113,113,1.8833333333333333,0,2,200,50.0,75.0,0.03333333333333333,0
1249,Forecast,319.0,4,99,99,1.65,0,4,400,50.0,75.0,0.06666666666666667,0
1250,Forecast,130.0,2,319,200,3.3333333333333335,119,2,200,169.0,372.5,0.03333333333333333,0
1251,Forecast,107.0,3,130,249,4.15,0,3,300,50.0,75.0,0.05,0
1252,Forecast,118.0,2,107,107,1.7833333333333334,0,2,200,50.0,75.0,0.03333333333333333,0
1253,Forecast,108.0,2,118,118,1.9666666666666666,0,2,200,50.0,75.0,0.03333333333333333,0
1254,Forecast,109.0,2,108,108,1.8,0,2,200,50.0,75.0,0.03333333333333333,0
1255,Forecast,123.0,2,109,109,1.8166666666666667,0,2,200,50.0,75.0,0.03333333333333333,0
1256,Forecast,115.0,2,123,123,2.05,0,2,200,50.0,75.0,0.03333333333333333,0
1257,Forecast,133.0,2,115,115,1.9166666666666667,0,2,200,50.0,75.0,0.03333333333333333,0
1258,Forecast,111.0,2,133,133,2.216666666666667,0,2,200,50.0,75.0,0.03333333333333333,0
1259,Forecast,125.0,2,111,111,1.85,0,2,200,50.0,75.0,0.03333333333333333,0
1260,Forecast,116.0,2,125,125,2.0833333333333335,0,2,200,50.0,75.0,0.03333333333333333,0
1261,Forecast,123.0,2,116,116,1.9333333333333333,0,2,200,50.0,75.0,0.03333333333333333,0
1262,Forecast,111.0,2,123,123,2.05,0,2,200,50.0,75.0,0.03333333333333333,0
1263,Forecast,115.0,2,111,111,1.85,0,2,200,50.0,75.0,0.03333333333333333,0
1264,Forecast,115.0,2,115,115,1.9166666666666667,0,2,200,50.0,75.0,0.03333333333333333,0
1265,Forecast,107.0,2,115,115,1.9166666666666667,0,2,200,50.0,75.0,0.03333333333333333,0
1266,Forecast,123.0,2,107,107,1.7833333333333334,0,2,200,50.0,75.0,0.03333333333333333,0
1267,Forecast,123.0,2,123,123,2.05,0,2,200,50.0,75.0,0.03333333333333333,0
1268,Forecast,122.0,2,123,123,2.05,0,2,200,50.0,75.0,0.03333333333333333,0
1269,Forecast,132.0,2,122,122,2.033333333333333,0,2,200,50.0,75.0,0.03333333333333333,0
1270,Forecast,131.0,2,132,132,2.2,0,2,200,50.0,75.0,0.03333333333333333,0
1271,Forecast,113.0,2,131,131,2.183333333333333,0,2,200,50.0,75.0,0.03333333333333333,0
1272,Forecast,120.0,2,113,113,1.8833333333333333,0,2,200,50.0,75.0,0.03333333333333333,0
1273,Forecast,111.0,2,120,120,2.0,0,2,200,50.0,75.0,0.03333333333333333,0
1274,Forecast,117.0,2,111,111,1.85,0,2,200,50.0,75.0,0.03333333333333333,0
1275,Forecast,111.0,2,117,117,1.95,0,2,200,50.0,75.0,0.03333333333333333,0
1276,Forecast,133.0,2,111,111,1.85,0,2,200,50.0,75.0,0.03333333333333333,0
1277,Forecast,121.0,2,133,133,2.216666666666667,0,2,200,50.0,75.0,0.03333333333333333,0
1278,Forecast,115.0,2,121,121,2.0166666666666666,0,2,200,50.0,75.0,0.03333333333333333,0
1279,Forecast,130.0,2,115,115,1.9166666666666667,0,2,200,50.0,75.0,0.03333333333333333,0
1280,Forecast,96.0,2,130,130,2.1666666666666665,0,2,200,50.0,75.0,0.03333333333333333,0
1281,Forecast,98.0,2,96,96,1.6,0,2,200,50.0,75.0,0.03333333333333333,0
1282,Forecast,126.0,2,98,98,1.6333333333333333,0,2,200,50.0,75.0,0.03333333333333333,0
1283,Forecast,119.0,2,126,126,2.1,0,2,200,50.0,75.0,0.03333333333333333,0
1284,Forecast,121.0,2,119,119,1.9833333333333334,0,2,200,50.0,75.0,0.03333333333333333,0
1285,Forecast,105.0,2,121,121,2.0166666666666666,0,2,200,50.0,75.0,0.03333333333333333,0
1286,Forecast,118.0,2,105,105,1.75,0,2,200,50.0,75.0,0.03333333333333333,0
1287,Forecast,139.0,2,118,118,1.9666666666666666,0,2,200,50.0,75.0,0.03333333333333333,0
1288,Forecast,127.0,2,139,139,2.316666666666667,0,2,200,50.0,75.0,0.03333333333333333,0
1289,Forecast,121.0,2,127,127,2.1166666666666667,0,2,200,50.0,75.0,0.03333333333333333,0
1290,Forecast,115.0,2,121,121,2.0166666666666666,0,2,200,50.0,75.0,0.03333333333333333,0
1291,Forecast,115.0,2,115,115,1.9166666666666667,0,2,200,50.0,75.0,0.03333333333333333,0
1292,Forecast,98.0,2,115,115,1.9166666666666667,0,2,200,50.0,75.0,0.03333333333333333,0
1293,Forecast,122.0,2,98,98,1.6333333333333333,0,2,200,50.0,75.0,0.03333333333333333,0
1294,Forecast,128.0,2,122,122,2.033333333333333,0,2,200,50.0,75.0,0.03333333333333333,0
1295,Forecast,104.0,2,128,128,2.1333333333333333,0,2,200,50.0,75.0,0.03333333333333333,0
1296,Forecast,113.0,2,104,104,1.7333333333333334,0,2,200,50.0,75.0,0.03333333333333333,0
1297,Forecast,109.0,2,113,113,1.8833333333333333,0,2,200,50.0,75.0,0.03333333333333333,0
1298,Forecast,111.0,2,109,109,1.8166666666666667,0,2,200,50.0,75.0,0.03333333333333333,0
1299,Forecast,121.0,2,111,111,1.85,0,2,200,50.0,75.0,0.03333333333333333,0
1300,Forecast,100.0,2,121,121,2.0166666666666666,0,2,200,50.0,75.0,0.03333333333333333,0
1301,Forecast,127.0,2,100,100,1.6666666666666667,0,2,200,50.0,75.0,0.03333333333333333,0
1302,Forecast,128.0,2,127,127,2.1166666666666667,0,2,200,50.0,75.0,0.03333333333333333,0
1303,Forecast,119.0,2,128,128,2.1333333333333333,0,2,200,50.0,75.0,0.03333333333333333,0
1304,Forecast,96.0,2,119,119,1.9833333333333334,0,2,200,50.0,75.0,0.03333333333333333,0
1305,Forecast,111.0,2,96,96,1.6,0,2,200,50.0,75.0,0.03333333333333333,0
1306,Forecast,134.0,2,111,111,1.85,0,2,200,50.0,75.0,0.03333333333333333,0
1307,Forecast,94.0,2,134,134,2.2333333333333334,0,2,200,50.0,75.0,0.03333333333333333,0
1308,Forecast,118.0,2,94,94,1.5666666666666667,0,2,200,50.0,75.0,0.03333333333333333,0
1309,Forecast,110.0,2,118,118,1.9666666666666666,0,2,200,50.0,75.0,0.03333333333333333,0
1310,Forecast,130.0,2,110,110,1.8333333333333333,0,2,200,50.0,75.0,0.03333333333333333,0
1311,Forecast,115.0,2,130,130,2.1666666666666665,0,2,200,50.0,75.0,0.03333333333333333,0
1312,Forecast,126.0,2,115,115,1.9166666666666667,0,2,200,50.0,75.0,0.03333333333333333,0
1313,Forecast,128.0,2,126,126,2.1,0,2,200,50.0,75.0,0.03333333333333333,0
1314,Forecast,141.0,2,128,128,2.1333333333333333,0,2,200,50.0,75.0,0.03333333333333333,0
1315,Forecast,121.0,2,141,141,2.35,0,2,200,50.0,75.0,0.03333333333333333,0
1316,Forecast,127.0,2,121,121,2.0166666666666666,0,2,200,50.0,75.0,0.03333333333333333,0
1317,Forecast,108.0,2,127,127,2.1166666666666667,0,2,200,50.0,75.0,0.03333333333333333,0
1318,Forecast,135.0,2,108,108,1.8,0,2,200,50.0,75.0,0.03333333333333333,0
1319,Forecast,65.0,1,135,100,1.6666666666666667,35,1,100,120.0,250.0,0.016666666666666666,0
1320,Forecast,67.0,2,65,100,1.6666666666666667,0,2,200,50.0,75.0,0.03333333333333333,0
1321,Forecast,73.0,1,67,67,1.1166666666666667,0,1,100,50.0,75.0,0.016666666666666666,0
1322,Forecast,58.0,1,73,73,1.2166666666666666,0,1,100,50.0,75.0,0.016666666666666666,0
1323,Forecast,76.0,1,58,58,0.9666666666666667,0,1,100,50.0,75.0,0.016666666666666666,0
1324,Forecast,83.0,2,76,76,1.2666666666666666,0,2,200,50.0,75.0,0.03333333333333333,0
1325,Forecast,77.0,1,83,83,1.3833333333333333,0,1,100,50.0,75.0,0.016666666666666666,0
1326,Forecast,58.0,1,77,77,1.2833333333333334,0,1,100,50.0,75.0,0.016666666666666666,0
1327,Forecast,73.0,1,58,58,0.9666666666666667,0,1,100,50.0,75.0,0.016666666666666666,0
1328,Forecast,81.0,2,73,73,1.2166666666666666,0,2,200,50.0,75.0,0.03333333333333333,0
1329,Forecast,55.0,1,81,81,1.35,0,1,100,50.0,75.0,0.016666666666666666,0
1330,Forecast,64.0,1,55,55,0.9166666666666666,0,1,100,50.0,75.0,0.016666666666666666,0
1331,Forecast,83.0,2,64,64,1.0666666666666667,0,2,200,50.0,75.0,0.03333333333333333,0
1332,Forecast,77.0,1,83,83,1.3833333333333333,0,1,100,50.0,75.0,0.016666666666666666,0
1333,Forecast,79.0,1,77,77,1.2833333333333334,0,1,100,50.0,75.0,0.016666666666666666,0
1334,Forecast,94.0,2,79,79,1.3166666666666667,0,2,200,50.0,75.0,0.03333333333333333,0
1335,Forecast,80.0,1,94,94,1.5666666666666667,0,1,100,50.0,75.0,0.016666666666666666,0
1336,Forecast,82.0,2,80,80,1.3333333333333333,0,2,200,50.0,75.0,0.03333333333333333,0
1337,Forecast,103.0,2,82,82,1.3666666666666667,0,2,200,50.0,75.0,0.03333333333333333,0
1338,Forecast,73.0,1,103,100,1.6666666666666667,3,1,100,56.0,90.0,0.016666666666666666,0
1339,Forecast,68.0,1,73,76,1.2666666666666666,0,1,100,50.0,75.0,0.016666666666666666,0
1340,Forecast,80.0,1,68,68,1.1333333333333333,0,1,100,50.0,75.0,0.016666666666666666,0
1341,Forecast,80.0,1,80,80,1.3333333333333333,0,1,100,50.0,75.0,0.016666666666666666,0
1342,Forecast,71.0,1,80,80,1.3333333333333333,0,1,100,50.0,75.0,0.016666666666666666,0
1343,Forecast,66.0,1,71,71,1.1833333333333333,0,1,100,50.0,75.0,0.016666666666666666,0
1344,Forecast,100.0,2,66,66,1.1,0,2,200,50.0,75.0,0.03333333333333333,0
1345,Forecast,80.0,1,100,100,1.6666666666666667,0,1,100,50.0,75.0,0.016666666666666666,0
1346,Forecast,70.0,1,80,80,1.3333333333333333,0,1,100,50.0,75.0,0.016666666666666666,0
1347,Forecast,86.0,2,70,70,1.1666666666666667,0,2,200,50.0,75.0,0.03333333333333333,0
1348,Forecast,76.0,1,86,86,1.4333333333333333,0,1,100,50.0,75.0,0.016666666666666666,0
1349,Forecast,75.0,1,76,76,1.2666666666666666,0,1,100,50.0,75.0,0.016666666666666666,0
1350,Forecast,83.0,2,75,75,1.25,0,2,200,50.0,75.0,0.03333333333333333,0
1351,Forecast,65.0,1,83,83,1.3833333333333333,0,1,100,50.0,75.0,0.016666666666666666,0
1352,Forecast,81.0,2,65,65,1.0833333333333333,0,2,200,50.0,75.0,0.03333333333333333,0
1353,Forecast,97.0,2,81,81,1.35,0,2,200,50.0,75.0,0.03333333333333333,0
1354,Forecast,83.0,2,97,97,1.6166666666666667,0,2,200,50.0,75.0,0.03333333333333333,0
1355,Forecast,75.0,1,83,83,1.3833333333333333,0,1,100,50.0,75.0,0.016666666666666666,0
1356,Forecast,73.0,1,75,75,1.25,0,1,100,50.0,75.0,0.016666666666666666,0
1357,Forecast,75.0,1,73,73,1.2166666666666666,0,1,100,50.0,75.0,0.016666666666666666,0
1358,Forecast,76.0,1,75,75,1.25,0,1,100,50.0,75.0,0.016666666666666666,0
1359,Forecast,75.0,1,76,76,1.2666666666666666,0,1,100,50.0,75.0,0.016666666666666666,0
1360,Forecast,88.0,2,75,75,1.25,0,2,200,50.0,75.0,0.03333333333333333,0
1361,Forecast,62.0,1,88,88,1.4666666666666666,0,1,100,50.0,75.0,0.016666666666666666,0
1362,Forecast,88.0,2,62,62,1.0333333333333334,0,2,200,50.0,75.0,0.03333333333333333,0
1363,Forecast,76.0,1,88,88,1.4666666666666666,0,1,100,50.0,75.0,0.016666666666666666,0
1364,Forecast,84.0,2,76,76,1.2666666666666666,0,2,200,50.0,75.0,0.03333333333333333,0
1365,Forecast,69.0,1,84,84,1.4,0,1,100,50.0,75.0,0.016666666666666666,0
1366,Forecast,93.0,2,69,69,1.15,0,2,200,50.0,75.0,0.03333333333333333,0
1367,Forecast,93.0,2,93,93,1.55,0,2,200,50.0,75.0,0.03333333333333333,0
1368,Forecast,90.0,2,93,93,1.55,0,2,200,50.0,75.0,0.03333333333333333,0
1369,Forecast,66.0,1,90,90,1.5,0,1,100,50.0,75.0,0.016666666666666666,0
1370,Forecast,89.0,2,66,66,1.1,0,2,200,50.0,75.0,0.03333333333333333,0
1371,Forecast,85.0,2,89,89,1.4833333333333334,0,2,200,50.0,75.0,0.03333333333333333,0
1372,Forecast,65.0,1,85,85,1.4166666666666667,0,1,100,50.0,75.0,0.016666666666666666,0
1373,Forecast,81.0,2,65,65,1.0833333333333333,0,2,200,50.0,75.0,0.03333333333333333,0
1374,Forecast,85.0,2,81,81,1.35,0,2,200,50.0,75.0,0.03333333333333333,0
1375,Forecast,87.0,2,85,85,1.4166666666666667,0,2,200,50.0,75.0,0.03333333333333333,0
1376,Forecast,84.0,2,87,87,1.45,0,2,200,50.0,75.0,0.03333333333333333,0
1377,Forecast,85.0,2,84,84,1.4,0,2,200,50.0,75.0,0.03333333333333333,0
1378,Forecast,97.0,2,85,85,1.4166666666666667,0,2,200,50.0,75.0,0.03333333333333333,0
1379,Forecast,94.0,2,97,97,1.6166666666666667,0,2,200,50.0,75.0,0.03333333333333333,0
1380,Forecast,53.0,1,94,94,1.5666666666666667,0,1,100,50.0,75.0,0.016666666666666666,0
1381,Forecast,79.0,1,53,53,0.8833333333333333,0,1,100,50.0,75.0,0.016666666666666666,0
1382,Forecast,81.0,2,79,79,1.3166666666666667,0,2,200,50.0,75.0,0.03333333333333333,0
1383,Forecast,65.0,1,81,81,1.35,0,1,100,50.0,75.0,0.016666666666666666,0
1384,Forecast,83.0,2,65,65,1.0833333333333333,0,2,200,50.0,75.0,0.03333333333333333,0
1385,Forecast,95.0,2,83,83,1.3833333333333333,0,2,200,50.0,75.0,0.03333333333333333,0
1386,Forecast,72.0,1,95,95,1.5833333333333333,0,1,100,50.0,75.0,0.016666666666666666,0
1387,Forecast,86.0,2,72,72,1.2,0,2,200,50.0,75.0,0.03333333333333333,0
1388,Forecast,74.0,1,86,86,1.4333333333333333,0,1,100,50.0,75.0,0.016666666666666666,0
1389,Forecast,77.0,1,74,74,1.2333333333333334,0,1,100,50.0,75.0,0.016666666666666666,0
1390,Forecast,98.0,2,77,77,1.2833333333333334,0,2,200,50.0,75.0,0.03333333333333333,0
1391,Forecast,78.0,1,98,98,1.6333333333333333,0,1,100,50.0,75.0,0.016666666666666666,0
1392,Forecast,88.0,2,78,78,1.3,0,2,200,50.0,75.0,0.03333333333333333,0
1393,Forecast,65.0,1,88,88,1.4666666666666666,0,1,100,50.0,75.0,0.016666666666666666,0
1394,Forecast,103.0,2,65,65,1.0833333333333333,0,2,200,50.0,75.0,0.03333333333333333,0
1395,Forecast,90.0,2,103,103,1.7166666666666666,0,2,200,50.0,75.0,0.03333333333333333,0
1396,Forecast,83.0,2,90,90,1.5,0,2,200,50.0,75.0,0.03333333333333333,0
1397,Forecast,90.0,2,83,83,1.3833333333333333,0,2,200,50.0,75.0,0.03333333333333333,0
1398,Forecast,180.0,3,90,90,1.5,0,3,300,50.0,75.0,0.05,0
1399,Forecast,97.0,2,180,180,3.0,0,2,200,50.0,75.0,0.03333333333333333,0
1400,Forecast,82.0,2,97,97,1.6166666666666667,0,2,200,50.0,75.0,0.03333333333333333,0
1401,Forecast,83.0,2,82,82,1.3666666666666667,0,2,200,50.0,75.0,0.03333333333333333,0
1402,Forecast,81.0,2,83,83,1.3833333333333333,0,2,200,50.0,75.0,0.03333333333333333,0
1403,Forecast,80.0,1,81,81,1.35,0,1,100,50.0,75.0,0.016666666666666666,0
1404,Forecast,93.0,2,80,80,1.3333333333333333,0,2,200,50.0,75.0,0.03333333333333333,0
1405,Forecast,89.0,2,93,93,1.55,0,2,200,50.0,75.0,0.03333333333333333,0
1406,Forecast,93.0,2,89,89,1.4833333333333334,0,2,200,50.0,75.0,0.03333333333333333,0
1407,Forecast,86.0,2,93,93,1.55,0,2,200,50.0,75.0,0.03333333333333333,0
1408,Forecast,92.0,2,86,86,1.4333333333333333,0,2,200,50.0,75.0,0.03333333333333333,0
1409,Forecast,83.0,2,92,92,1.5333333333333334,0,2,200,50.0,75.0,0.03333333333333333,0
1410,Forecast,109.0,2,83,83,1.3833333333333333,0,2,200,50.0,75.0,0.03333333333333333,0
1411,Forecast,71.0,1,109,100,1.6666666666666667,9,1,100,68.0,120.0,0.016666666666666666,0
1412,Forecast,100.0,2,71,80,1.3333333333333333,0,2,200,50.0,75.0,0.03333333333333333,0
1413,Forecast,101.0,2,100,100,1.6666666666666667,0,2,200,50.0,75.0,0.03333333333333333,0
1414,Forecast,79.0,1,101,100,1.6666666666666667,1,1,100,52.0,80.0,0.016666666666666666,0
1415,Forecast,110.0,2,79,80,1.3333333333333333,0,2,200,50.0,75.0,0.03333333333333333,0
1416,Forecast,98.0,2,110,110,1.8333333333333333,0,2,200,50.0,75.0,0.03333333333333333,0
1417,Forecast,98.0,2,98,98,1.6333333333333333,0,2,200,50.0,75.0,0.03333333333333333,0
1418,Forecast,89.0,2,98,98,1.6333333333333333,0,2,200,50.0,75.0,0.03333333333333333,0
1419,Forecast,86.0,2,89,89,1.4833333333333334,0,2,200,50.0,75.0,0.03333333333333333,0
1420,Forecast,87.0,2,86,86,1.4333333333333333,0,2,200,50.0,75.0,0.03333333333333333,0
1421,Forecast,93.0,2,87,87,1.45,0,2,200,50.0,75.0,0.03333333333333333,0
1422,Forecast,103.0,2,93,93,1.55,0,2,200,50.0,75.0,0.03333333333333333,0
1423,Forecast,91.0,2,103,103,1.7166666666666666,0,2,200,50.0,75.0,0.03333333333333333,0
1424,Forecast,80.0,1,91,91,1.5166666666666666,0,1,100,50.0,75.0,0.016666666666666666,0
1425,Forecast,98.0,2,80,80,1.3333333333333333,0,2,200,50.0,75.0,0.03333333333333333,0
1426,Forecast,99.0,2,98,98,1.6333333333333333,0,2,200,50.0,75.0,0.03333333333333333,0
1427,Forecast,96.0,2,99,99,1.65,0,2,200,50.0,75.0,0.03333333333333333,0
1428,Forecast,98.0,2,96,96,1.6,0,2,200,50.0,75.0,0.03333333333333333,0
1429,Forecast,88.0,2,98,98,1.6333333333333333,0,2,200,50.0,75.0,0.03333333333333333,0
1430,Forecast,81.0,2,88,88,1.4666666666666666,0,2,200,50.0,75.0,0.03333333333333333,0
1431,Forecast,82.0,2,81,81,1.35,0,2,200,50.0,75.0,0.03333333333333333,0
1432,Forecast,74.0,1,82,82,1.3666666666666667,0,1,100,50.0,75.0,0.016666666666666666,0
1433,Forecast,93.0,2,74,74,1.2333333333333334,0,2,200,50.0,75.0,0.03333333333333333,0
1434,Forecast,90.0,2,93,93,1.55,0,2,200,50.0,75.0,0.03333333333333333,0
1435,Forecast,87.0,2,90,90,1.5,0,2,200,50.0,75.0,0.03333333333333333,0
1436,Forecast,62.0,1,87,87,1.45,0,1,100,50.0,75.0,0.016666666666666666,0
1437,Forecast,79.0,1,62,62,1.0333333333333334,0,1,100,50.0,75.0,0.016666666666666666,0
1438,Forecast,103.0,2,79,79,1.3166666666666667,0,2,200,50.0,75.0,0.03333333333333333,0
1439,Forecast,103.0,2,103,103,1.7166666666666666,0,2,200,50.0,75.0,0.03333333333333333,0
