step,strategy,forecast_requests,target_instances,incoming_requests,processed_requests,throughput,queue_length,active_instances,total_capacity,estimated_latency_ms,estimated_p95_latency_ms,infrastructure_cost,sla_violations
0,Optimization,,2,112,112,1.8666666666666667,0,2,200,50.0,75.0,0.03333333333333333,0
1,Optimization,,1,98,98,1.6333333333333333,0,1,100,50.0,75.0,0.016666666666666666,0
2,Optimization,,2,117,117,1.95,0,2,200,50.0,75.0,0.03333333333333333,0
3,Optimization,,2,119,119,1.9833333333333334,0,2,200,50.0,75.0,0.03333333333333333,0
4,Optimization,,1,90,90,1.5,0,1,100,50.0,75.0,0.016666666666666666,0
5,Optimization,,1,97,97,1.6166666666666667,0,1,100,50.0,75.0,0.016666666666666666,0
6,Optimization,,2,111,111,1.85,0,2,200,50.0,75.0,0.03333333333333333,0
7,Optimization,,2,107,107,1.7833333333333334,0,2,200,50.0,75.0,0.03333333333333333,0
8,Optimization,,2,110,110,1.8333333333333333,0,2,200,50.0,75.0,0.03333333333333333,0
9,Optimization,,2,102,102,1.7,0,2,200,50.0,75.0,0.03333333333333333,0
10,Optimization,,2,119,119,1.9833333333333334,0,2,200,50.0,75.0,0.03333333333333333,0
11,Optimization,,2,118,118,1.9666666666666666,0,2,200,50.0,75.0,0.03333333333333333,0
12,Optimization,,2,111,111,1.85,0,2,200,50.0,75.0,0.03333333333333333,0
13,Optimization,,2,122,122,2.033333333333333,0,2,200,50.0,75.0,0.03333333333333333,0
14,Optimization,,2,116,116,1.9333333333333333,0,2,200,50.0,75.0,0.03333333333333333,0
15,Optimization,,2,103,103,1.7166666666666666,0,2,200,50.0,75.0,0.03333333333333333,0
16,Optimization,,2,115,115,1.9166666666666667,0,2,200,50.0,75.0,0.03333333333333333,0
17,Optimization,,2,102,102,1.7,0,2,200,50.0,75.0,0.03333333333333333,0
18,Optimization,,2,121,121,2.0166666666666666,0,2,200,50.0,75.0,0.03333333333333333,0
19,Optimization,,2,111,111,1.85,0,2,200,50.0,75.0,0.03333333333333333,0
20,Optimization,,2,110,110,1.8333333333333333,0,2,200,50.0,75.0,0.03333333333333333,0
21,Optimization,,2,106,106,1.7666666666666666,0,2,200,50.0,75.0,0.03333333333333333,0
22,Optimization,,2,125,125,2.0833333333333335,0,2,200,50.0,75.0,0.03333333333333333,0
23,Optimization,,2,111,111,1.85,0,2,200,50.0,75.0,0.03333333333333333,0
24,Optimization,,2,109,109,1.8166666666666667,0,2,200,50.0,75.0,0.03333333333333333,0
25,Optimization,,2,110,110,1.8333333333333333,0,2,200,50.0,75.0,0.03333333333333333,0
26,Optimization,,2,119,119,1.9833333333333334,0,2,200,50.0,75.0,0.03333333333333333,0
27,Optimization,,2,117,117,1.95,0,2,200,50.0,75.0,0.03333333333333333,0
28,Optimization,,2,118,118,1.9666666666666666,0,2,200,50.0,75.0,0.03333333333333333,0
29,Optimization,,2,118,118,1.9666666666666666,0,2,200,50.0,75.0,0.03333333333333333,0
30,Optimization,,2,135,135,2.25,0,2,200,50.0,75.0,0.03333333333333333,0
31,Optimization,,2,110,110,1.8333333333333333,0,2,200,50.0,75.0,0.03333333333333333,0
32,Optimization,,2,109,109,1.8166666666666667,0,2,200,50.0,75.0,0.03333333333333333,0
33,Optimization,,2,106,106,1.7666666666666666,0,2,200,50.0,75.0,0.03333333333333333,0
34,Optimization,,2,121,121,2.0166666666666666,0,2,200,50.0,75.0,0.03333333333333333,0
35,Optimization,,2,126,126,2.1,0,2,200,50.0,75.0,0.03333333333333333,0
36,Optimization,,2,114,114,1.9,0,2,200,50.0,75.0,0.03333333333333333,0
37,Optimization,,2,107,107,1.7833333333333334,0,2,200,50.0,75.0,0.03333333333333333,0
38,Optimization,,2,107,107,1.7833333333333334,0,2,200,50.0,75.0,0.03333333333333333,0
39,Optimization,,2,122,122,2.033333333333333,0,2,200,50.0,75.0,0.03333333333333333,0
40,Optimization,,2,123,123,2.05,0,2,200,50.0,75.0,0.03333333333333333,0
41,Optimization,,2,121,121,2.0166666666666666,0,2,200,50.0,75.0,0.03333333333333333,0
42,Optimization,,2,109,109,1.8166666666666667,0,2,200,50.0,75.0,0.03333333333333333,0
43,Optimization,,2,118,118,1.9666666666666666,0,2,200,50.0,75.0,0.03333333333333333,0
44,Optimization,,2,117,117,1.95,0,2,200,50.0,75.0,0.03333333333333333,0
45,Optimization,,2,119,119,1.9833333333333334,0,2,200,50.0,75.0,0.03333333333333333,0
46,Optimization,,2,125,125,2.0833333333333335,0,2,200,50.0,75.0,0.03333333333333333,0
47,Optimization,,2,119,119,1.9833333333333334,0,2,200,50.0,75.0,0.03333333333333333,0
48,Optimization,,2,124,124,2.066666666666667,0,2,200,50.0,75.0,0.03333333333333333,0
49,Optimization,,2,118,118,1.9666666666666666,0,2,200,50.0,75.0,0.03333333333333333,0
50,Optimization,,2,120,120,2.0,0,2,200,50.0,75.0,0.03333333333333333,0
51,Optimization,,2,124,124,2.066666666666667,0,2,200,50.0,75.0,0.03333333333333333,0
52,Optimization,,2,103,103,1.7166666666666666,0,2,200,50.0,75.0,0.03333333333333333,0
53,Optimization,,2,115,115,1.9166666666666667,0,2,200,50.0,75.0,0.03333333333333333,0
54,Optimization,,2,113,113,1.8833333333333333,0,2,200,50.0,75.0,0.03333333333333333,0
55,Optimization,,2,112,112,1.8666666666666667,0,2,200,50.0,75.0,0.03333333333333333,0
56,Optimization,,2,116,116,1.9333333333333333,0,2,200,50.0,75.0,0.03333333333333333,0
57,Optimization,,2,133,133,2.216666666666667,0,2,200,50.0,75.0,0.03333333333333333,0
58,Optimization,,2,110,110,1.8333333333333333,0,2,200,50.0,75.0,0.03333333333333333,0
59,Optimization,,2,129,129,2.15,0,2,200,50.0,75.0,0.03333333333333333,0
60,Optimization,,2,102,102,1.7,0,2,200,50.0,75.0,0.03333333333333333,0
61,Optimization,,2,115,115,1.9166666666666667,0,2,200,50.0,75.0,0.03333333333333333,0
62,Optimization,,2,120,120,2.0,0,2,200,50.0,75.0,0.03333333333333333,0
63,Optimization,,2,125,125,2.0833333333333335,0,2,200,50.0,75.0,0.03333333333333333,0
64,Optimization,,2,126,126,2.1,0,2,200,50.0,75.0,0.03333333333333333,0
65,Optimization,,2,127,127,2.1166666666666667,0,2,200,50.0,75.0,0.03333333333333333,0
66,Optimization,,2,116,116,1.9333333333333333,0,2,200,50.0,75.0,0.03333333333333333,0
67,Optimization,,2,115,115,1.9166666666666667,0,2,200,50.0,75.0,0.03333333333333333,0
68,Optimization,,2,128,128,2.1333333333333333,0,2,200,50.0,75.0,0.03333333333333333,0
69,Optimization,,2,118,118,1.9666666666666666,0,2,200,50.0,75.0,0.03333333333333333,0
70,Optimization,,2,107,107,1.7833333333333334,0,2,200,50.0,75.0,0.03333333333333333,0
71,Optimization,,2,109,109,1.8166666666666667,0,2,200,50.0,75.0,0.03333333333333333,0
72,Optimization,,2,111,111,1.85,0,2,200,50.0,75.0,0.03333333333333333,0
73,Optimization,,2,125,125,2.0833333333333335,0,2,200,50.0,75.0,0.03333333333333333,0
74,Optimization,,2,122,122,2.033333333333333,0,2,200,50.0,75.0,0.03333333333333333,0
75,Optimization,,2,128,128,2.1333333333333333,0,2,200,50.0,75.0,0.03333333333333333,0
76,Optimization,,2,117,117,1.95,0,2,200,50.0,75.0,0.03333333333333333,0
77,Optimization,,2,123,123,2.05,0,2,200,50.0,75.0,0.03333333333333333,0
78,Optimization,,2,128,128,2.1333333333333333,0,2,200,50.0,75.0,0.03333333333333333,0
79,Optimization,,2,118,118,1.9666666666666666,0,2,200,50.0,75.0,0.03333333333333333,0
80,Optimization,,2,126,126,2.1,0,2,200,50.0,75.0,0.03333333333333333,0
81,Optimization,,2,115,115,1.9166666666666667,0,2,200,50.0,75.0,0.03333333333333333,0
82,Optimization,,2,118,118,1.9666666666666666,0,2,200,50.0,75.0,0.03333333333333333,0
83,Optimization,,2,118,118,1.9666666666666666,0,2,200,50.0,75.0,0.03333333333333333,0
84,Optimization,,2,110,110,1.8333333333333333,0,2,200,50.0,75.0,0.03333333333333333,0
85,Optimization,,2,127,127,2.1166666666666667,0,2,200,50.0,75.0,0.03333333333333333,0
86,Optimization,,2,118,118,1.9666666666666666,0,2,200,50.0,75.0,0.03333333333333333,0
87,Optimization,,2,123,123,2.05,0,2,200,50.0,75.0,0.03333333333333333,0
88,Optimization,,2,128,128,2.1333333333333333,0,2,200,50.0,75.0,0.03333333333333333,0
89,Optimization,,2,128,128,2.1333333333333333,0,2,200,50.0,75.0,0.03333333333333333,0
90,Optimization,,2,130,130,2.1666666666666665,0,2,200,50.0,75.0,0.03333333333333333,0
91,Optimization,,2,122,122,2.033333333333333,0,2,200,50.0,75.0,0.03333333333333333,0
92,Optimization,,2,119,119,1.9833333333333334,0,2,200,50.0,75.0,0.03333333333333333,0
93,Optimization,,2,123,123,2.05,0,2,200,50.0,75.0,0.03333333333333333,0
94,Optimization,,2,107,107,1.7833333333333334,0,2,200,50.0,75.0,0.03333333333333333,0
95,Optimization,,2,110,110,1.8333333333333333,0,2,200,50.0,75.0,0.03333333333333333,0
96,Optimization,,2,111,111,1.85,0,2,200,50.0,75.0,0.03333333333333333,0
97,Optimization,,2,114,114,1.9,0,2,200,50.0,75.0,0.03333333333333333,0
98,Optimization,,2,129,129,2.15,0,2,200,50.0,75.0,0.03333333333333333,0
99,Optimization,,2,116,116,1.9333333333333333,0,2,200,50.0,75.0,0.03333333333333333,0
100,Optimization,,2,121,121,2.0166666666666666,0,2,200,50.0,75.0,0.03333333333333333,0
101,Optimization,,2,138,138,2.3,0,2,200,50.0,75.0,0.03333333333333333,0
102,Optimization,,2,122,122,2.033333333333333,0,2,200,50.0,75.0,0.03333333333333333,0
103,Optimization,,2,133,133,2.216666666666667,0,2,200,50.0,75.0,0.03333333333333333,0
104,Optimization,,2,116,116,1.9333333333333333,0,2,200,50.0,75.0,0.03333333333333333,0
105,Optimization,,2,124,124,2.066666666666667,0,2,200,50.0,75.0,0.03333333333333333,0
106,Optimization,,2,116,116,1.9333333333333333,0,2,200,50.0,75.0,0.03333333333333333,0
107,Optimization,,2,123,123,2.05,0,2,200,50.0,75.0,0.03333333333333333,0
108,Optimization,,2,135,135,2.25,0,2,200,50.0,75.0,0.03333333333333333,0
109,Optimization,,2,109,109,1.8166666666666667,0,2,200,50.0,75.0,0.03333333333333333,0
110,Optimization,,2,131,131,2.183333333333333,0,2,200,50.0,75.0,0.03333333333333333,0
111,Optimization,,2,129,129,2.15,0,2,200,50.0,75.0,0.03333333333333333,0
112,Optimization,,2,121,121,2.0166666666666666,0,2,200,50.0,75.0,0.03333333333333333,0
113,Optimization,,2,112,112,1.8666666666666667,0,2,200,50.0,75.0,0.03333333333333333,0
114,Optimization,,2,128,128,2.1333333333333333,0,2,200,50.0,75.0,0.03333333333333333,0
115,Optimization,,2,122,122,2.033333333333333,0,2,200,50.0,75.0,0.03333333333333333,0
116,Optimization,,2,130,130,2.1666666666666665,0,2,200,50.0,75.0,0.03333333333333333,0
117,Optimization,,2,128,128,2.1333333333333333,0,2,200,50.0,75.0,0.03333333333333333,0
118,Optimization,,2,144,144,2.4,0,2,200,50.0,75.0,0.03333333333333333,0
119,Optimization,,2,125,125,2.0833333333333335,0,2,200,50.0,75.0,0.03333333333333333,0
120,Optimization,,2,117,117,1.95,0,2,200,50.0,75.0,0.03333333333333333,0
121,Optimization,,2,129,129,2.15,0,2,200,50.0,75.0,0.03333333333333333,0
122,Optimization,,2,130,130,2.1666666666666665,0,2,200,50.0,75.0,0.03333333333333333,0
123,Optimization,,2,141,141,2.35,0,2,200,50.0,75.0,0.03333333333333333,0
124,Optimization,,2,136,136,2.2666666666666666,0,2,200,50.0,75.0,0.03333333333333333,0
125,Optimization,,2,132,132,2.2,0,2,200,50.0,75.0,0.03333333333333333,0
126,Optimization,,2,143,143,2.3833333333333333,0,2,200,50.0,75.0,0.03333333333333333,0
127,Optimization,,2,116,116,1.9333333333333333,0,2,200,50.0,75.0,0.03333333333333333,0
128,Optimization,,2,122,122,2.033333333333333,0,2,200,50.0,75.0,0.03333333333333333,0
129,Optimization,,2,119,119,1.9833333333333334,0,2,200,50.0,75.0,0.03333333333333333,0
130,Optimization,,2,125,125,2.0833333333333335,0,2,200,50.0,75.0,0.03333333333333333,0
131,Optimization,,2,115,115,1.9166666666666667,0,2,200,50.0,75.0,0.03333333333333333,0
132,Optimization,,2,135,135,2.25,0,2,200,50.0,75.0,0.03333333333333333,0
133,Optimization,,2,127,127,2.1166666666666667,0,2,200,50.0,75.0,0.03333333333333333,0
134,Optimization,,2,115,115,1.9166666666666667,0,2,200,50.0,75.0,0.03333333333333333,0
135,Optimization,,2,119,119,1.9833333333333334,0,2,200,50.0,75.0,0.03333333333333333,0
136,Optimization,,3,275,275,4.583333333333333,0,3,300,50.0,75.0,0.05,0
137,Optimization,,2,138,138,2.3,0,2,200,50.0,75.0,0.03333333333333333,0
138,Optimization,,2,150,150,2.5,0,2,200,50.0,75.0,0.03333333333333333,0
139,Optimization,,2,159,159,2.65,0,2,200,50.0,75.0,0.03333333333333333,0
140,Optimization,,2,134,134,2.2333333333333334,0,2,200,50.0,75.0,0.03333333333333333,0
141,Optimization,,2,120,120,2.0,0,2,200,50.0,75.0,0.03333333333333333,0
142,Optimization,,2,109,109,1.8166666666666667,0,2,200,50.0,75.0,0.03333333333333333,0
143,Optimization,,2,133,133,2.216666666666667,0,2,200,50.0,75.0,0.03333333333333333,0
144,Optimization,,2,123,123,2.05,0,2,200,50.0,75.0,0.03333333333333333,0
145,Optimization,,2,127,127,2.1166666666666667,0,2,200,50.0,75.0,0.03333333333333333,0
146,Optimization,,2,125,125,2.0833333333333335,0,2,200,50.0,75.0,0.03333333333333333,0
147,Optimization,,2,130,130,2.1666666666666665,0,2,200,50.0,75.0,0.03333333333333333,0
148,Optimization,,2,142,142,2.3666666666666667,0,2,200,50.0,75.0,0.03333333333333333,0
149,Optimization,,2,133,133,2.216666666666667,0,2,200,50.0,75.0,0.03333333333333333,0
150,Optimization,,2,130,130,2.1666666666666665,0,2,200,50.0,75.0,0.03333333333333333,0
151,Optimization,,2,121,121,2.0166666666666666,0,2,200,50.0,75.0,0.03333333333333333,0
152,Optimization,,2,115,115,1.9166666666666667,0,2,200,50.0,75.0,0.03333333333333333,0
153,Optimization,,2,127,127,2.1166666666666667,0,2,200,50.0,75.0,0.03333333333333333,0
154,Optimization,,2,132,132,2.2,0,2,200,50.0,75.0,0.03333333333333333,0
155,Optimization,,2,150,150,2.5,0,2,200,50.0,75.0,0.03333333333333333,0
156,Optimization,,2,134,134,2.2333333333333334,0,2,200,50.0,75.0,0.03333333333333333,0
157,Optimization,,2,142,142,2.3666666666666667,0,2,200,50.0,75.0,0.03333333333333333,0
158,Optimization,,2,128,128,2.1333333333333333,0,2,200,50.0,75.0,0.03333333333333333,0
159,Optimization,,2,121,121,2.0166666666666666,0,2,200,50.0,75.0,0.03333333333333333,0
160,Optimization,,2,123,123,2.05,0,2,200,50.0,75.0,0.03333333333333333,0
161,Optimization,,2,126,126,2.1,0,2,200,50.0,75.0,0.03333333333333333,0
162,Optimization,,2,155,155,2.5833333333333335,0,2,200,50.0,75.0,0.03333333333333333,0
163,Optimization,,2,125,125,2.0833333333333335,0,2,200,50.0,75.0,0.03333333333333333,0
164,Optimization,,2,142,142,2.3666666666666667,0,2,200,50.0,75.0,0.03333333333333333,0
165,Optimization,,2,125,125,2.0833333333333335,0,2,200,50.0,75.0,0.03333333333333333,0
166,Optimization,,2,143,143,2.3833333333333333,0,2,200,50.0,75.0,0.03333333333333333,0
167,Optimization,,2,138,138,2.3,0,2,200,50.0,75.0,0.03333333333333333,0
168,Optimization,,2,133,133,2.216666666666667,0,2,200,50.0,75.0,0.03333333333333333,0
169,Optimization,,2,134,134,2.2333333333333334,0,2,200,50.0,75.0,0.03333333333333333,0
170,Optimization,,2,128,128,2.1333333333333333,0,2,200,50.0,75.0,0.03333333333333333,0
171,Optimization,,2,139,139,2.316666666666667,0,2,200,50.0,75.0,0.03333333333333333,0
172,Optimization,,2,130,130,2.1666666666666665,0,2,200,50.0,75.0,0.03333333333333333,0
173,Optimization,,2,122,122,2.033333333333333,0,2,200,50.0,75.0,0.03333333333333333,0
174,Optimization,,2,122,122,2.033333333333333,0,2,200,50.0,75.0,0.03333333333333333,0
175,Optimization,,2,137,137,2.283333333333333,0,2,200,50.0,75.0,0.03333333333333333,0
176,Optimization,,2,151,151,2.5166666666666666,0,2,200,50.0,75.0,0.03333333333333333,0
177,Optimization,,2,137,137,2.283333333333333,0,2,200,50.0,75.0,0.03333333333333333,0
178,Optimization,,2,134,134,2.2333333333333334,0,2,200,50.0,75.0,0.03333333333333333,0
179,Optimization,,2,138,138,2.3,0,2,200,50.0,75.0,0.03333333333333333,0
180,Optimization,,2,148,148,2.466666666666667,0,2,200,50.0,75.0,0.03333333333333333,0
181,Optimization,,2,137,137,2.283333333333333,0,2,200,50.0,75.0,0.03333333333333333,0
182,Optimization,,2,131,131,2.183333333333333,0,2,200,50.0,75.0,0.03333333333333333,0
183,Optimization,,2,146,146,2.433333333333333,0,2,200,50.0,75.0,0.03333333333333333,0
184,Optimization,,2,140,140,2.3333333333333335,0,2,200,50.0,75.0,0.03333333333333333,0
185,Optimization,,2,151,151,2.5166666666666666,0,2,200,50.0,75.0,0.03333333333333333,0
186,Optimization,,2,137,137,2.283333333333333,0,2,200,50.0,75.0,0.03333333333333333,0
187,Optimization,,2,123,123,2.05,0,2,200,50.0,75.0,0.03333333333333333,0
188,Optimization,,2,122,122,2.033333333333333,0,2,200,50.0,75.0,0.03333333333333333,0
189,Optimization,,2,152,152,2.533333333333333,0,2,200,50.0,75.0,0.03333333333333333,0
190,Optimization,,2,153,153,2.55,0,2,200,50.0,75.0,0.03333333333333333,0
191,Optimization,,2,134,134,2.2333333333333334,0,2,200,50.0,75.0,0.03333333333333333,0
192,Optimization,,4,332,332,5.533333333333333,0,4,400,50.0,75.0,0.06666666666666667,0
193,Optimization,,4,351,351,5.85,0,4,400,50.0,75.0,0.06666666666666667,0
194,Optimization,,4,325,325,5.416666666666667,0,4,400,50.0,75.0,0.06666666666666667,0
195,Optimization,,4,328,328,5.466666666666667,0,4,400,50.0,75.0,0.06666666666666667,0
196,Optimization,,4,343,343,5.716666666666667,0,4,400,50.0,75.0,0.06666666666666667,0
197,Optimization,,4,333,333,5.55,0,4,400,50.0,75.0,0.06666666666666667,0
198,Optimization,,4,337,337,5.616666666666666,0,4,400,50.0,75.0,0.06666666666666667,0
199,Optimization,,4,336,336,5.6,0,4,400,50.0,75.0,0.06666666666666667,0
200,Optimization,,4,341,341,5.683333333333334,0,4,400,50.0,75.0,0.06666666666666667,0
201,Optimization,,4,351,351,5.85,0,4,400,50.0,75.0,0.06666666666666667,0
202,Optimization,,4,338,338,5.633333333333334,0,4,400,50.0,75.0,0.06666666666666667,0
203,Optimization,,4,344,344,5.733333333333333,0,4,400,50.0,75.0,0.06666666666666667,0
204,Optimization,,2,117,117,1.95,0,2,200,50.0,75.0,0.03333333333333333,0
205,Optimization,,2,137,137,2.283333333333333,0,2,200,50.0,75.0,0.03333333333333333,0
206,Optimization,,2,129,129,2.15,0,2,200,50.0,75.0,0.03333333333333333,0
207,Optimization,,2,126,126,2.1,0,2,200,50.0,75.0,0.03333333333333333,0
208,Optimization,,2,129,129,2.15,0,2,200,50.0,75.0,0.03333333333333333,0
209,Optimization,,2,135,135,2.25,0,2,200,50.0,75.0,0.03333333333333333,0
210,Optimization,,2,147,147,2.45,0,2,200,50.0,75.0,0.03333333333333333,0
211,Optimization,,2,125,125,2.0833333333333335,0,2,200,50.0,75.0,0.03333333333333333,0
212,Optimization,,2,139,139,2.316666666666667,0,2,200,50.0,75.0,0.03333333333333333,0
213,Optimization,,2,134,134,2.2333333333333334,0,2,200,50.0,75.0,0.03333333333333333,0
214,Optimization,,2,135,135,2.25,0,2,200,50.0,75.0,0.03333333333333333,0
215,Optimization,,2,149,149,2.4833333333333334,0,2,200,50.0,75.0,0.03333333333333333,0
216,Optimization,,2,144,144,2.4,0,2,200,50.0,75.0,0.03333333333333333,0
217,Optimization,,2,152,152,2.533333333333333,0,2,200,50.0,75.0,0.03333333333333333,0
218,Optimization,,2,138,138,2.3,0,2,200,50.0,75.0,0.03333333333333333,0
219,Optimization,,2,132,132,2.2,0,2,200,50.0,75.0,0.03333333333333333,0
220,Optimization,,2,137,137,2.283333333333333,0,2,200,50.0,75.0,0.03333333333333333,0
221,Optimization,,2,142,142,2.3666666666666667,0,2,200,50.0,75.0,0.03333333333333333,0
222,Optimization,,2,141,141,2.35,0,2,200,50.0,75.0,0.03333333333333333,0
223,Optimization,,2,129,129,2.15,0,2,200,50.0,75.0,0.03333333333333333,0
224,Optimization,,2,141,141,2.35,0,2,200,50.0,75.0,0.03333333333333333,0
225,Optimization,,2,142,142,2.3666666666666667,0,2,200,50.0,75.0,0.03333333333333333,0
226,Optimization,,2,165,165,2.75,0,2,200,50.0,75.0,0.03333333333333333,0
227,Optimization,,2,159,159,2.65,0,2,200,50.0,75.0,0.03333333333333333,0
228,Optimization,,2,132,132,2.2,0,2,200,50.0,75.0,0.03333333333333333,0
229,Optimization,,2,137,137,2.283333333333333,0,2,200,50.0,75.0,0.03333333333333333,0
230,Optimization,,2,126,126,2.1,0,2,200,50.0,75.0,0.03333333333333333,0
231,Optimization,,2,135,135,2.25,0,2,200,50.0,75.0,0.03333333333333333,0
232,Optimization,,2,144,144,2.4,0,2,200,50.0,75.0,0.03333333333333333,0
233,Optimization,,2,153,153,2.55,0,2,200,50.0,75.0,0.03333333333333333,0
234,Optimization,,2,133,133,2.216666666666667,0,2,200,50.0,75.0,0.03333333333333333,0
235,Optimization,,2,134,134,2.2333333333333334,0,2,200,50.0,75.0,0.03333333333333333,0
236,Optimization,,2,119,119,1.9833333333333334,0,2,200,50.0,75.0,0.03333333333333333,0
237,Optimization,,2,139,139,2.316666666666667,0,2,200,50.0,75.0,0.03333333333333333,0
238,Optimization,,2,130,130,2.1666666666666665,0,2,200,50.0,75.0,0.03333333333333333,0
239,Optimization,,2,136,136,2.2666666666666666,0,2,200,50.0,75.0,0.03333333333333333,0
240,Optimization,,2,132,132,2.2,0,2,200,50.0,75.0,0.03333333333333333,0
241,Optimization,,2,140,140,2.3333333333333335,0,2,200,50.0,75.0,0.03333333333333333,0
242,Optimization,,2,123,123,2.05,0,2,200,50.0,75.0,0.03333333333333333,0
243,Optimization,,2,126,126,2.1,0,2,200,50.0,75.0,0.03333333333333333,0
244,Optimization,,2,162,162,2.7,0,2,200,50.0,75.0,0.03333333333333333,0
245,Optimization,,2,128,128,2.1333333333333333,0,2,200,50.0,75.0,0.03333333333333333,0
246,Optimization,,2,130,130,2.1666666666666665,0,2,200,50.0,75.0,0.03333333333333333,0
247,Optimization,,2,159,159,2.65,0,2,200,50.0,75.0,0.03333333333333333,0
248,Optimization,,2,170,170,2.8333333333333335,0,2,200,50.0,75.0,0.03333333333333333,0
249,Optimization,,2,130,130,2.1666666666666665,0,2,200,50.0,75.0,0.03333333333333333,0
250,Optimization,,2,138,138,2.3,0,2,200,50.0,75.0,0.03333333333333333,0
251,Optimization,,2,145,145,2.4166666666666665,0,2,200,50.0,75.0,0.03333333333333333,0
252,Optimization,,2,159,159,2.65,0,2,200,50.0,75.0,0.03333333333333333,0
253,Optimization,,2,132,132,2.2,0,2,200,50.0,75.0,0.03333333333333333,0
254,Optimization,,2,139,139,2.316666666666667,0,2,200,50.0,75.0,0.03333333333333333,0
255,Optimization,,2,150,150,2.5,0,2,200,50.0,75.0,0.03333333333333333,0
256,Optimization,,2,146,146,2.433333333333333,0,2,200,50.0,75.0,0.03333333333333333,0
257,Optimization,,2,138,138,2.3,0,2,200,50.0,75.0,0.03333333333333333,0
258,Optimization,,2,141,141,2.35,0,2,200,50.0,75.0,0.03333333333333333,0
259,Optimization,,2,128,128,2.1333333333333333,0,2,200,50.0,75.0,0.03333333333333333,0
260,Optimization,,2,140,140,2.3333333333333335,0,2,200,50.0,75.0,0.03333333333333333,0
261,Optimization,,2,140,140,2.3333333333333335,0,2,200,50.0,75.0,0.03333333333333333,0
262,Optimization,,2,145,145,2.4166666666666665,0,2,200,50.0,75.0,0.03333333333333333,0
263,Optimization,,2,137,137,2.283333333333333,0,2,200,50.0,75.0,0.03333333333333333,0
264,Optimization,,2,147,147,2.45,0,2,200,50.0,75.0,0.03333333333333333,0
265,Optimization,,2,153,153,2.55,0,2,200,50.0,75.0,0.03333333333333333,0
266,Optimization,,2,144,144,2.4,0,2,200,50.0,75.0,0.03333333333333333,0
267,Optimization,,2,146,146,2.433333333333333,0,2,200,50.0,75.0,0.03333333333333333,0
268,Optimization,,2,143,143,2.3833333333333333,0,2,200,50.0,75.0,0.03333333333333333,0
269,Optimization,,2,143,143,2.3833333333333333,0,2,200,50.0,75.0,0.03333333333333333,0
270,Optimization,,2,136,136,2.2666666666666666,0,2,200,50.0,75.0,0.03333333333333333,0
271,Optimization,,2,146,146,2.433333333333333,0,2,200,50.0,75.0,0.03333333333333333,0
272,Optimization,,2,142,142,2.3666666666666667,0,2,200,50.0,75.0,0.03333333333333333,0
273,Optimization,,2,164,164,2.7333333333333334,0,2,200,50.0,75.0,0.03333333333333333,0
274,Optimization,,2,159,159,2.65,0,2,200,50.0,75.0,0.03333333333333333,0
275,Optimization,,2,147,147,2.45,0,2,200,50.0,75.0,0.03333333333333333,0
276,Optimization,,2,136,136,2.2666666666666666,0,2,200,50.0,75.0,0.03333333333333333,0
277,Optimization,,2,132,132,2.2,0,2,200,50.0,75.0,0.03333333333333333,0
278,Optimization,,2,155,155,2.5833333333333335,0,2,200,50.0,75.0,0.03333333333333333,0
279,Optimization,,2,146,146,2.433333333333333,0,2,200,50.0,75.0,0.03333333333333333,0
280,Optimization,,2,148,148,2.466666666666667,0,2,200,50.0,75.0,0.03333333333333333,0
281,Optimization,,4,326,326,5.433333333333334,0,4,400,50.0,75.0,0.06666666666666667,0
282,Optimization,,4,353,353,5.883333333333334,0,4,400,50.0,75.0,0.06666666666666667,0
283,Optimization,,4,348,348,5.8,0,4,400,50.0,75.0,0.06666666666666667,0
284,Optimization,,4,333,333,5.55,0,4,400,50.0,75.0,0.06666666666666667,0
285,Optimization,,4,339,339,5.65,0,4,400,50.0,75.0,0.06666666666666667,0
286,Optimization,,4,346,346,5.766666666666667,0,4,400,50.0,75.0,0.06666666666666667,0
287,Optimization,,4,344,344,5.733333333333333,0,4,400,50.0,75.0,0.06666666666666667,0
288,Optimization,,4,341,341,5.683333333333334,0,4,400,50.0,75.0,0.06666666666666667,0
289,Optimization,,4,343,343,5.716666666666667,0,4,400,50.0,75.0,0.06666666666666667,0
290,Optimization,,4,342,342,5.7,0,4,400,50.0,75.0,0.06666666666666667,0
291,Optimization,,4,346,346,5.766666666666667,0,4,400,50.0,75.0,0.06666666666666667,0
292,Optimization,,4,359,359,5.983333333333333,0,4,400,50.0,75.0,0.06666666666666667,0
293,Optimization,,2,119,119,1.9833333333333334,0,2,200,50.0,75.0,0.03333333333333333,0
294,Optimization,,2,142,142,2.3666666666666667,0,2,200,50.0,75.0,0.03333333333333333,0
295,Optimization,,2,146,146,2.433333333333333,0,2,200,50.0,75.0,0.03333333333333333,0
296,Optimization,,2,147,147,2.45,0,2,200,50.0,75.0,0.03333333333333333,0
297,Optimization,,2,141,141,2.35,0,2,200,50.0,75.0,0.03333333333333333,0
298,Optimization,,2,127,127,2.1166666666666667,0,2,200,50.0,75.0,0.03333333333333333,0
299,Optimization,,2,148,148,2.466666666666667,0,2,200,50.0,75.0,0.03333333333333333,0
300,Optimization,,2,161,161,2.683333333333333,0,2,200,50.0,75.0,0.03333333333333333,0
301,Optimization,,2,129,129,2.15,0,2,200,50.0,75.0,0.03333333333333333,0
302,Optimization,,2,153,153,2.55,0,2,200,50.0,75.0,0.03333333333333333,0
303,Optimization,,2,141,141,2.35,0,2,200,50.0,75.0,0.03333333333333333,0
304,Optimization,,2,143,143,2.3833333333333333,0,2,200,50.0,75.0,0.03333333333333333,0
305,Optimization,,2,134,134,2.2333333333333334,0,2,200,50.0,75.0,0.03333333333333333,0
306,Optimization,,2,141,141,2.35,0,2,200,50.0,75.0,0.03333333333333333,0
307,Optimization,,2,157,157,2.6166666666666667,0,2,200,50.0,75.0,0.03333333333333333,0
308,Optimization,,2,150,150,2.5,0,2,200,50.0,75.0,0.03333333333333333,0
309,Optimization,,2,162,162,2.7,0,2,200,50.0,75.0,0.03333333333333333,0
310,Optimization,,2,156,156,2.6,0,2,200,50.0,75.0,0.03333333333333333,0
311,Optimization,,2,149,149,2.4833333333333334,0,2,200,50.0,75.0,0.03333333333333333,0
312,Optimization,,2,162,162,2.7,0,2,200,50.0,75.0,0.03333333333333333,0
313,Optimization,,2,149,149,2.4833333333333334,0,2,200,50.0,75.0,0.03333333333333333,0
314,Optimization,,2,153,153,2.55,0,2,200,50.0,75.0,0.03333333333333333,0
315,Optimization,,2,141,141,2.35,0,2,200,50.0,75.0,0.03333333333333333,0
316,Optimization,,2,145,145,2.4166666666666665,0,2,200,50.0,75.0,0.03333333333333333,0
317,Optimization,,2,138,138,2.3,0,2,200,50.0,75.0,0.03333333333333333,0
318,Optimization,,2,154,154,2.566666666666667,0,2,200,50.0,75.0,0.03333333333333333,0
319,Optimization,,2,133,133,2.216666666666667,0,2,200,50.0,75.0,0.03333333333333333,0
320,Optimization,,2,152,152,2.533333333333333,0,2,200,50.0,75.0,0.03333333333333333,0
321,Optimization,,2,143,143,2.3833333333333333,0,2,200,50.0,75.0,0.03333333333333333,0
322,Optimization,,2,156,156,2.6,0,2,200,50.0,75.0,0.03333333333333333,0
323,Optimization,,2,152,152,2.533333333333333,0,2,200,50.0,75.0,0.03333333333333333,0
324,Optimization,,2,163,163,2.716666666666667,0,2,200,50.0,75.0,0.03333333333333333,0
325,Optimization,,2,152,152,2.533333333333333,0,2,200,50.0,75.0,0.03333333333333333,0
326,Optimization,,2,129,129,2.15,0,2,200,50.0,75.0,0.03333333333333333,0
327,Optimization,,2,144,144,2.4,0,2,200,50.0,75.0,0.03333333333333333,0
328,Optimization,,2,133,133,2.216666666666667,0,2,200,50.0,75.0,0.03333333333333333,0
329,Optimization,,2,140,140,2.3333333333333335,0,2,200,50.0,75.0,0.03333333333333333,0
330,Optimization,,2,160,160,2.6666666666666665,0,2,200,50.0,75.0,0.03333333333333333,0
331,Optimization,,2,151,151,2.5166666666666666,0,2,200,50.0,75.0,0.03333333333333333,0
332,Optimization,,2,138,138,2.3,0,2,200,50.0,75.0,0.03333333333333333,0
333,Optimization,,2,135,135,2.25,0,2,200,50.0,75.0,0.03333333333333333,0
334,Optimization,,2,145,145,2.4166666666666665,0,2,200,50.0,75.0,0.03333333333333333,0
335,Optimization,,2,133,133,2.216666666666667,0,2,200,50.0,75.0,0.03333333333333333,0
336,Optimization,,2,138,138,2.3,0,2,200,50.0,75.0,0.03333333333333333,0
337,Optimization,,2,148,148,2.466666666666667,0,2,200,50.0,75.0,0.03333333333333333,0
338,Optimization,,2,157,157,2.6166666666666667,0,2,200,50.0,75.0,0.03333333333333333,0
339,Optimization,,2,151,151,2.5166666666666666,0,2,200,50.0,75.0,0.03333333333333333,0
340,Optimization,,2,122,122,2.033333333333333,0,2,200,50.0,75.0,0.03333333333333333,0
341,Optimization,,2,148,148,2.466666666666667,0,2,200,50.0,75.0,0.03333333333333333,0
342,Optimization,,2,146,146,2.433333333333333,0,2,200,50.0,75.0,0.03333333333333333,0
343,Optimization,,2,149,149,2.4833333333333334,0,2,200,50.0,75.0,0.03333333333333333,0
344,Optimization,,2,161,161,2.683333333333333,0,2,200,50.0,75.0,0.03333333333333333,0
345,Optimization,,2,124,124,2.066666666666667,0,2,200,50.0,75.0,0.03333333333333333,0
346,Optimization,,2,139,139,2.316666666666667,0,2,200,50.0,75.0,0.03333333333333333,0
347,Optimization,,2,151,151,2.5166666666666666,0,2,200,50.0,75.0,0.03333333333333333,0
348,Optimization,,2,129,129,2.15,0,2,200,50.0,75.0,0.03333333333333333,0
349,Optimization,,2,160,160,2.6666666666666665,0,2,200,50.0,75.0,0.03333333333333333,0
350,Optimization,,2,149,149,2.4833333333333334,0,2,200,50.0,75.0,0.03333333333333333,0
351,Optimization,,2,154,154,2.566666666666667,0,2,200,50.0,75.0,0.03333333333333333,0
352,Optimization,,2,139,139,2.316666666666667,0,2,200,50.0,75.0,0.03333333333333333,0
353,Optimization,,2,153,153,2.55,0,2,200,50.0,75.0,0.03333333333333333,0
354,Optimization,,2,156,156,2.6,0,2,200,50.0,75.0,0.03333333333333333,0
355,Optimization,,2,147,147,2.45,0,2,200,50.0,75.0,0.03333333333333333,0
356,Optimization,,3,270,270,4.5,0,3,300,50.0,75.0,0.05,0
357,Optimization,,2,148,148,2.466666666666667,0,2,200,50.0,75.0,0.03333333333333333,0
358,Optimization,,2,137,137,2.283333333333333,0,2,200,50.0,75.0,0.03333333333333333,0
359,Optimization,,2,144,144,2.4,0,2,200,50.0,75.0,0.03333333333333333,0
360,Optimization,,2,143,143,2.3833333333333333,0,2,200,50.0,75.0,0.03333333333333333,0
361,Optimization,,2,148,148,2.466666666666667,0,2,200,50.0,75.0,0.03333333333333333,0
362,Optimization,,2,154,154,2.566666666666667,0,2,200,50.0,75.0,0.03333333333333333,0
363,Optimization,,2,134,134,2.2333333333333334,0,2,200,50.0,75.0,0.03333333333333333,0
364,Optimization,,2,143,143,2.3833333333333333,0,2,200,50.0,75.0,0.03333333333333333,0
365,Optimization,,2,159,159,2.65,0,2,200,50.0,75.0,0.03333333333333333,0
366,Optimization,,2,137,137,2.283333333333333,0,2,200,50.0,75.0,0.03333333333333333,0
367,Optimization,,2,136,136,2.2666666666666666,0,2,200,50.0,75.0,0.03333333333333333,0
368,Optimization,,2,146,146,2.433333333333333,0,2,200,50.0,75.0,0.03333333333333333,0
369,Optimization,,2,153,153,2.55,0,2,200,50.0,75.0,0.03333333333333333,0
370,Optimization,,2,145,145,2.4166666666666665,0,2,200,50.0,75.0,0.03333333333333333,0
371,Optimization,,2,158,158,2.6333333333333333,0,2,200,50.0,75.0,0.03333333333333333,0
372,Optimization,,2,153,153,2.55,0,2,200,50.0,75.0,0.03333333333333333,0
373,Optimization,,2,153,153,2.55,0,2,200,50.0,75.0,0.03333333333333333,0
374,Optimization,,2,150,150,2.5,0,2,200,50.0,75.0,0.03333333333333333,0
375,Optimization,,2,168,168,2.8,0,2,200,50.0,75.0,0.03333333333333333,0
376,Optimization,,2,142,142,2.3666666666666667,0,2,200,50.0,75.0,0.03333333333333333,0
377,Optimization,,2,124,124,2.066666666666667,0,2,200,50.0,75.0,0.03333333333333333,0
378,Optimization,,2,160,160,2.6666666666666665,0,2,200,50.0,75.0,0.03333333333333333,0
379,Optimization,,2,140,140,2.3333333333333335,0,2,200,50.0,75.0,0.03333333333333333,0
380,Optimization,,2,145,145,2.4166666666666665,0,2,200,50.0,75.0,0.03333333333333333,0
381,Optimization,,2,157,157,2.6166666666666667,0,2,200,50.0,75.0,0.03333333333333333,0
382,Optimization,,2,128,128,2.1333333333333333,0,2,200,50.0,75.0,0.03333333333333333,0
383,Optimization,,2,132,132,2.2,0,2,200,50.0,75.0,0.03333333333333333,0
384,Optimization,,2,128,128,2.1333333333333333,0,2,200,50.0,75.0,0.03333333333333333,0
385,Optimization,,2,136,136,2.2666666666666666,0,2,200,50.0,75.0,0.03333333333333333,0
386,Optimization,,2,149,149,2.4833333333333334,0,2,200,50.0,75.0,0.03333333333333333,0
387,Optimization,,2,149,149,2.4833333333333334,0,2,200,50.0,75.0,0.03333333333333333,0
388,Optimization,,2,147,147,2.45,0,2,200,50.0,75.0,0.03333333333333333,0
389,Optimization,,2,130,130,2.1666666666666665,0,2,200,50.0,75.0,0.03333333333333333,0
390,Optimization,,2,121,121,2.0166666666666666,0,2,200,50.0,75.0,0.03333333333333333,0
391,Optimization,,2,145,145,2.4166666666666665,0,2,200,50.0,75.0,0.03333333333333333,0
392,Optimization,,2,139,139,2.316666666666667,0,2,200,50.0,75.0,0.03333333333333333,0
393,Optimization,,2,149,149,2.4833333333333334,0,2,200,50.0,75.0,0.03333333333333333,0
394,Optimization,,2,151,151,2.5166666666666666,0,2,200,50.0,75.0,0.03333333333333333,0
395,Optimization,,2,145,145,2.4166666666666665,0,2,200,50.0,75.0,0.03333333333333333,0
396,Optimization,,2,152,152,2.533333333333333,0,2,200,50.0,75.0,0.03333333333333333,0
397,Optimization,,2,146,146,2.433333333333333,0,2,200,50.0,75.0,0.03333333333333333,0
398,Optimization,,2,149,149,2.4833333333333334,0,2,200,50.0,75.0,0.03333333333333333,0
399,Optimization,,2,137,137,2.283333333333333,0,2,200,50.0,75.0,0.03333333333333333,0
400,Optimization,,2,142,142,2.3666666666666667,0,2,200,50.0,75.0,0.03333333333333333,0
401,Optimization,,2,146,146,2.433333333333333,0,2,200,50.0,75.0,0.03333333333333333,0
402,Optimization,,2,152,152,2.533333333333333,0,2,200,50.0,75.0,0.03333333333333333,0
403,Optimization,,2,140,140,2.3333333333333335,0,2,200,50.0,75.0,0.03333333333333333,0
404,Optimization,,2,149,149,2.4833333333333334,0,2,200,50.0,75.0,0.03333333333333333,0
405,Optimization,,2,141,141,2.35,0,2,200,50.0,75.0,0.03333333333333333,0
406,Optimization,,2,142,142,2.3666666666666667,0,2,200,50.0,75.0,0.03333333333333333,0
407,Optimization,,2,152,152,2.533333333333333,0,2,200,50.0,75.0,0.03333333333333333,0
408,Optimization,,2,124,124,2.066666666666667,0,2,200,50.0,75.0,0.03333333333333333,0
409,Optimization,,2,131,131,2.183333333333333,0,2,200,50.0,75.0,0.03333333333333333,0
410,Optimization,,2,129,129,2.15,0,2,200,50.0,75.0,0.03333333333333333,0
411,Optimization,,2,120,120,2.0,0,2,200,50.0,75.0,0.03333333333333333,0
412,Optimization,,2,137,137,2.283333333333333,0,2,200,50.0,75.0,0.03333333333333333,0
413,Optimization,,2,151,151,2.5166666666666666,0,2,200,50.0,75.0,0.03333333333333333,0
414,Optimization,,2,140,140,2.3333333333333335,0,2,200,50.0,75.0,0.03333333333333333,0
415,Optimization,,2,145,145,2.4166666666666665,0,2,200,50.0,75.0,0.03333333333333333,0
416,Optimization,,2,154,154,2.566666666666667,0,2,200,50.0,75.0,0.03333333333333333,0
417,Optimization,,2,156,156,2.6,0,2,200,50.0,75.0,0.03333333333333333,0
418,Optimization,,2,142,142,2.3666666666666667,0,2,200,50.0,75.0,0.03333333333333333,0
419,Optimization,,2,157,157,2.6166666666666667,0,2,200,50.0,75.0,0.03333333333333333,0
420,Optimization,,2,143,143,2.3833333333333333,0,2,200,50.0,75.0,0.03333333333333333,0
421,Optimization,,2,134,134,2.2333333333333334,0,2,200,50.0,75.0,0.03333333333333333,0
422,Optimization,,2,136,136,2.2666666666666666,0,2,200,50.0,75.0,0.03333333333333333,0
423,Optimization,,2,127,127,2.1166666666666667,0,2,200,50.0,75.0,0.03333333333333333,0
424,Optimization,,2,133,133,2.216666666666667,0,2,200,50.0,75.0,0.03333333333333333,0
425,Optimization,,2,139,139,2.316666666666667,0,2,200,50.0,75.0,0.03333333333333333,0
426,Optimization,,2,150,150,2.5,0,2,200,50.0,75.0,0.03333333333333333,0
427,Optimization,,2,159,159,2.65,0,2,200,50.0,75.0,0.03333333333333333,0
428,Optimization,,2,128,128,2.1333333333333333,0,2,200,50.0,75.0,0.03333333333333333,0
429,Optimization,,2,146,146,2.433333333333333,0,2,200,50.0,75.0,0.03333333333333333,0
430,Optimization,,2,131,131,2.183333333333333,0,2,200,50.0,75.0,0.03333333333333333,0
431,Optimization,,2,147,147,2.45,0,2,200,50.0,75.0,0.03333333333333333,0
432,Optimization,,2,140,140,2.3333333333333335,0,2,200,50.0,75.0,0.03333333333333333,0
433,Optimization,,2,123,123,2.05,0,2,200,50.0,75.0,0.03333333333333333,0
434,Optimization,,2,151,151,2.5166666666666666,0,2,200,50.0,75.0,0.03333333333333333,0
435,Optimization,,2,136,136,2.2666666666666666,0,2,200,50.0,75.0,0.03333333333333333,0
436,Optimization,,2,136,136,2.2666666666666666,0,2,200,50.0,75.0,0.03333333333333333,0
437,Optimization,,2,131,131,2.183333333333333,0,2,200,50.0,75.0,0.03333333333333333,0
438,Optimization,,2,135,135,2.25,0,2,200,50.0,75.0,0.03333333333333333,0
439,Optimization,,2,146,146,2.433333333333333,0,2,200,50.0,75.0,0.03333333333333333,0
440,Optimization,,2,139,139,2.316666666666667,0,2,200,50.0,75.0,0.03333333333333333,0
441,Optimization,,2,145,145,2.4166666666666665,0,2,200,50.0,75.0,0.03333333333333333,0
442,Optimization,,2,145,145,2.4166666666666665,0,2,200,50.0,75.0,0.03333333333333333,0
443,Optimization,,2,154,154,2.566666666666667,0,2,200,50.0,75.0,0.03333333333333333,0
444,Optimization,,2,138,138,2.3,0,2,200,50.0,75.0,0.03333333333333333,0
445,Optimization,,2,126,126,2.1,0,2,200,50.0,75.0,0.03333333333333333,0
446,Optimization,,2,152,152,2.533333333333333,0,2,200,50.0,75.0,0.03333333333333333,0
447,Optimization,,2,138,138,2.3,0,2,200,50.0,75.0,0.03333333333333333,0
448,Optimization,,2,152,152,2.533333333333333,0,2,200,50.0,75.0,0.03333333333333333,0
449,Optimization,,2,145,145,2.4166666666666665,0,2,200,50.0,75.0,0.03333333333333333,0
450,Optimization,,2,139,139,2.316666666666667,0,2,200,50.0,75.0,0.03333333333333333,0
451,Optimization,,2,144,144,2.4,0,2,200,50.0,75.0,0.03333333333333333,0
452,Optimization,,2,160,160,2.6666666666666665,0,2,200,50.0,75.0,0.03333333333333333,0
453,Optimization,,2,161,161,2.683333333333333,0,2,200,50.0,75.0,0.03333333333333333,0
454,Optimization,,2,141,141,2.35,0,2,200,50.0,75.0,0.03333333333333333,0
455,Optimization,,2,142,142,2.3666666666666667,0,2,200,50.0,75.0,0.03333333333333333,0
456,Optimization,,2,151,151,2.5166666666666666,0,2,200,50.0,75.0,0.03333333333333333,0
457,Optimization,,2,132,132,2.2,0,2,200,50.0,75.0,0.03333333333333333,0
458,Optimization,,2,143,143,2.3833333333333333,0,2,200,50.0,75.0,0.03333333333333333,0
459,Optimization,,2,140,140,2.3333333333333335,0,2,200,50.0,75.0,0.03333333333333333,0
460,Optimization,,2,143,143,2.3833333333333333,0,2,200,50.0,75.0,0.03333333333333333,0
461,Optimization,,2,132,132,2.2,0,2,200,50.0,75.0,0.03333333333333333,0
462,Optimization,,2,124,124,2.066666666666667,0,2,200,50.0,75.0,0.03333333333333333,0
463,Optimization,,2,119,119,1.9833333333333334,0,2,200,50.0,75.0,0.03333333333333333,0
464,Optimization,,2,128,128,2.1333333333333333,0,2,200,50.0,75.0,0.03333333333333333,0
465,Optimization,,2,135,135,2.25,0,2,200,50.0,75.0,0.03333333333333333,0
466,Optimization,,2,137,137,2.283333333333333,0,2,200,50.0,75.0,0.03333333333333333,0
467,Optimization,,2,159,159,2.65,0,2,200,50.0,75.0,0.03333333333333333,0
468,Optimization,,2,150,150,2.5,0,2,200,50.0,75.0,0.03333333333333333,0
469,Optimization,,2,130,130,2.1666666666666665,0,2,200,50.0,75.0,0.03333333333333333,0
470,Optimization,,2,143,143,2.3833333333333333,0,2,200,50.0,75.0,0.03333333333333333,0
471,Optimization,,2,135,135,2.25,0,2,200,50.0,75.0,0.03333333333333333,0
472,Optimization,,2,136,136,2.2666666666666666,0,2,200,50.0,75.0,0.03333333333333333,0
473,Optimization,,2,141,141,2.35,0,2,200,50.0,75.0,0.03333333333333333,0
474,Optimization,,2,145,145,2.4166666666666665,0,2,200,50.0,75.0,0.03333333333333333,0
475,Optimization,,2,135,135,2.25,0,2,200,50.0,75.0,0.03333333333333333,0
476,Optimization,,2,149,149,2.4833333333333334,0,2,200,50.0,75.0,0.03333333333333333,0
477,Optimization,,2,127,127,2.1166666666666667,0,2,200,50.0,75.0,0.03333333333333333,0
478,Optimization,,2,139,139,2.316666666666667,0,2,200,50.0,75.0,0.03333333333333333,0
479,Optimization,,2,164,164,2.7333333333333334,0,2,200,50.0,75.0,0.03333333333333333,0
480,Optimization,,2,140,140,2.3333333333333335,0,2,200,50.0,75.0,0.03333333333333333,0
481,Optimization,,2,152,152,2.533333333333333,0,2,200,50.0,75.0,0.03333333333333333,0
482,Optimization,,2,138,138,2.3,0,2,200,50.0,75.0,0.03333333333333333,0
483,Optimization,,2,143,143,2.3833333333333333,0,2,200,50.0,75.0,0.03333333333333333,0
484,Optimization,,2,137,137,2.283333333333333,0,2,200,50.0,75.0,0.03333333333333333,0
485,Optimization,,2,135,135,2.25,0,2,200,50.0,75.0,0.03333333333333333,0
486,Optimization,,2,129,129,2.15,0,2,200,50.0,75.0,0.03333333333333333,0
487,Optimization,,2,141,141,2.35,0,2,200,50.0,75.0,0.03333333333333333,0
488,Optimization,,2,128,128,2.1333333333333333,0,2,200,50.0,75.0,0.03333333333333333,0
489,Optimization,,2,143,143,2.3833333333333333,0,2,200,50.0,75.0,0.03333333333333333,0
490,Optimization,,2,148,148,2.466666666666667,0,2,200,50.0,75.0,0.03333333333333333,0
491,Optimization,,2,140,140,2.3333333333333335,0,2,200,50.0,75.0,0.03333333333333333,0
492,Optimization,,2,134,134,2.2333333333333334,0,2,200,50.0,75.0,0.03333333333333333,0
493,Optimization,,2,141,141,2.35,0,2,200,50.0,75.0,0.03333333333333333,0
494,Optimization,,2,133,133,2.216666666666667,0,2,200,50.0,75.0,0.03333333333333333,0
495,Optimization,,2,146,146,2.433333333333333,0,2,200,50.0,75.0,0.03333333333333333,0
496,Optimization,,2,118,118,1.9666666666666666,0,2,200,50.0,75.0,0.03333333333333333,0
497,Optimization,,2,133,133,2.216666666666667,0,2,200,50.0,75.0,0.03333333333333333,0
498,Optimization,,2,116,116,1.9333333333333333,0,2,200,50.0,75.0,0.03333333333333333,0
499,Optimization,,2,121,121,2.0166666666666666,0,2,200,50.0,75.0,0.03333333333333333,0
500,Optimization,,2,149,149,2.4833333333333334,0,2,200,50.0,75.0,0.03333333333333333,0
501,Optimization,,2,145,145,2.4166666666666665,0,2,200,50.0,75.0,0.03333333333333333,0
502,Optimization,,2,128,128,2.1333333333333333,0,2,200,50.0,75.0,0.03333333333333333,0
503,Optimization,,2,120,120,2.0,0,2,200,50.0,75.0,0.03333333333333333,0
504,Optimization,,2,106,106,1.7666666666666666,0,2,200,50.0,75.0,0.03333333333333333,0
505,Optimization,,2,130,130,2.1666666666666665,0,2,200,50.0,75.0,0.03333333333333333,0
506,Optimization,,2,159,159,2.65,0,2,200,50.0,75.0,0.03333333333333333,0
507,Optimization,,2,139,139,2.316666666666667,0,2,200,50.0,75.0,0.03333333333333333,0
508,Optimization,,2,129,129,2.15,0,2,200,50.0,75.0,0.03333333333333333,0
509,Optimization,,2,139,139,2.316666666666667,0,2,200,50.0,75.0,0.03333333333333333,0
510,Optimization,,2,119,119,1.9833333333333334,0,2,200,50.0,75.0,0.03333333333333333,0
511,Optimization,,2,132,132,2.2,0,2,200,50.0,75.0,0.03333333333333333,0
512,Optimization,,2,135,135,2.25,0,2,200,50.0,75.0,0.03333333333333333,0
513,Optimization,,2,134,134,2.2333333333333334,0,2,200,50.0,75.0,0.03333333333333333,0
514,Optimization,,2,142,142,2.3666666666666667,0,2,200,50.0,75.0,0.03333333333333333,0
515,Optimization,,2,138,138,2.3,0,2,200,50.0,75.0,0.03333333333333333,0
516,Optimization,,2,141,141,2.35,0,2,200,50.0,75.0,0.03333333333333333,0
517,Optimization,,2,127,127,2.1166666666666667,0,2,200,50.0,75.0,0.03333333333333333,0
518,Optimization,,2,143,143,2.3833333333333333,0,2,200,50.0,75.0,0.03333333333333333,0
519,Optimization,,2,150,150,2.5,0,2,200,50.0,75.0,0.03333333333333333,0
520,Optimization,,2,124,124,2.066666666666667,0,2,200,50.0,75.0,0.03333333333333333,0
521,Optimization,,2,125,125,2.0833333333333335,0,2,200,50.0,75.0,0.03333333333333333,0
522,Optimization,,2,147,147,2.45,0,2,200,50.0,75.0,0.03333333333333333,0
523,Optimization,,2,131,131,2.183333333333333,0,2,200,50.0,75.0,0.03333333333333333,0
524,Optimization,,2,147,147,2.45,0,2,200,50.0,75.0,0.03333333333333333,0
525,Optimization,,2,129,129,2.15,0,2,200,50.0,75.0,0.03333333333333333,0
526,Optimization,,2,147,147,2.45,0,2,200,50.0,75.0,0.03333333333333333,0
527,Optimization,,2,134,134,2.2333333333333334,0,2,200,50.0,75.0,0.03333333333333333,0
528,Optimization,,2,135,135,2.25,0,2,200,50.0,75.0,0.03333333333333333,0
529,Optimization,,2,148,148,2.466666666666667,0,2,200,50.0,75.0,0.03333333333333333,0
530,Optimization,,2,129,129,2.15,0,2,200,50.0,75.0,0.03333333333333333,0
531,Optimization,,2,123,123,2.05,0,2,200,50.0,75.0,0.03333333333333333,0
532,Optimization,,2,128,128,2.1333333333333333,0,2,200,50.0,75.0,0.03333333333333333,0
533,Optimization,,2,137,137,2.283333333333333,0,2,200,50.0,75.0,0.03333333333333333,0
534,Optimization,,2,116,116,1.9333333333333333,0,2,200,50.0,75.0,0.03333333333333333,0
535,Optimization,,2,138,138,2.3,0,2,200,50.0,75.0,0.03333333333333333,0
536,Optimization,,2,126,126,2.1,0,2,200,50.0,75.0,0.03333333333333333,0
537,Optimization,,2,143,143,2.3833333333333333,0,2,200,50.0,75.0,0.03333333333333333,0
538,Optimization,,2,108,108,1.8,0,2,200,50.0,75.0,0.03333333333333333,0
539,Optimization,,2,124,124,2.066666666666667,0,2,200,50.0,75.0,0.03333333333333333,0
540,Optimization,,2,114,114,1.9,0,2,200,50.0,75.0,0.03333333333333333,0
541,Optimization,,2,122,122,2.033333333333333,0,2,200,50.0,75.0,0.03333333333333333,0
542,Optimization,,2,133,133,2.216666666666667,0,2,200,50.0,75.0,0.03333333333333333,0
543,Optimization,,2,128,128,2.1333333333333333,0,2,200,50.0,75.0,0.03333333333333333,0
544,Optimization,,2,127,127,2.1166666666666667,0,2,200,50.0,75.0,0.03333333333333333,0
545,Optimization,,2,128,128,2.1333333333333333,0,2,200,50.0,75.0,0.03333333333333333,0
546,Optimization,,2,132,132,2.2,0,2,200,50.0,75.0,0.03333333333333333,0
547,Optimization,,2,120,120,2.0,0,2,200,50.0,75.0,0.03333333333333333,0
548,Optimization,,2,137,137,2.283333333333333,0,2,200,50.0,75.0,0.03333333333333333,0
549,Optimization,,2,136,136,2.2666666666666666,0,2,200,50.0,75.0,0.03333333333333333,0
550,Optimization,,2,133,133,2.216666666666667,0,2,200,50.0,75.0,0.03333333333333333,0
551,Optimization,,2,135,135,2.25,0,2,200,50.0,75.0,0.03333333333333333,0
552,Optimization,,2,132,132,2.2,0,2,200,50.0,75.0,0.03333333333333333,0
553,Optimization,,2,149,149,2.4833333333333334,0,2,200,50.0,75.0,0.03333333333333333,0
554,Optimization,,2,128,128,2.1333333333333333,0,2,200,50.0,75.0,0.03333333333333333,0
555,Optimization,,2,126,126,2.1,0,2,200,50.0,75.0,0.03333333333333333,0
556,Optimization,,2,121,121,2.0166666666666666,0,2,200,50.0,75.0,0.03333333333333333,0
557,Optimization,,2,118,118,1.9666666666666666,0,2,200,50.0,75.0,0.03333333333333333,0
558,Optimization,,2,116,116,1.9333333333333333,0,2,200,50.0,75.0,0.03333333333333333,0
559,Optimization,,2,119,119,1.9833333333333334,0,2,200,50.0,75.0,0.03333333333333333,0
560,Optimization,,2,127,127,2.1166666666666667,0,2,200,50.0,75.0,0.03333333333333333,0
561,Optimization,,2,131,131,2.183333333333333,0,2,200,50.0,75.0,0.03333333333333333,0
562,Optimization,,2,128,128,2.1333333333333333,0,2,200,50.0,75.0,0.03333333333333333,0
563,Optimization,,2,120,120,2.0,0,2,200,50.0,75.0,0.03333333333333333,0
564,Optimization,,2,136,136,2.2666666666666666,0,2,200,50.0,75.0,0.03333333333333333,0
565,Optimization,,2,135,135,2.25,0,2,200,50.0,75.0,0.03333333333333333,0
566,Optimization,,2,126,126,2.1,0,2,200,50.0,75.0,0.03333333333333333,0
567,Optimization,,2,120,120,2.0,0,2,200,50.0,75.0,0.03333333333333333,0
568,Optimization,,2,132,132,2.2,0,2,200,50.0,75.0,0.03333333333333333,0
569,Optimization,,2,129,129,2.15,0,2,200,50.0,75.0,0.03333333333333333,0
570,Optimization,,2,112,112,1.8666666666666667,0,2,200,50.0,75.0,0.03333333333333333,0
571,Optimization,,2,126,126,2.1,0,2,200,50.0,75.0,0.03333333333333333,0
572,Optimization,,2,129,129,2.15,0,2,200,50.0,75.0,0.03333333333333333,0
573,Optimization,,2,117,117,1.95,0,2,200,50.0,75.0,0.03333333333333333,0
574,Optimization,,2,128,128,2.1333333333333333,0,2,200,50.0,75.0,0.03333333333333333,0
575,Optimization,,2,111,111,1.85,0,2,200,50.0,75.0,0.03333333333333333,0
576,Optimization,,2,139,139,2.316666666666667,0,2,200,50.0,75.0,0.03333333333333333,0
577,Optimization,,2,138,138,2.3,0,2,200,50.0,75.0,0.03333333333333333,0
578,Optimization,,2,123,123,2.05,0,2,200,50.0,75.0,0.03333333333333333,0
579,Optimization,,2,129,129,2.15,0,2,200,50.0,75.0,0.03333333333333333,0
580,Optimization,,2,101,101,1.6833333333333333,0,2,200,50.0,75.0,0.03333333333333333,0
581,Optimization,,2,113,113,1.8833333333333333,0,2,200,50.0,75.0,0.03333333333333333,0
582,Optimization,,2,122,122,2.033333333333333,0,2,200,50.0,75.0,0.03333333333333333,0
583,Optimization,,2,114,114,1.9,0,2,200,50.0,75.0,0.03333333333333333,0
584,Optimization,,2,132,132,2.2,0,2,200,50.0,75.0,0.03333333333333333,0
585,Optimization,,2,144,144,2.4,0,2,200,50.0,75.0,0.03333333333333333,0
586,Optimization,,2,113,113,1.8833333333333333,0,2,200,50.0,75.0,0.03333333333333333,0
587,Optimization,,2,116,116,1.9333333333333333,0,2,200,50.0,75.0,0.03333333333333333,0
588,Optimization,,2,126,126,2.1,0,2,200,50.0,75.0,0.03333333333333333,0
589,Optimization,,2,140,140,2.3333333333333335,0,2,200,50.0,75.0,0.03333333333333333,0
590,Optimization,,2,112,112,1.8666666666666667,0,2,200,50.0,75.0,0.03333333333333333,0
591,Optimization,,2,126,126,2.1,0,2,200,50.0,75.0,0.03333333333333333,0
592,Optimization,,2,142,142,2.3666666666666667,0,2,200,50.0,75.0,0.03333333333333333,0
593,Optimization,,2,107,107,1.7833333333333334,0,2,200,50.0,75.0,0.03333333333333333,0
594,Optimization,,2,110,110,1.8333333333333333,0,2,200,50.0,75.0,0.03333333333333333,0
595,Optimization,,2,119,119,1.9833333333333334,0,2,200,50.0,75.0,0.03333333333333333,0
596,Optimization,,2,118,118,1.9666666666666666,0,2,200,50.0,75.0,0.03333333333333333,0
597,Optimization,,2,131,131,2.183333333333333,0,2,200,50.0,75.0,0.03333333333333333,0
598,Optimization,,2,125,125,2.0833333333333335,0,2,200,50.0,75.0,0.03333333333333333,0
599,Optimization,,2,105,105,1.75,0,2,200,50.0,75.0,0.03333333333333333,0
600,Optimization,,2,127,127,2.1166666666666667,0,2,200,50.0,75.0,0.03333333333333333,0
601,Optimization,,2,116,116,1.9333333333333333,0,2,200,50.0,75.0,0.03333333333333333,0
602,Optimization,,2,134,134,2.2333333333333334,0,2,200,50.0,75.0,0.03333333333333333,0
603,Optimization,,2,115,115,1.9166666666666667,0,2,200,50.0,75.0,0.03333333333333333,0
604,Optimization,,2,115,115,1.9166666666666667,0,2,200,50.0,75.0,0.03333333333333333,0
605,Optimization,,2,126,126,2.1,0,2,200,50.0,75.0,0.03333333333333333,0
606,Optimization,,2,128,128,2.1333333333333333,0,2,200,50.0,75.0,0.03333333333333333,0
607,Optimization,,2,125,125,2.0833333333333335,0,2,200,50.0,75.0,0.03333333333333333,0
608,Optimization,,2,103,103,1.7166666666666666,0,2,200,50.0,75.0,0.03333333333333333,0
609,Optimization,,2,125,125,2.0833333333333335,0,2,200,50.0,75.0,0.03333333333333333,0
610,Optimization,,2,110,110,1.8333333333333333,0,2,200,50.0,75.0,0.03333333333333333,0
611,Optimization,,2,122,122,2.033333333333333,0,2,200,50.0,75.0,0.03333333333333333,0
612,Optimization,,2,105,105,1.75,0,2,200,50.0,75.0,0.03333333333333333,0
613,Optimization,,2,124,124,2.066666666666667,0,2,200,50.0,75.0,0.03333333333333333,0
614,Optimization,,2,111,111,1.85,0,2,200,50.0,75.0,0.03333333333333333,0
615,Optimization,,2,106,106,1.7666666666666666,0,2,200,50.0,75.0,0.03333333333333333,0
616,Optimization,,2,126,126,2.1,0,2,200,50.0,75.0,0.03333333333333333,0
617,Optimization,,2,121,121,2.0166666666666666,0,2,200,50.0,75.0,0.03333333333333333,0
618,Optimization,,2,113,113,1.8833333333333333,0,2,200,50.0,75.0,0.03333333333333333,0
619,Optimization,,2,133,133,2.216666666666667,0,2,200,50.0,75.0,0.03333333333333333,0
620,Optimization,,2,114,114,1.9,0,2,200,50.0,75.0,0.03333333333333333,0
621,Optimization,,2,119,119,1.9833333333333334,0,2,200,50.0,75.0,0.03333333333333333,0
622,Optimization,,2,121,121,2.0166666666666666,0,2,200,50.0,75.0,0.03333333333333333,0
623,Optimization,,2,112,112,1.8666666666666667,0,2,200,50.0,75.0,0.03333333333333333,0
624,Optimization,,2,122,122,2.033333333333333,0,2,200,50.0,75.0,0.03333333333333333,0
625,Optimization,,2,112,112,1.8666666666666667,0,2,200,50.0,75.0,0.03333333333333333,0
626,Optimization,,2,113,113,1.8833333333333333,0,2,200,50.0,75.0,0.03333333333333333,0
627,Optimization,,2,131,131,2.183333333333333,0,2,200,50.0,75.0,0.03333333333333333,0
628,Optimization,,2,107,107,1.7833333333333334,0,2,200,50.0,75.0,0.03333333333333333,0
629,Optimization,,1,93,93,1.55,0,1,100,50.0,75.0,0.016666666666666666,0
630,Optimization,,2,133,133,2.216666666666667,0,2,200,50.0,75.0,0.03333333333333333,0
631,Optimization,,2,142,142,2.3666666666666667,0,2,200,50.0,75.0,0.03333333333333333,0
632,Optimization,,2,112,112,1.8666666666666667,0,2,200,50.0,75.0,0.03333333333333333,0
633,Optimization,,1,97,97,1.6166666666666667,0,1,100,50.0,75.0,0.016666666666666666,0
634,Optimization,,2,113,113,1.8833333333333333,0,2,200,50.0,75.0,0.03333333333333333,0
635,Optimization,,2,113,113,1.8833333333333333,0,2,200,50.0,75.0,0.03333333333333333,0
636,Optimization,,2,114,114,1.9,0,2,200,50.0,75.0,0.03333333333333333,0
637,Optimization,,2,105,105,1.75,0,2,200,50.0,75.0,0.03333333333333333,0
638,Optimization,,2,121,121,2.0166666666666666,0,2,200,50.0,75.0,0.03333333333333333,0
639,Optimization,,2,121,121,2.0166666666666666,0,2,200,50.0,75.0,0.03333333333333333,0
640,Optimization,,1,100,100,1.6666666666666667,0,1,100,50.0,75.0,0.016666666666666666,0
641,Optimization,,2,122,122,2.033333333333333,0,2,200,50.0,75.0,0.03333333333333333,0
642,Optimization,,2,135,135,2.25,0,2,200,50.0,75.0,0.03333333333333333,0
643,Optimization,,2,116,116,1.9333333333333333,0,2,200,50.0,75.0,0.03333333333333333,0
644,Optimization,,2,111,111,1.85,0,2,200,50.0,75.0,0.03333333333333333,0
645,Optimization,,2,113,113,1.8833333333333333,0,2,200,50.0,75.0,0.03333333333333333,0
646,Optimization,,2,120,120,2.0,0,2,200,50.0,75.0,0.03333333333333333,0
647,Optimization,,1,97,97,1.6166666666666667,0,1,100,50.0,75.0,0.016666666666666666,0
648,Optimization,,2,115,115,1.9166666666666667,0,2,200,50.0,75.0,0.03333333333333333,0
649,Optimization,,2,110,110,1.8333333333333333,0,2,200,50.0,75.0,0.03333333333333333,0
650,Optimization,,2,132,132,2.2,0,2,200,50.0,75.0,0.03333333333333333,0
651,Optimization,,2,112,112,1.8666666666666667,0,2,200,50.0,75.0,0.03333333333333333,0
652,Optimization,,2,130,130,2.1666666666666665,0,2,200,50.0,75.0,0.03333333333333333,0
653,Optimization,,2,102,102,1.7,0,2,200,50.0,75.0,0.03333333333333333,0
654,Optimization,,2,119,119,1.9833333333333334,0,2,200,50.0,75.0,0.03333333333333333,0
655,Optimization,,2,116,116,1.9333333333333333,0,2,200,50.0,75.0,0.03333333333333333,0
656,Optimization,,2,104,104,1.7333333333333334,0,2,200,50.0,75.0,0.03333333333333333,0
657,Optimization,,2,114,114,1.9,0,2,200,50.0,75.0,0.03333333333333333,0
658,Optimization,,2,124,124,2.066666666666667,0,2,200,50.0,75.0,0.03333333333333333,0
659,Optimization,,2,109,109,1.8166666666666667,0,2,200,50.0,75.0,0.03333333333333333,0
660,Optimization,,1,94,94,1.5666666666666667,0,1,100,50.0,75.0,0.016666666666666666,0
661,Optimization,,2,111,111,1.85,0,2,200,50.0,75.0,0.03333333333333333,0
662,Optimization,,2,102,102,1.7,0,2,200,50.0,75.0,0.03333333333333333,0
663,Optimization,,2,107,107,1.7833333333333334,0,2,200,50.0,75.0,0.03333333333333333,0
664,Optimization,,2,110,110,1.8333333333333333,0,2,200,50.0,75.0,0.03333333333333333,0
665,Optimization,,1,93,93,1.55,0,1,100,50.0,75.0,0.016666666666666666,0
666,Optimization,,1,94,94,1.5666666666666667,0,1,100,50.0,75.0,0.016666666666666666,0
667,Optimization,,2,115,115,1.9166666666666667,0,2,200,50.0,75.0,0.03333333333333333,0
668,Optimization,,2,105,105,1.75,0,2,200,50.0,75.0,0.03333333333333333,0
669,Optimization,,1,84,84,1.4,0,1,100,50.0,75.0,0.016666666666666666,0
670,Optimization,,2,117,117,1.95,0,2,200,50.0,75.0,0.03333333333333333,0
671,Optimization,,2,112,112,1.8666666666666667,0,2,200,50.0,75.0,0.03333333333333333,0
672,Optimization,,2,102,102,1.7,0,2,200,50.0,75.0,0.03333333333333333,0
673,Optimization,,1,96,96,1.6,0,1,100,50.0,75.0,0.016666666666666666,0
674,Optimization,,2,117,117,1.95,0,2,200,50.0,75.0,0.03333333333333333,0
675,Optimization,,2,112,112,1.8666666666666667,0,2,200,50.0,75.0,0.03333333333333333,0
676,Optimization,,2,132,132,2.2,0,2,200,50.0,75.0,0.03333333333333333,0
677,Optimization,,2,112,112,1.8666666666666667,0,2,200,50.0,75.0,0.03333333333333333,0
678,Optimization,,2,112,112,1.8666666666666667,0,2,200,50.0,75.0,0.03333333333333333,0
679,Optimization,,2,106,106,1.7666666666666666,0,2,200,50.0,75.0,0.03333333333333333,0
680,Optimization,,2,116,116,1.9333333333333333,0,2,200,50.0,75.0,0.03333333333333333,0
681,Optimization,,2,114,114,1.9,0,2,200,50.0,75.0,0.03333333333333333,0
682,Optimization,,2,120,120,2.0,0,2,200,50.0,75.0,0.03333333333333333,0
683,Optimization,,2,102,102,1.7,0,2,200,50.0,75.0,0.03333333333333333,0
684,Optimization,,2,103,103,1.7166666666666666,0,2,200,50.0,75.0,0.03333333333333333,0
685,Optimization,,2,102,102,1.7,0,2,200,50.0,75.0,0.03333333333333333,0
686,Optimization,,2,115,115,1.9166666666666667,0,2,200,50.0,75.0,0.03333333333333333,0
687,Optimization,,2,121,121,2.0166666666666666,0,2,200,50.0,75.0,0.03333333333333333,0
688,Optimization,,2,102,102,1.7,0,2,200,50.0,75.0,0.03333333333333333,0
689,Optimization,,2,102,102,1.7,0,2,200,50.0,75.0,0.03333333333333333,0
690,Optimization,,2,109,109,1.8166666666666667,0,2,200,50.0,75.0,0.03333333333333333,0
691,Optimization,,2,103,103,1.7166666666666666,0,2,200,50.0,75.0,0.03333333333333333,0
692,Optimization,,2,115,115,1.9166666666666667,0,2,200,50.0,75.0,0.03333333333333333,0
693,Optimization,,1,83,83,1.3833333333333333,0,1,100,50.0,75.0,0.016666666666666666,0
694,Optimization,,1,97,97,1.6166666666666667,0,1,100,50.0,75.0,0.016666666666666666,0
695,Optimization,,1,97,97,1.6166666666666667,0,1,100,50.0,75.0,0.016666666666666666,0
696,Optimization,,1,82,82,1.3666666666666667,0,1,100,50.0,75.0,0.016666666666666666,0
697,Optimization,,1,95,95,1.5833333333333333,0,1,100,50.0,75.0,0.016666666666666666,0
698,Optimization,,1,95,95,1.5833333333333333,0,1,100,50.0,75.0,0.016666666666666666,0
699,Optimization,,2,102,102,1.7,0,2,200,50.0,75.0,0.03333333333333333,0
700,Optimization,,2,115,115,1.9166666666666667,0,2,200,50.0,75.0,0.03333333333333333,0
701,Optimization,,2,102,102,1.7,0,2,200,50.0,75.0,0.03333333333333333,0
702,Optimization,,1,94,94,1.5666666666666667,0,1,100,50.0,75.0,0.016666666666666666,0
703,Optimization,,2,103,103,1.7166666666666666,0,2,200,50.0,75.0,0.03333333333333333,0
704,Optimization,,2,114,114,1.9,0,2,200,50.0,75.0,0.03333333333333333,0
705,Optimization,,1,94,94,1.5666666666666667,0,1,100,50.0,75.0,0.016666666666666666,0
706,Optimization,,1,94,94,1.5666666666666667,0,1,100,50.0,75.0,0.016666666666666666,0
707,Optimization,,2,109,109,1.8166666666666667,0,2,200,50.0,75.0,0.03333333333333333,0
708,Optimization,,2,101,101,1.6833333333333333,0,2,200,50.0,75.0,0.03333333333333333,0
709,Optimization,,2,109,109,1.8166666666666667,0,2,200,50.0,75.0,0.03333333333333333,0
710,Optimization,,2,102,102,1.7,0,2,200,50.0,75.0,0.03333333333333333,0
711,Optimization,,2,109,109,1.8166666666666667,0,2,200,50.0,75.0,0.03333333333333333,0
712,Optimization,,1,92,92,1.5333333333333334,0,1,100,50.0,75.0,0.016666666666666666,0
713,Optimization,,2,102,102,1.7,0,2,200,50.0,75.0,0.03333333333333333,0
714,Optimization,,1,100,100,1.6666666666666667,0,1,100,50.0,75.0,0.016666666666666666,0
715,Optimization,,1,89,89,1.4833333333333334,0,1,100,50.0,75.0,0.016666666666666666,0
716,Optimization,,1,86,86,1.4333333333333333,0,1,100,50.0,75.0,0.016666666666666666,0
717,Optimization,,2,108,108,1.8,0,2,200,50.0,75.0,0.03333333333333333,0
718,Optimization,,1,98,98,1.6333333333333333,0,1,100,50.0,75.0,0.016666666666666666,0
719,Optimization,,1,91,91,1.5166666666666666,0,1,100,50.0,75.0,0.016666666666666666,0
720,Optimization,,1,99,99,1.65,0,1,100,50.0,75.0,0.016666666666666666,0
721,Optimization,,2,111,111,1.85,0,2,200,50.0,75.0,0.03333333333333333,0
722,Optimization,,1,77,77,1.2833333333333334,0,1,100,50.0,75.0,0.016666666666666666,0
723,Optimization,,1,85,85,1.4166666666666667,0,1,100,50.0,75.0,0.016666666666666666,0
724,Optimization,,1,90,90,1.5,0,1,100,50.0,75.0,0.016666666666666666,0
725,Optimization,,2,114,114,1.9,0,2,200,50.0,75.0,0.03333333333333333,0
726,Optimization,,2,102,102,1.7,0,2,200,50.0,75.0,0.03333333333333333,0
727,Optimization,,2,106,106,1.7666666666666666,0,2,200,50.0,75.0,0.03333333333333333,0
728,Optimization,,1,87,87,1.45,0,1,100,50.0,75.0,0.016666666666666666,0
729,Optimization,,1,87,87,1.45,0,1,100,50.0,75.0,0.016666666666666666,0
730,Optimization,,2,103,103,1.7166666666666666,0,2,200,50.0,75.0,0.03333333333333333,0
731,Optimization,,1,99,99,1.65,0,1,100,50.0,75.0,0.016666666666666666,0
732,Optimization,,2,103,103,1.7166666666666666,0,2,200,50.0,75.0,0.03333333333333333,0
733,Optimization,,1,96,96,1.6,0,1,100,50.0,75.0,0.016666666666666666,0
734,Optimization,,1,100,100,1.6666666666666667,0,1,100,50.0,75.0,0.016666666666666666,0
735,Optimization,,1,99,99,1.65,0,1,100,50.0,75.0,0.016666666666666666,0
736,Optimization,,2,105,105,1.75,0,2,200,50.0,75.0,0.03333333333333333,0
737,Optimization,,2,105,105,1.75,0,2,200,50.0,75.0,0.03333333333333333,0
738,Optimization,,1,81,81,1.35,0,1,100,50.0,75.0,0.016666666666666666,0
739,Optimization,,1,74,74,1.2333333333333334,0,1,100,50.0,75.0,0.016666666666666666,0
740,Optimization,,2,107,107,1.7833333333333334,0,2,200,50.0,75.0,0.03333333333333333,0
741,Optimization,,2,108,108,1.8,0,2,200,50.0,75.0,0.03333333333333333,0
742,Optimization,,1,86,86,1.4333333333333333,0,1,100,50.0,75.0,0.016666666666666666,0
743,Optimization,,1,77,77,1.2833333333333334,0,1,100,50.0,75.0,0.016666666666666666,0
744,Optimization,,1,97,97,1.6166666666666667,0,1,100,50.0,75.0,0.016666666666666666,0
745,Optimization,,2,105,105,1.75,0,2,200,50.0,75.0,0.03333333333333333,0
746,Optimization,,2,113,113,1.8833333333333333,0,2,200,50.0,75.0,0.03333333333333333,0
747,Optimization,,1,100,100,1.6666666666666667,0,1,100,50.0,75.0,0.016666666666666666,0
748,Optimization,,1,91,91,1.5166666666666666,0,1,100,50.0,75.0,0.016666666666666666,0
749,Optimization,,1,86,86,1.4333333333333333,0,1,100,50.0,75.0,0.016666666666666666,0
750,Optimization,,1,95,95,1.5833333333333333,0,1,100,50.0,75.0,0.016666666666666666,0
751,Optimization,,1,92,92,1.5333333333333334,0,1,100,50.0,75.0,0.016666666666666666,0
752,Optimization,,1,84,84,1.4,0,1,100,50.0,75.0,0.016666666666666666,0
753,Optimization,,2,115,115,1.9166666666666667,0,2,200,50.0,75.0,0.03333333333333333,0
754,Optimization,,2,112,112,1.8666666666666667,0,2,200,50.0,75.0,0.03333333333333333,0
755,Optimization,,2,105,105,1.75,0,2,200,50.0,75.0,0.03333333333333333,0
756,Optimization,,1,85,85,1.4166666666666667,0,1,100,50.0,75.0,0.016666666666666666,0
757,Optimization,,2,102,102,1.7,0,2,200,50.0,75.0,0.03333333333333333,0
758,Optimization,,1,100,100,1.6666666666666667,0,1,100,50.0,75.0,0.016666666666666666,0
759,Optimization,,1,98,98,1.6333333333333333,0,1,100,50.0,75.0,0.016666666666666666,0
760,Optimization,,2,106,106,1.7666666666666666,0,2,200,50.0,75.0,0.03333333333333333,0
761,Optimization,,1,99,99,1.65,0,1,100,50.0,75.0,0.016666666666666666,0
762,Optimization,,1,100,100,1.6666666666666667,0,1,100,50.0,75.0,0.016666666666666666,0
763,Optimization,,1,99,99,1.65,0,1,100,50.0,75.0,0.016666666666666666,0
764,Optimization,,1,96,96,1.6,0,1,100,50.0,75.0,0.016666666666666666,0
765,Optimization,,1,74,74,1.2333333333333334,0,1,100,50.0,75.0,0.016666666666666666,0
766,Optimization,,1,93,93,1.55,0,1,100,50.0,75.0,0.016666666666666666,0
767,Optimization,,1,86,86,1.4333333333333333,0,1,100,50.0,75.0,0.016666666666666666,0
768,Optimization,,1,79,79,1.3166666666666667,0,1,100,50.0,75.0,0.016666666666666666,0
769,Optimization,,2,108,108,1.8,0,2,200,50.0,75.0,0.03333333333333333,0
770,Optimization,,2,109,109,1.8166666666666667,0,2,200,50.0,75.0,0.03333333333333333,0
771,Optimization,,2,105,105,1.75,0,2,200,50.0,75.0,0.03333333333333333,0
772,Optimization,,1,94,94,1.5666666666666667,0,1,100,50.0,75.0,0.016666666666666666,0
773,Optimization,,2,104,104,1.7333333333333334,0,2,200,50.0,75.0,0.03333333333333333,0
774,Optimization,,1,91,91,1.5166666666666666,0,1,100,50.0,75.0,0.016666666666666666,0
775,Optimization,,1,93,93,1.55,0,1,100,50.0,75.0,0.016666666666666666,0
776,Optimization,,1,79,79,1.3166666666666667,0,1,100,50.0,75.0,0.016666666666666666,0
777,Optimization,,1,94,94,1.5666666666666667,0,1,100,50.0,75.0,0.016666666666666666,0
778,Optimization,,1,91,91,1.5166666666666666,0,1,100,50.0,75.0,0.016666666666666666,0
779,Optimization,,1,77,77,1.2833333333333334,0,1,100,50.0,75.0,0.016666666666666666,0
780,Optimization,,1,88,88,1.4666666666666666,0,1,100,50.0,75.0,0.016666666666666666,0
781,Optimization,,1,88,88,1.4666666666666666,0,1,100,50.0,75.0,0.016666666666666666,0
782,Optimization,,2,107,107,1.7833333333333334,0,2,200,50.0,75.0,0.03333333333333333,0
783,Optimization,,1,97,97,1.6166666666666667,0,1,100,50.0,75.0,0.016666666666666666,0
784,Optimization,,1,88,88,1.4666666666666666,0,1,100,50.0,75.0,0.016666666666666666,0
785,Optimization,,1,91,91,1.5166666666666666,0,1,100,50.0,75.0,0.016666666666666666,0
786,Optimization,,1,88,88,1.4666666666666666,0,1,100,50.0,75.0,0.016666666666666666,0
787,Optimization,,1,86,86,1.4333333333333333,0,1,100,50.0,75.0,0.016666666666666666,0
788,Optimization,,1,77,77,1.2833333333333334,0,1,100,50.0,75.0,0.016666666666666666,0
789,Optimization,,1,86,86,1.4333333333333333,0,1,100,50.0,75.0,0.016666666666666666,0
790,Optimization,,1,80,80,1.3333333333333333,0,1,100,50.0,75.0,0.016666666666666666,0
791,Optimization,,1,75,75,1.25,0,1,100,50.0,75.0,0.016666666666666666,0
792,Optimization,,1,92,92,1.5333333333333334,0,1,100,50.0,75.0,0.016666666666666666,0
793,Optimization,,1,91,91,1.5166666666666666,0,1,100,50.0,75.0,0.016666666666666666,0
794,Optimization,,1,69,69,1.15,0,1,100,50.0,75.0,0.016666666666666666,0
795,Optimization,,1,85,85,1.4166666666666667,0,1,100,50.0,75.0,0.016666666666666666,0
796,Optimization,,1,96,96,1.6,0,1,100,50.0,75.0,0.016666666666666666,0
797,Optimization,,1,97,97,1.6166666666666667,0,1,100,50.0,75.0,0.016666666666666666,0
798,Optimization,,1,96,96,1.6,0,1,100,50.0,75.0,0.016666666666666666,0
799,Optimization,,1,86,86,1.4333333333333333,0,1,100,50.0,75.0,0.016666666666666666,0
800,Optimization,,1,77,77,1.2833333333333334,0,1,100,50.0,75.0,0.016666666666666666,0
801,Optimization,,1,75,75,1.25,0,1,100,50.0,75.0,0.016666666666666666,0
802,Optimization,,1,89,89,1.4833333333333334,0,1,100,50.0,75.0,0.016666666666666666,0
803,Optimization,,1,89,89,1.4833333333333334,0,1,100,50.0,75.0,0.016666666666666666,0
804,Optimization,,1,98,98,1.6333333333333333,0,1,100,50.0,75.0,0.016666666666666666,0
805,Optimization,,1,96,96,1.6,0,1,100,50.0,75.0,0.016666666666666666,0
806,Optimization,,1,83,83,1.3833333333333333,0,1,100,50.0,75.0,0.016666666666666666,0
807,Optimization,,1,72,72,1.2,0,1,100,50.0,75.0,0.016666666666666666,0
808,Optimization,,1,81,81,1.35,0,1,100,50.0,75.0,0.016666666666666666,0
809,Optimization,,1,86,86,1.4333333333333333,0,1,100,50.0,75.0,0.016666666666666666,0
810,Optimization,,1,82,82,1.3666666666666667,0,1,100,50.0,75.0,0.016666666666666666,0
811,Optimization,,1,78,78,1.3,0,1,100,50.0,75.0,0.016666666666666666,0
812,Optimization,,1,86,86,1.4333333333333333,0,1,100,50.0,75.0,0.016666666666666666,0
813,Optimization,,1,78,78,1.3,0,1,100,50.0,75.0,0.016666666666666666,0
814,Optimization,,1,77,77,1.2833333333333334,0,1,100,50.0,75.0,0.016666666666666666,0
815,Optimization,,1,86,86,1.4333333333333333,0,1,100,50.0,75.0,0.016666666666666666,0
816,Optimization,,1,79,79,1.3166666666666667,0,1,100,50.0,75.0,0.016666666666666666,0
817,Optimization,,1,85,85,1.4166666666666667,0,1,100,50.0,75.0,0.016666666666666666,0
818,Optimization,,3,255,255,4.25,0,3,300,50.0,75.0,0.05,0
819,Optimization,,1,71,71,1.1833333333333333,0,1,100,50.0,75.0,0.016666666666666666,0
820,Optimization,,1,78,78,1.3,0,1,100,50.0,75.0,0.016666666666666666,0
821,Optimization,,1,97,97,1.6166666666666667,0,1,100,50.0,75.0,0.016666666666666666,0
822,Optimization,,1,70,70,1.1666666666666667,0,1,100,50.0,75.0,0.016666666666666666,0
823,Optimization,,1,61,61,1.0166666666666666,0,1,100,50.0,75.0,0.016666666666666666,0
824,Optimization,,1,63,63,1.05,0,1,100,50.0,75.0,0.016666666666666666,0
825,Optimization,,1,82,82,1.3666666666666667,0,1,100,50.0,75.0,0.016666666666666666,0
826,Optimization,,1,82,82,1.3666666666666667,0,1,100,50.0,75.0,0.016666666666666666,0
827,Optimization,,1,80,80,1.3333333333333333,0,1,100,50.0,75.0,0.016666666666666666,0
828,Optimization,,1,93,93,1.55,0,1,100,50.0,75.0,0.016666666666666666,0
829,Optimization,,1,54,54,0.9,0,1,100,50.0,75.0,0.016666666666666666,0
830,Optimization,,1,85,85,1.4166666666666667,0,1,100,50.0,75.0,0.016666666666666666,0
831,Optimization,,1,96,96,1.6,0,1,100,50.0,75.0,0.016666666666666666,0
832,Optimization,,1,69,69,1.15,0,1,100,50.0,75.0,0.016666666666666666,0
833,Optimization,,1,77,77,1.2833333333333334,0,1,100,50.0,75.0,0.016666666666666666,0
834,Optimization,,1,73,73,1.2166666666666666,0,1,100,50.0,75.0,0.016666666666666666,0
835,Optimization,,1,71,71,1.1833333333333333,0,1,100,50.0,75.0,0.016666666666666666,0
836,Optimization,,1,77,77,1.2833333333333334,0,1,100,50.0,75.0,0.016666666666666666,0
837,Optimization,,1,94,94,1.5666666666666667,0,1,100,50.0,75.0,0.016666666666666666,0
838,Optimization,,1,98,98,1.6333333333333333,0,1,100,50.0,75.0,0.016666666666666666,0
839,Optimization,,1,76,76,1.2666666666666666,0,1,100,50.0,75.0,0.016666666666666666,0
840,Optimization,,1,98,98,1.6333333333333333,0,1,100,50.0,75.0,0.016666666666666666,0
841,Optimization,,1,79,79,1.3166666666666667,0,1,100,50.0,75.0,0.016666666666666666,0
842,Optimization,,1,96,96,1.6,0,1,100,50.0,75.0,0.016666666666666666,0
843,Optimization,,1,77,77,1.2833333333333334,0,1,100,50.0,75.0,0.016666666666666666,0
844,Optimization,,1,79,79,1.3166666666666667,0,1,100,50.0,75.0,0.016666666666666666,0
845,Optimization,,1,81,81,1.35,0,1,100,50.0,75.0,0.016666666666666666,0
846,Optimization,,2,109,109,1.8166666666666667,0,2,200,50.0,75.0,0.03333333333333333,0
847,Optimization,,1,86,86,1.4333333333333333,0,1,100,50.0,75.0,0.016666666666666666,0
848,Optimization,,1,70,70,1.1666666666666667,0,1,100,50.0,75.0,0.016666666666666666,0
849,Optimization,,1,87,87,1.45,0,1,100,50.0,75.0,0.016666666666666666,0
850,Optimization,,1,73,73,1.2166666666666666,0,1,100,50.0,75.0,0.016666666666666666,0
851,Optimization,,1,72,72,1.2,0,1,100,50.0,75.0,0.016666666666666666,0
852,Optimization,,1,86,86,1.4333333333333333,0,1,100,50.0,75.0,0.016666666666666666,0
853,Optimization,,1,77,77,1.2833333333333334,0,1,100,50.0,75.0,0.016666666666666666,0
854,Optimization,,1,79,79,1.3166666666666667,0,1,100,50.0,75.0,0.016666666666666666,0
855,Optimization,,1,76,76,1.2666666666666666,0,1,100,50.0,75.0,0.016666666666666666,0
856,Optimization,,1,80,80,1.3333333333333333,0,1,100,50.0,75.0,0.016666666666666666,0
857,Optimization,,1,80,80,1.3333333333333333,0,1,100,50.0,75.0,0.016666666666666666,0
858,Optimization,,1,56,56,0.9333333333333333,0,1,100,50.0,75.0,0.016666666666666666,0
859,Optimization,,1,82,82,1.3666666666666667,0,1,100,50.0,75.0,0.016666666666666666,0
860,Optimization,,1,66,66,1.1,0,1,100,50.0,75.0,0.016666666666666666,0
861,Optimization,,1,61,61,1.0166666666666666,0,1,100,50.0,75.0,0.016666666666666666,0
862,Optimization,,1,75,75,1.25,0,1,100,50.0,75.0,0.016666666666666666,0
863,Optimization,,1,76,76,1.2666666666666666,0,1,100,50.0,75.0,0.016666666666666666,0
864,Optimization,,1,68,68,1.1333333333333333,0,1,100,50.0,75.0,0.016666666666666666,0
865,Optimization,,1,83,83,1.3833333333333333,0,1,100,50.0,75.0,0.016666666666666666,0
866,Optimization,,1,61,61,1.0166666666666666,0,1,100,50.0,75.0,0.016666666666666666,0
867,Optimization,,1,71,71,1.1833333333333333,0,1,100,50.0,75.0,0.016666666666666666,0
868,Optimization,,1,69,69,1.15,0,1,100,50.0,75.0,0.016666666666666666,0
869,Optimization,,1,74,74,1.2333333333333334,0,1,100,50.0,75.0,0.016666666666666666,0
870,Optimization,,1,77,77,1.2833333333333334,0,1,100,50.0,75.0,0.016666666666666666,0
871,Optimization,,1,64,64,1.0666666666666667,0,1,100,50.0,75.0,0.016666666666666666,0
872,Optimization,,1,81,81,1.35,0,1,100,50.0,75.0,0.016666666666666666,0
873,Optimization,,1,74,74,1.2333333333333334,0,1,100,50.0,75.0,0.016666666666666666,0
874,Optimization,,1,55,55,0.9166666666666666,0,1,100,50.0,75.0,0.016666666666666666,0
875,Optimization,,1,54,54,0.9,0,1,100,50.0,75.0,0.016666666666666666,0
876,Optimization,,1,73,73,1.2166666666666666,0,1,100,50.0,75.0,0.016666666666666666,0
877,Optimization,,1,71,71,1.1833333333333333,0,1,100,50.0,75.0,0.016666666666666666,0
878,Optimization,,1,72,72,1.2,0,1,100,50.0,75.0,0.016666666666666666,0
879,Optimization,,1,73,73,1.2166666666666666,0,1,100,50.0,75.0,0.016666666666666666,0
880,Optimization,,1,75,75,1.25,0,1,100,50.0,75.0,0.016666666666666666,0
881,Optimization,,1,82,82,1.3666666666666667,0,1,100,50.0,75.0,0.016666666666666666,0
882,Optimization,,1,61,61,1.0166666666666666,0,1,100,50.0,75.0,0.016666666666666666,0
883,Optimization,,1,61,61,1.0166666666666666,0,1,100,50.0,75.0,0.016666666666666666,0
884,Optimization,,1,61,61,1.0166666666666666,0,1,100,50.0,75.0,0.016666666666666666,0
885,Optimization,,1,75,75,1.25,0,1,100,50.0,75.0,0.016666666666666666,0
886,Optimization,,1,84,84,1.4,0,1,100,50.0,75.0,0.016666666666666666,0
887,Optimization,,1,68,68,1.1333333333333333,0,1,100,50.0,75.0,0.016666666666666666,0
888,Optimization,,1,47,47,0.7833333333333333,0,1,100,50.0,75.0,0.016666666666666666,0
889,Optimization,,1,55,55,0.9166666666666666,0,1,100,50.0,75.0,0.016666666666666666,0
890,Optimization,,1,63,63,1.05,0,1,100,50.0,75.0,0.016666666666666666,0
891,Optimization,,1,66,66,1.1,0,1,100,50.0,75.0,0.016666666666666666,0
892,Optimization,,1,67,67,1.1166666666666667,0,1,100,50.0,75.0,0.016666666666666666,0
893,Optimization,,1,71,71,1.1833333333333333,0,1,100,50.0,75.0,0.016666666666666666,0
894,Optimization,,1,68,68,1.1333333333333333,0,1,100,50.0,75.0,0.016666666666666666,0
895,Optimization,,1,81,81,1.35,0,1,100,50.0,75.0,0.016666666666666666,0
896,Optimization,,1,64,64,1.0666666666666667,0,1,100,50.0,75.0,0.016666666666666666,0
897,Optimization,,1,62,62,1.0333333333333334,0,1,100,50.0,75.0,0.016666666666666666,0
898,Optimization,,1,75,75,1.25,0,1,100,50.0,75.0,0.016666666666666666,0
899,Optimization,,1,55,55,0.9166666666666666,0,1,100,50.0,75.0,0.016666666666666666,0
900,Optimization,,1,73,73,1.2166666666666666,0,1,100,50.0,75.0,0.016666666666666666,0
901,Optimization,,1,70,70,1.1666666666666667,0,1,100,50.0,75.0,0.016666666666666666,0
902,Optimization,,1,68,68,1.1333333333333333,0,1,100,50.0,75.0,0.016666666666666666,0
903,Optimization,,2,140,140,2.3333333333333335,0,2,200,50.0,75.0,0.03333333333333333,0
904,Optimization,,1,63,63,1.05,0,1,100,50.0,75.0,0.016666666666666666,0
905,Optimization,,1,89,89,1.4833333333333334,0,1,100,50.0,75.0,0.016666666666666666,0
906,Optimization,,1,66,66,1.1,0,1,100,50.0,75.0,0.016666666666666666,0
907,Optimization,,1,56,56,0.9333333333333333,0,1,100,50.0,75.0,0.016666666666666666,0
908,Optimization,,1,69,69,1.15,0,1,100,50.0,75.0,0.016666666666666666,0
909,Optimization,,1,58,58,0.9666666666666667,0,1,100,50.0,75.0,0.016666666666666666,0
910,Optimization,,1,61,61,1.0166666666666666,0,1,100,50.0,75.0,0.016666666666666666,0
911,Optimization,,1,72,72,1.2,0,1,100,50.0,75.0,0.016666666666666666,0
912,Optimization,,1,74,74,1.2333333333333334,0,1,100,50.0,75.0,0.016666666666666666,0
913,Optimization,,1,62,62,1.0333333333333334,0,1,100,50.0,75.0,0.016666666666666666,0
914,Optimization,,1,78,78,1.3,0,1,100,50.0,75.0,0.016666666666666666,0
915,Optimization,,1,79,79,1.3166666666666667,0,1,100,50.0,75.0,0.016666666666666666,0
916,Optimization,,1,82,82,1.3666666666666667,0,1,100,50.0,75.0,0.016666666666666666,0
917,Optimization,,1,73,73,1.2166666666666666,0,1,100,50.0,75.0,0.016666666666666666,0
918,Optimization,,1,81,81,1.35,0,1,100,50.0,75.0,0.016666666666666666,0
919,Optimization,,1,48,48,0.8,0,1,100,50.0,75.0,0.016666666666666666,0
920,Optimization,,1,64,64,1.0666666666666667,0,1,100,50.0,75.0,0.016666666666666666,0
921,Optimization,,1,58,58,0.9666666666666667,0,1,100,50.0,75.0,0.016666666666666666,0
922,Optimization,,1,68,68,1.1333333333333333,0,1,100,50.0,75.0,0.016666666666666666,0
923,Optimization,,1,61,61,1.0166666666666666,0,1,100,50.0,75.0,0.016666666666666666,0
924,Optimization,,1,65,65,1.0833333333333333,0,1,100,50.0,75.0,0.016666666666666666,0
925,Optimization,,1,85,85,1.4166666666666667,0,1,100,50.0,75.0,0.016666666666666666,0
926,Optimization,,1,65,65,1.0833333333333333,0,1,100,50.0,75.0,0.016666666666666666,0
927,Optimization,,1,70,70,1.1666666666666667,0,1,100,50.0,75.0,0.016666666666666666,0
928,Optimization,,1,64,64,1.0666666666666667,0,1,100,50.0,75.0,0.016666666666666666,0
929,Optimization,,1,67,67,1.1166666666666667,0,1,100,50.0,75.0,0.016666666666666666,0
930,Optimization,,1,66,66,1.1,0,1,100,50.0,75.0,0.016666666666666666,0
931,Optimization,,1,70,70,1.1666666666666667,0,1,100,50.0,75.0,0.016666666666666666,0
932,Optimization,,1,77,77,1.2833333333333334,0,1,100,50.0,75.0,0.016666666666666666,0
933,Optimization,,1,82,82,1.3666666666666667,0,1,100,50.0,75.0,0.016666666666666666,0
934,Optimization,,1,69,69,1.15,0,1,100,50.0,75.0,0.016666666666666666,0
935,Optimization,,1,71,71,1.1833333333333333,0,1,100,50.0,75.0,0.016666666666666666,0
936,Optimization,,1,54,54,0.9,0,1,100,50.0,75.0,0.016666666666666666,0
937,Optimization,,1,64,64,1.0666666666666667,0,1,100,50.0,75.0,0.016666666666666666,0
938,Optimization,,1,75,75,1.25,0,1,100,50.0,75.0,0.016666666666666666,0
939,Optimization,,1,74,74,1.2333333333333334,0,1,100,50.0,75.0,0.016666666666666666,0
940,Optimization,,1,67,67,1.1166666666666667,0,1,100,50.0,75.0,0.016666666666666666,0
941,Optimization,,1,74,74,1.2333333333333334,0,1,100,50.0,75.0,0.016666666666666666,0
942,Optimization,,1,70,70,1.1666666666666667,0,1,100,50.0,75.0,0.016666666666666666,0
943,Optimization,,1,77,77,1.2833333333333334,0,1,100,50.0,75.0,0.016666666666666666,0
944,Optimization,,1,67,67,1.1166666666666667,0,1,100,50.0,75.0,0.016666666666666666,0
945,Optimization,,1,61,61,1.0166666666666666,0,1,100,50.0,75.0,0.016666666666666666,0
946,Optimization,,1,68,68,1.1333333333333333,0,1,100,50.0,75.0,0.016666666666666666,0
947,Optimization,,1,35,35,0.5833333333333334,0,1,100,50.0,75.0,0.016666666666666666,0
948,Optimization,,1,68,68,1.1333333333333333,0,1,100,50.0,75.0,0.016666666666666666,0
949,Optimization,,1,28,28,0.4666666666666667,0,1,100,50.0,75.0,0.016666666666666666,0
950,Optimization,,1,47,47,0.7833333333333333,0,1,100,50.0,75.0,0.016666666666666666,0
951,Optimization,,1,68,68,1.1333333333333333,0,1,100,50.0,75.0,0.016666666666666666,0
952,Optimization,,1,69,69,1.15,0,1,100,50.0,75.0,0.016666666666666666,0
953,Optimization,,1,52,52,0.8666666666666667,0,1,100,50.0,75.0,0.016666666666666666,0
954,Optimization,,1,57,57,0.95,0,1,100,50.0,75.0,0.016666666666666666,0
955,Optimization,,1,77,77,1.2833333333333334,0,1,100,50.0,75.0,0.016666666666666666,0
956,Optimization,,1,59,59,0.9833333333333333,0,1,100,50.0,75.0,0.016666666666666666,0
957,Optimization,,1,86,86,1.4333333333333333,0,1,100,50.0,75.0,0.016666666666666666,0
958,Optimization,,1,63,63,1.05,0,1,100,50.0,75.0,0.016666666666666666,0
959,Optimization,,1,67,67,1.1166666666666667,0,1,100,50.0,75.0,0.016666666666666666,0
960,Optimization,,1,79,79,1.3166666666666667,0,1,100,50.0,75.0,0.016666666666666666,0
961,Optimization,,1,64,64,1.0666666666666667,0,1,100,50.0,75.0,0.016666666666666666,0
962,Optimization,,1,52,52,0.8666666666666667,0,1,100,50.0,75.0,0.016666666666666666,0
963,Optimization,,1,61,61,1.0166666666666666,0,1,100,50.0,75.0,0.016666666666666666,0
964,Optimization,,1,62,62,1.0333333333333334,0,1,100,50.0,75.0,0.016666666666666666,0
965,Optimization,,1,48,48,0.8,0,1,100,50.0,75.0,0.016666666666666666,0
966,Optimization,,1,59,59,0.9833333333333333,0,1,100,50.0,75.0,0.016666666666666666,0
967,Optimization,,1,54,54,0.9,0,1,100,50.0,75.0,0.016666666666666666,0
968,Optimization,,1,71,71,1.1833333333333333,0,1,100,50.0,75.0,0.016666666666666666,0
969,Optimization,,1,62,62,1.0333333333333334,0,1,100,50.0,75.0,0.016666666666666666,0
970,Optimization,,1,59,59,0.9833333333333333,0,1,100,50.0,75.0,0.016666666666666666,0
971,Optimization,,1,60,60,1.0,0,1,100,50.0,75.0,0.016666666666666666,0
972,Optimization,,1,64,64,1.0666666666666667,0,1,100,50.0,75.0,0.016666666666666666,0
973,Optimization,,1,67,67,1.1166666666666667,0,1,100,50.0,75.0,0.016666666666666666,0
974,Optimization,,1,51,51,0.85,0,1,100,50.0,75.0,0.016666666666666666,0
975,Optimization,,1,51,51,0.85,0,1,100,50.0,75.0,0.016666666666666666,0
976,Optimization,,1,72,72,1.2,0,1,100,50.0,75.0,0.016666666666666666,0
977,Optimization,,1,57,57,0.95,0,1,100,50.0,75.0,0.016666666666666666,0
978,Optimization,,1,47,47,0.7833333333333333,0,1,100,50.0,75.0,0.016666666666666666,0
979,Optimization,,1,65,65,1.0833333333333333,0,1,100,50.0,75.0,0.016666666666666666,0
980,Optimization,,1,65,65,1.0833333333333333,0,1,100,50.0,75.0,0.016666666666666666,0
981,Optimization,,1,45,45,0.75,0,1,100,50.0,75.0,0.016666666666666666,0
982,Optimization,,1,63,63,1.05,0,1,100,50.0,75.0,0.016666666666666666,0
983,Optimization,,1,68,68,1.1333333333333333,0,1,100,50.0,75.0,0.016666666666666666,0
984,Optimization,,1,64,64,1.0666666666666667,0,1,100,50.0,75.0,0.016666666666666666,0
985,Optimization,,1,67,67,1.1166666666666667,0,1,100,50.0,75.0,0.016666666666666666,0
986,Optimization,,1,46,46,0.7666666666666667,0,1,100,50.0,75.0,0.016666666666666666,0
987,Optimization,,1,64,64,1.0666666666666667,0,1,100,50.0,75.0,0.016666666666666666,0
988,Optimization,,1,57,57,0.95,0,1,100,50.0,75.0,0.016666666666666666,0
989,Optimization,,1,55,55,0.9166666666666666,0,1,100,50.0,75.0,0.016666666666666666,0
990,Optimization,,1,69,69,1.15,0,1,100,50.0,75.0,0.016666666666666666,0
991,Optimization,,1,75,75,1.25,0,1,100,50.0,75.0,0.016666666666666666,0
992,Optimization,,1,78,78,1.3,0,1,100,50.0,75.0,0.016666666666666666,0
993,Optimization,,1,73,73,1.2166666666666666,0,1,100,50.0,75.0,0.016666666666666666,0
994,Optimization,,1,59,59,0.9833333333333333,0,1,100,50.0,75.0,0.016666666666666666,0
995,Optimization,,1,63,63,1.05,0,1,100,50.0,75.0,0.016666666666666666,0
996,Optimization,,1,67,67,1.1166666666666667,0,1,100,50.0,75.0,0.016666666666666666,0
997,Optimization,,1,61,61,1.0166666666666666,0,1,100,50.0,75.0,0.016666666666666666,0
998,Optimization,,1,61,61,1.0166666666666666,0,1,100,50.0,75.0,0.016666666666666666,0
999,Optimization,,1,68,68,1.1333333333333333,0,1,100,50.0,75.0,0.016666666666666666,0
1000,Optimization,,1,59,59,0.9833333333333333,0,1,100,50.0,75.0,0.016666666666666666,0
1001,Optimization,,1,52,52,0.8666666666666667,0,1,100,50.0,75.0,0.016666666666666666,0
1002,Optimization,,1,55,55,0.9166666666666666,0,1,100,50.0,75.0,0.016666666666666666,0
1003,Optimization,,1,66,66,1.1,0,1,100,50.0,75.0,0.016666666666666666,0
1004,Optimization,,1,59,59,0.9833333333333333,0,1,100,50.0,75.0,0.016666666666666666,0
1005,Optimization,,1,63,63,1.05,0,1,100,50.0,75.0,0.016666666666666666,0
1006,Optimization,,1,66,66,1.1,0,1,100,50.0,75.0,0.016666666666666666,0
1007,Optimization,,1,55,55,0.9166666666666666,0,1,100,50.0,75.0,0.016666666666666666,0
1008,Optimization,,1,67,67,1.1166666666666667,0,1,100,50.0,75.0,0.016666666666666666,0
1009,Optimization,,1,63,63,1.05,0,1,100,50.0,75.0,0.016666666666666666,0
1010,Optimization,,1,47,47,0.7833333333333333,0,1,100,50.0,75.0,0.016666666666666666,0
1011,Optimization,,1,73,73,1.2166666666666666,0,1,100,50.0,75.0,0.016666666666666666,0
1012,Optimization,,1,54,54,0.9,0,1,100,50.0,75.0,0.016666666666666666,0
1013,Optimization,,1,42,42,0.7,0,1,100,50.0,75.0,0.016666666666666666,0
1014,Optimization,,1,48,48,0.8,0,1,100,50.0,75.0,0.016666666666666666,0
1015,Optimization,,1,48,48,0.8,0,1,100,50.0,75.0,0.016666666666666666,0
1016,Optimization,,1,59,59,0.9833333333333333,0,1,100,50.0,75.0,0.016666666666666666,0
1017,Optimization,,1,56,56,0.9333333333333333,0,1,100,50.0,75.0,0.016666666666666666,0
1018,Optimization,,1,55,55,0.9166666666666666,0,1,100,50.0,75.0,0.016666666666666666,0
1019,Optimization,,1,65,65,1.0833333333333333,0,1,100,50.0,75.0,0.016666666666666666,0
1020,Optimization,,1,61,61,1.0166666666666666,0,1,100,50.0,75.0,0.016666666666666666,0
1021,Optimization,,1,61,61,1.0166666666666666,0,1,100,50.0,75.0,0.016666666666666666,0
1022,Optimization,,1,62,62,1.0333333333333334,0,1,100,50.0,75.0,0.016666666666666666,0
1023,Optimization,,1,64,64,1.0666666666666667,0,1,100,50.0,75.0,0.016666666666666666,0
1024,Optimization,,1,36,36,0.6,0,1,100,50.0,75.0,0.016666666666666666,0
1025,Optimization,,1,54,54,0.9,0,1,100,50.0,75.0,0.016666666666666666,0
1026,Optimization,,1,36,36,0.6,0,1,100,50.0,75.0,0.016666666666666666,0
1027,Optimization,,1,58,58,0.9666666666666667,0,1,100,50.0,75.0,0.016666666666666666,0
1028,Optimization,,1,57,57,0.95,0,1,100,50.0,75.0,0.016666666666666666,0
1029,Optimization,,1,68,68,1.1333333333333333,0,1,100,50.0,75.0,0.016666666666666666,0
1030,Optimization,,1,69,69,1.15,0,1,100,50.0,75.0,0.016666666666666666,0
1031,Optimization,,1,59,59,0.9833333333333333,0,1,100,50.0,75.0,0.016666666666666666,0
1032,Optimization,,1,52,52,0.8666666666666667,0,1,100,50.0,75.0,0.016666666666666666,0
1033,Optimization,,1,62,62,1.0333333333333334,0,1,100,50.0,75.0,0.016666666666666666,0
1034,Optimization,,1,52,52,0.8666666666666667,0,1,100,50.0,75.0,0.016666666666666666,0
1035,Optimization,,1,57,57,0.95,0,1,100,50.0,75.0,0.016666666666666666,0
1036,Optimization,,1,67,67,1.1166666666666667,0,1,100,50.0,75.0,0.016666666666666666,0
1037,Optimization,,1,51,51,0.85,0,1,100,50.0,75.0,0.016666666666666666,0
1038,Optimization,,1,65,65,1.0833333333333333,0,1,100,50.0,75.0,0.016666666666666666,0
1039,Optimization,,1,64,64,1.0666666666666667,0,1,100,50.0,75.0,0.016666666666666666,0
1040,Optimization,,1,47,47,0.7833333333333333,0,1,100,50.0,75.0,0.016666666666666666,0
1041,Optimization,,1,67,67,1.1166666666666667,0,1,100,50.0,75.0,0.016666666666666666,0
1042,Optimization,,1,64,64,1.0666666666666667,0,1,100,50.0,75.0,0.016666666666666666,0
1043,Optimization,,1,58,58,0.9666666666666667,0,1,100,50.0,75.0,0.016666666666666666,0
1044,Optimization,,1,49,49,0.8166666666666667,0,1,100,50.0,75.0,0.016666666666666666,0
1045,Optimization,,1,48,48,0.8,0,1,100,50.0,75.0,0.016666666666666666,0
1046,Optimization,,1,51,51,0.85,0,1,100,50.0,75.0,0.016666666666666666,0
1047,Optimization,,1,62,62,1.0333333333333334,0,1,100,50.0,75.0,0.016666666666666666,0
1048,Optimization,,1,47,47,0.7833333333333333,0,1,100,50.0,75.0,0.016666666666666666,0
1049,Optimization,,1,61,61,1.0166666666666666,0,1,100,50.0,75.0,0.016666666666666666,0
1050,Optimization,,1,44,44,0.7333333333333333,0,1,100,50.0,75.0,0.016666666666666666,0
1051,Optimization,,1,55,55,0.9166666666666666,0,1,100,50.0,75.0,0.016666666666666666,0
1052,Optimization,,1,58,58,0.9666666666666667,0,1,100,50.0,75.0,0.016666666666666666,0
1053,Optimization,,1,81,81,1.35,0,1,100,50.0,75.0,0.016666666666666666,0
1054,Optimization,,1,43,43,0.7166666666666667,0,1,100,50.0,75.0,0.016666666666666666,0
1055,Optimization,,1,71,71,1.1833333333333333,0,1,100,50.0,75.0,0.016666666666666666,0
1056,Optimization,,1,58,58,0.9666666666666667,0,1,100,50.0,75.0,0.016666666666666666,0
1057,Optimization,,1,61,61,1.0166666666666666,0,1,100,50.0,75.0,0.016666666666666666,0
1058,Optimization,,1,58,58,0.9666666666666667,0,1,100,50.0,75.0,0.016666666666666666,0
1059,Optimization,,1,61,61,1.0166666666666666,0,1,100,50.0,75.0,0.016666666666666666,0
1060,Optimization,,1,55,55,0.9166666666666666,0,1,100,50.0,75.0,0.016666666666666666,0
1061,Optimization,,1,71,71,1.1833333333333333,0,1,100,50.0,75.0,0.016666666666666666,0
1062,Optimization,,1,52,52,0.8666666666666667,0,1,100,50.0,75.0,0.016666666666666666,0
1063,Optimization,,1,68,68,1.1333333333333333,0,1,100,50.0,75.0,0.016666666666666666,0
1064,Optimization,,1,50,50,0.8333333333333334,0,1,100,50.0,75.0,0.016666666666666666,0
1065,Optimization,,1,56,56,0.9333333333333333,0,1,100,50.0,75.0,0.016666666666666666,0
1066,Optimization,,1,46,46,0.7666666666666667,0,1,100,50.0,75.0,0.016666666666666666,0
1067,Optimization,,1,61,61,1.0166666666666666,0,1,100,50.0,75.0,0.016666666666666666,0
1068,Optimization,,1,71,71,1.1833333333333333,0,1,100,50.0,75.0,0.016666666666666666,0
1069,Optimization,,1,56,56,0.9333333333333333,0,1,100,50.0,75.0,0.016666666666666666,0
1070,Optimization,,1,54,54,0.9,0,1,100,50.0,75.0,0.016666666666666666,0
1071,Optimization,,1,45,45,0.75,0,1,100,50.0,75.0,0.016666666666666666,0
1072,Optimization,,1,54,54,0.9,0,1,100,50.0,75.0,0.016666666666666666,0
1073,Optimization,,1,40,40,0.6666666666666666,0,1,100,50.0,75.0,0.016666666666666666,0
1074,Optimization,,1,47,47,0.7833333333333333,0,1,100,50.0,75.0,0.016666666666666666,0
1075,Optimization,,1,59,59,0.9833333333333333,0,1,100,50.0,75.0,0.016666666666666666,0
1076,Optimization,,1,69,69,1.15,0,1,100,50.0,75.0,0.016666666666666666,0
1077,Optimization,,1,84,84,1.4,0,1,100,50.0,75.0,0.016666666666666666,0
1078,Optimization,,1,50,50,0.8333333333333334,0,1,100,50.0,75.0,0.016666666666666666,0
1079,Optimization,,1,71,71,1.1833333333333333,0,1,100,50.0,75.0,0.016666666666666666,0
1080,Optimization,,2,108,108,1.8,0,2,200,50.0,75.0,0.03333333333333333,0
1081,Optimization,,2,104,104,1.7333333333333334,0,2,200,50.0,75.0,0.03333333333333333,0
1082,Optimization,,2,110,110,1.8333333333333333,0,2,200,50.0,75.0,0.03333333333333333,0
1083,Optimization,,2,106,106,1.7666666666666666,0,2,200,50.0,75.0,0.03333333333333333,0
1084,Optimization,,2,107,107,1.7833333333333334,0,2,200,50.0,75.0,0.03333333333333333,0
1085,Optimization,,2,101,101,1.6833333333333333,0,2,200,50.0,75.0,0.03333333333333333,0
1086,Optimization,,1,92,92,1.5333333333333334,0,1,100,50.0,75.0,0.016666666666666666,0
1087,Optimization,,1,90,90,1.5,0,1,100,50.0,75.0,0.016666666666666666,0
1088,Optimization,,2,112,112,1.8666666666666667,0,2,200,50.0,75.0,0.03333333333333333,0
1089,Optimization,,2,103,103,1.7166666666666666,0,2,200,50.0,75.0,0.03333333333333333,0
1090,Optimization,,1,100,100,1.6666666666666667,0,1,100,50.0,75.0,0.016666666666666666,0
1091,Optimization,,2,106,106,1.7666666666666666,0,2,200,50.0,75.0,0.03333333333333333,0
1092,Optimization,,2,114,114,1.9,0,2,200,50.0,75.0,0.03333333333333333,0
1093,Optimization,,2,107,107,1.7833333333333334,0,2,200,50.0,75.0,0.03333333333333333,0
1094,Optimization,,1,99,99,1.65,0,1,100,50.0,75.0,0.016666666666666666,0
1095,Optimization,,2,118,118,1.9666666666666666,0,2,200,50.0,75.0,0.03333333333333333,0
1096,Optimization,,2,121,121,2.0166666666666666,0,2,200,50.0,75.0,0.03333333333333333,0
1097,Optimization,,2,111,111,1.85,0,2,200,50.0,75.0,0.03333333333333333,0
1098,Optimization,,2,115,115,1.9166666666666667,0,2,200,50.0,75.0,0.03333333333333333,0
1099,Optimization,,2,118,118,1.9666666666666666,0,2,200,50.0,75.0,0.03333333333333333,0
1100,Optimization,,2,117,117,1.95,0,2,200,50.0,75.0,0.03333333333333333,0
1101,Optimization,,2,112,112,1.8666666666666667,0,2,200,50.0,75.0,0.03333333333333333,0
1102,Optimization,,2,112,112,1.8666666666666667,0,2,200,50.0,75.0,0.03333333333333333,0
1103,Optimization,,2,111,111,1.85,0,2,200,50.0,75.0,0.03333333333333333,0
1104,Optimization,,3,264,264,4.4,0,3,300,50.0,75.0,0.05,0
1105,Optimization,,2,113,113,1.8833333333333333,0,2,200,50.0,75.0,0.03333333333333333,0
1106,Optimization,,1,92,92,1.5333333333333334,0,1,100,50.0,75.0,0.016666666666666666,0
1107,Optimization,,1,98,98,1.6333333333333333,0,1,100,50.0,75.0,0.016666666666666666,0
1108,Optimization,,2,119,119,1.9833333333333334,0,2,200,50.0,75.0,0.03333333333333333,0
1109,Optimization,,2,114,114,1.9,0,2,200,50.0,75.0,0.03333333333333333,0
1110,Optimization,,2,121,121,2.0166666666666666,0,2,200,50.0,75.0,0.03333333333333333,0
1111,Optimization,,2,103,103,1.7166666666666666,0,2,200,50.0,75.0,0.03333333333333333,0
1112,Optimization,,1,94,94,1.5666666666666667,0,1,100,50.0,75.0,0.016666666666666666,0
1113,Optimization,,2,104,104,1.7333333333333334,0,2,200,50.0,75.0,0.03333333333333333,0
1114,Optimization,,2,107,107,1.7833333333333334,0,2,200,50.0,75.0,0.03333333333333333,0
1115,Optimization,,2,107,107,1.7833333333333334,0,2,200,50.0,75.0,0.03333333333333333,0
1116,Optimization,,2,117,117,1.95,0,2,200,50.0,75.0,0.03333333333333333,0
1117,Optimization,,2,102,102,1.7,0,2,200,50.0,75.0,0.03333333333333333,0
1118,Optimization,,2,110,110,1.8333333333333333,0,2,200,50.0,75.0,0.03333333333333333,0
1119,Optimization,,1,96,96,1.6,0,1,100,50.0,75.0,0.016666666666666666,0
1120,Optimization,,2,111,111,1.85,0,2,200,50.0,75.0,0.03333333333333333,0
1121,Optimization,,4,306,306,5.1,0,4,400,50.0,75.0,0.06666666666666667,0
1122,Optimization,,3,299,299,4.983333333333333,0,3,300,50.0,75.0,0.05,0
1123,Optimization,,4,304,304,5.066666666666666,0,4,400,50.0,75.0,0.06666666666666667,0
1124,Optimization,,4,304,304,5.066666666666666,0,4,400,50.0,75.0,0.06666666666666667,0
1125,Optimization,,4,304,304,5.066666666666666,0,4,400,50.0,75.0,0.06666666666666667,0
1126,Optimization,,4,324,324,5.4,0,4,400,50.0,75.0,0.06666666666666667,0
1127,Optimization,,4,305,305,5.083333333333333,0,4,400,50.0,75.0,0.06666666666666667,0
1128,Optimization,,4,304,304,5.066666666666666,0,4,400,50.0,75.0,0.06666666666666667,0
1129,Optimization,,3,285,285,4.75,0,3,300,50.0,75.0,0.05,0
1130,Optimization,,3,298,298,4.966666666666667,0,3,300,50.0,75.0,0.05,0
1131,Optimization,,4,304,304,5.066666666666666,0,4,400,50.0,75.0,0.06666666666666667,0
1132,Optimization,,3,300,300,5.0,0,3,300,50.0,75.0,0.05,0
1133,Optimization,,2,120,120,2.0,0,2,200,50.0,75.0,0.03333333333333333,0
1134,Optimization,,2,105,105,1.75,0,2,200,50.0,75.0,0.03333333333333333,0
1135,Optimization,,2,120,120,2.0,0,2,200,50.0,75.0,0.03333333333333333,0
1136,Optimization,,2,107,107,1.7833333333333334,0,2,200,50.0,75.0,0.03333333333333333,0
1137,Optimization,,2,107,107,1.7833333333333334,0,2,200,50.0,75.0,0.03333333333333333,0
1138,Optimization,,2,106,106,1.7666666666666666,0,2,200,50.0,75.0,0.03333333333333333,0
1139,Optimization,,2,107,107,1.7833333333333334,0,2,200,50.0,75.0,0.03333333333333333,0
1140,Optimization,,2,123,123,2.05,0,2,200,50.0,75.0,0.03333333333333333,0
1141,Optimization,,1,83,83,1.3833333333333333,0,1,100,50.0,75.0,0.016666666666666666,0
1142,Optimization,,1,86,86,1.4333333333333333,0,1,100,50.0,75.0,0.016666666666666666,0
1143,Optimization,,2,101,101,1.6833333333333333,0,2,200,50.0,75.0,0.03333333333333333,0
1144,Optimization,,2,107,107,1.7833333333333334,0,2,200,50.0,75.0,0.03333333333333333,0
1145,Optimization,,2,113,113,1.8833333333333333,0,2,200,50.0,75.0,0.03333333333333333,0
1146,Optimization,,2,111,111,1.85,0,2,200,50.0,75.0,0.03333333333333333,0
1147,Optimization,,2,103,103,1.7166666666666666,0,2,200,50.0,75.0,0.03333333333333333,0
1148,Optimization,,2,117,117,1.95,0,2,200,50.0,75.0,0.03333333333333333,0
1149,Optimization,,2,117,117,1.95,0,2,200,50.0,75.0,0.03333333333333333,0
1150,Optimization,,2,109,109,1.8166666666666667,0,2,200,50.0,75.0,0.03333333333333333,0
1151,Optimization,,2,116,116,1.9333333333333333,0,2,200,50.0,75.0,0.03333333333333333,0
1152,Optimization,,2,110,110,1.8333333333333333,0,2,200,50.0,75.0,0.03333333333333333,0
1153,Optimization,,2,101,101,1.6833333333333333,0,2,200,50.0,75.0,0.03333333333333333,0
1154,Optimization,,2,114,114,1.9,0,2,200,50.0,75.0,0.03333333333333333,0
1155,Optimization,,2,108,108,1.8,0,2,200,50.0,75.0,0.03333333333333333,0
1156,Optimization,,2,107,107,1.7833333333333334,0,2,200,50.0,75.0,0.03333333333333333,0
1157,Optimization,,2,122,122,2.033333333333333,0,2,200,50.0,75.0,0.03333333333333333,0
1158,Optimization,,1,83,83,1.3833333333333333,0,1,100,50.0,75.0,0.016666666666666666,0
1159,Optimization,,1,93,93,1.55,0,1,100,50.0,75.0,0.016666666666666666,0
1160,Optimization,,1,95,95,1.5833333333333333,0,1,100,50.0,75.0,0.016666666666666666,0
1161,Optimization,,2,104,104,1.7333333333333334,0,2,200,50.0,75.0,0.03333333333333333,0
1162,Optimization,,2,105,105,1.75,0,2,200,50.0,75.0,0.03333333333333333,0
1163,Optimization,,1,92,92,1.5333333333333334,0,1,100,50.0,75.0,0.016666666666666666,0
1164,Optimization,,1,98,98,1.6333333333333333,0,1,100,50.0,75.0,0.016666666666666666,0
1165,Optimization,,1,99,99,1.65,0,1,100,50.0,75.0,0.016666666666666666,0
1166,Optimization,,2,132,132,2.2,0,2,200,50.0,75.0,0.03333333333333333,0
1167,Optimization,,2,126,126,2.1,0,2,200,50.0,75.0,0.03333333333333333,0
1168,Optimization,,2,104,104,1.7333333333333334,0,2,200,50.0,75.0,0.03333333333333333,0
1169,Optimization,,2,104,104,1.7333333333333334,0,2,200,50.0,75.0,0.03333333333333333,0
1170,Optimization,,1,96,96,1.6,0,1,100,50.0,75.0,0.016666666666666666,0
1171,Optimization,,1,89,89,1.4833333333333334,0,1,100,50.0,75.0,0.016666666666666666,0
1172,Optimization,,2,107,107,1.7833333333333334,0,2,200,50.0,75.0,0.03333333333333333,0
1173,Optimization,,1,98,98,1.6333333333333333,0,1,100,50.0,75.0,0.016666666666666666,0
1174,Optimization,,2,107,107,1.7833333333333334,0,2,200,50.0,75.0,0.03333333333333333,0
1175,Optimization,,1,92,92,1.5333333333333334,0,1,100,50.0,75.0,0.016666666666666666,0
1176,Optimization,,2,101,101,1.6833333333333333,0,2,200,50.0,75.0,0.03333333333333333,0
1177,Optimization,,2,110,110,1.8333333333333333,0,2,200,50.0,75.0,0.03333333333333333,0
1178,Optimization,,2,112,112,1.8666666666666667,0,2,200,50.0,75.0,0.03333333333333333,0
1179,Optimization,,4,313,313,5.216666666666667,0,4,400,50.0,75.0,0.06666666666666667,0
1180,Optimization,,3,295,295,4.916666666666667,0,3,300,50.0,75.0,0.05,0
1181,Optimization,,4,317,317,5.283333333333333,0,4,400,50.0,75.0,0.06666666666666667,0
1182,Optimization,,4,301,301,5.016666666666667,0,4,400,50.0,75.0,0.06666666666666667,0
1183,Optimization,,4,315,315,5.25,0,4,400,50.0,75.0,0.06666666666666667,0
1184,Optimization,,4,309,309,5.15,0,4,400,50.0,75.0,0.06666666666666667,0
1185,Optimization,,3,295,295,4.916666666666667,0,3,300,50.0,75.0,0.05,0
1186,Optimization,,4,306,306,5.1,0,4,400,50.0,75.0,0.06666666666666667,0
1187,Optimization,,4,313,313,5.216666666666667,0,4,400,50.0,75.0,0.06666666666666667,0
1188,Optimization,,4,315,315,5.25,0,4,400,50.0,75.0,0.06666666666666667,0
1189,Optimization,,4,308,308,5.133333333333334,0,4,400,50.0,75.0,0.06666666666666667,0
1190,Optimization,,4,325,325,5.416666666666667,0,4,400,50.0,75.0,0.06666666666666667,0
1191,Optimization,,2,119,119,1.9833333333333334,0,2,200,50.0,75.0,0.03333333333333333,0
1192,Optimization,,2,107,107,1.7833333333333334,0,2,200,50.0,75.0,0.03333333333333333,0
1193,Optimization,,2,117,117,1.95,0,2,200,50.0,75.0,0.03333333333333333,0
1194,Optimization,,2,129,129,2.15,0,2,200,50.0,75.0,0.03333333333333333,0
1195,Optimization,,2,129,129,2.15,0,2,200,50.0,75.0,0.03333333333333333,0
1196,Optimization,,1,98,98,1.6333333333333333,0,1,100,50.0,75.0,0.016666666666666666,0
1197,Optimization,,2,101,101,1.6833333333333333,0,2,200,50.0,75.0,0.03333333333333333,0
1198,Optimization,,2,125,125,2.0833333333333335,0,2,200,50.0,75.0,0.03333333333333333,0
1199,Optimization,,1,100,100,1.6666666666666667,0,1,100,50.0,75.0,0.016666666666666666,0
1200,Optimization,,1,96,96,1.6,0,1,100,50.0,75.0,0.016666666666666666,0
1201,Optimization,,2,105,105,1.75,0,2,200,50.0,75.0,0.03333333333333333,0
1202,Optimization,,2,114,114,1.9,0,2,200,50.0,75.0,0.03333333333333333,0
1203,Optimization,,2,109,109,1.8166666666666667,0,2,200,50.0,75.0,0.03333333333333333,0
1204,Optimization,,2,103,103,1.7166666666666666,0,2,200,50.0,75.0,0.03333333333333333,0
1205,Optimization,,2,103,103,1.7166666666666666,0,2,200,50.0,75.0,0.03333333333333333,0
1206,Optimization,,2,103,103,1.7166666666666666,0,2,200,50.0,75.0,0.03333333333333333,0
1207,Optimization,,2,101,101,1.6833333333333333,0,2,200,50.0,75.0,0.03333333333333333,0
1208,Optimization,,2,133,133,2.216666666666667,0,2,200,50.0,75.0,0.03333333333333333,0
1209,Optimization,,2,113,113,1.8833333333333333,0,2,200,50.0,75.0,0.03333333333333333,0
1210,Optimization,,2,119,119,1.9833333333333334,0,2,200,50.0,75.0,0.03333333333333333,0
1211,Optimization,,2,106,106,1.7666666666666666,0,2,200,50.0,75.0,0.03333333333333333,0
1212,Optimization,,2,109,109,1.8166666666666667,0,2,200,50.0,75.0,0.03333333333333333,0
1213,Optimization,,2,104,104,1.7333333333333334,0,2,200,50.0,75.0,0.03333333333333333,0
1214,Optimization,,1,84,84,1.4,0,1,100,50.0,75.0,0.016666666666666666,0
1215,Optimization,,1,97,97,1.6166666666666667,0,1,100,50.0,75.0,0.016666666666666666,0
1216,Optimization,,1,93,93,1.55,0,1,100,50.0,75.0,0.016666666666666666,0
1217,Optimization,,1,89,89,1.4833333333333334,0,1,100,50.0,75.0,0.016666666666666666,0
1218,Optimization,,1,99,99,1.65,0,1,100,50.0,75.0,0.016666666666666666,0
1219,Optimization,,2,124,124,2.066666666666667,0,2,200,50.0,75.0,0.03333333333333333,0
1220,Optimization,,2,111,111,1.85,0,2,200,50.0,75.0,0.03333333333333333,0
1221,Optimization,,2,124,124,2.066666666666667,0,2,200,50.0,75.0,0.03333333333333333,0
1222,Optimization,,2,116,116,1.9333333333333333,0,2,200,50.0,75.0,0.03333333333333333,0
1223,Optimization,,2,119,119,1.9833333333333334,0,2,200,50.0,75.0,0.03333333333333333,0
1224,Optimization,,2,103,103,1.7166666666666666,0,2,200,50.0,75.0,0.03333333333333333,0
1225,Optimization,,2,117,117,1.95,0,2,200,50.0,75.0,0.03333333333333333,0
1226,Optimization,,2,119,119,1.9833333333333334,0,2,200,50.0,75.0,0.03333333333333333,0
1227,Optimization,,2,106,106,1.7666666666666666,0,2,200,50.0,75.0,0.03333333333333333,0
1228,Optimization,,2,118,118,1.9666666666666666,0,2,200,50.0,75.0,0.03333333333333333,0
1229,Optimization,,2,118,118,1.9666666666666666,0,2,200,50.0,75.0,0.03333333333333333,0
1230,Optimization,,2,107,107,1.7833333333333334,0,2,200,50.0,75.0,0.03333333333333333,0
1231,Optimization,,2,101,101,1.6833333333333333,0,2,200,50.0,75.0,0.03333333333333333,0
1232,Optimization,,2,101,101,1.6833333333333333,0,2,200,50.0,75.0,0.03333333333333333,0
1233,Optimization,,2,114,114,1.9,0,2,200,50.0,75.0,0.03333333333333333,0
1234,Optimization,,2,116,116,1.9333333333333333,0,2,200,50.0,75.0,0.03333333333333333,0
1235,Optimization,,2,105,105,1.75,0,2,200,50.0,75.0,0.03333333333333333,0
1236,Optimization,,2,113,113,1.8833333333333333,0,2,200,50.0,75.0,0.03333333333333333,0
1237,Optimization,,2,119,119,1.9833333333333334,0,2,200,50.0,75.0,0.03333333333333333,0
1238,Optimization,,2,119,119,1.9833333333333334,0,2,200,50.0,75.0,0.03333333333333333,0
1239,Optimization,,2,129,129,2.15,0,2,200,50.0,75.0,0.03333333333333333,0
1240,Optimization,,2,126,126,2.1,0,2,200,50.0,75.0,0.03333333333333333,0
1241,Optimization,,2,104,104,1.7333333333333334,0,2,200,50.0,75.0,0.03333333333333333,0
1242,Optimization,,2,131,131,2.183333333333333,0,2,200,50.0,75.0,0.03333333333333333,0
1243,Optimization,,2,108,108,1.8,0,2,200,50.0,75.0,0.03333333333333333,0
1244,Optimization,,2,124,124,2.066666666666667,0,2,200,50.0,75.0,0.03333333333333333,0
1245,Optimization,,2,115,115,1.9166666666666667,0,2,200,50.0,75.0,0.03333333333333333,0
1246,Optimization,,2,110,110,1.8333333333333333,0,2,200,50.0,75.0,0.03333333333333333,0
1247,Optimization,,1,96,96,1.6,0,1,100,50.0,75.0,0.016666666666666666,0
1248,Optimization,,2,113,113,1.8833333333333333,0,2,200,50.0,75.0,0.03333333333333333,0
1249,Optimization,,1,99,99,1.65,0,1,100,50.0,75.0,0.016666666666666666,0
1250,Optimization,,4,319,319,5.316666666666666,0,4,400,50.0,75.0,0.06666666666666667,0
1251,Optimization,,2,130,130,2.1666666666666665,0,2,200,50.0,75.0,0.03333333333333333,0
1252,Optimization,,2,107,107,1.7833333333333334,0,2,200,50.0,75.0,0.03333333333333333,0
1253,Optimization,,2,118,118,1.9666666666666666,0,2,200,50.0,75.0,0.03333333333333333,0
1254,Optimization,,2,108,108,1.8,0,2,200,50.0,75.0,0.03333333333333333,0
1255,Optimization,,2,109,109,1.8166666666666667,0,2,200,50.0,75.0,0.03333333333333333,0
1256,Optimization,,2,123,123,2.05,0,2,200,50.0,75.0,0.03333333333333333,0
1257,Optimization,,2,115,115,1.9166666666666667,0,2,200,50.0,75.0,0.03333333333333333,0
1258,Optimization,,2,133,133,2.216666666666667,0,2,200,50.0,75.0,0.03333333333333333,0
1259,Optimization,,2,111,111,1.85,0,2,200,50.0,75.0,0.03333333333333333,0
1260,Optimization,,2,125,125,2.0833333333333335,0,2,200,50.0,75.0,0.03333333333333333,0
1261,Optimization,,2,116,116,1.9333333333333333,0,2,200,50.0,75.0,0.03333333333333333,0
1262,Optimization,,2,123,123,2.05,0,2,200,50.0,75.0,0.03333333333333333,0
1263,Optimization,,2,111,111,1.85,0,2,200,50.0,75.0,0.03333333333333333,0
1264,Optimization,,2,115,115,1.9166666666666667,0,2,200,50.0,75.0,0.03333333333333333,0
1265,Optimization,,2,115,115,1.9166666666666667,0,2,200,50.0,75.0,0.03333333333333333,0
1266,Optimization,,2,107,107,1.7833333333333334,0,2,200,50.0,75.0,0.03333333333333333,0
1267,Optimization,,2,123,123,2.05,0,2,200,50.0,75.0,0.03333333333333333,0
1268,Optimization,,2,123,123,2.05,0,2,200,50.0,75.0,0.03333333333333333,0
1269,Optimization,,2,122,122,2.033333333333333,0,2,200,50.0,75.0,0.03333333333333333,0
1270,Optimization,,2,132,132,2.2,0,2,200,50.0,75.0,0.03333333333333333,0
1271,Optimization,,2,131,131,2.183333333333333,0,2,200,50.0,75.0,0.03333333333333333,0
1272,Optimization,,2,113,113,1.8833333333333333,0,2,200,50.0,75.0,0.03333333333333333,0
1273,Optimization,,2,120,120,2.0,0,2,200,50.0,75.0,0.03333333333333333,0
1274,Optimization,,2,111,111,1.85,0,2,200,50.0,75.0,0.03333333333333333,0
1275,Optimization,,2,117,117,1.95,0,2,200,50.0,75.0,0.03333333333333333,0
1276,Optimization,,2,111,111,1.85,0,2,200,50.0,75.0,0.03333333333333333,0
1277,Optimization,,2,133,133,2.216666666666667,0,2,200,50.0,75.0,0.03333333333333333,0
1278,Optimization,,2,121,121,2.0166666666666666,0,2,200,50.0,75.0,0.03333333333333333,0
1279,Optimization,,2,115,115,1.9166666666666667,0,2,200,50.0,75.0,0.03333333333333333,0
1280,Optimization,,2,130,130,2.1666666666666665,0,2,200,50.0,75.0,0.03333333333333333,0
1281,Optimization,,1,96,96,1.6,0,1,100,50.0,75.0,0.016666666666666666,0
1282,Optimization,,1,98,98,1.6333333333333333,0,1,100,50.0,75.0,0.016666666666666666,0
1283,Optimization,,2,126,126,2.1,0,2,200,50.0,75.0,0.03333333333333333,0
1284,Optimization,,2,119,119,1.9833333333333334,0,2,200,50.0,75.0,0.03333333333333333,0
1285,Optimization,,2,121,121,2.0166666666666666,0,2,200,50.0,75.0,0.03333333333333333,0
1286,Optimization,,2,105,105,1.75,0,2,200,50.0,75.0,0.03333333333333333,0
1287,Optimization,,2,118,118,1.9666666666666666,0,2,200,50.0,75.0,0.03333333333333333,0
1288,Optimization,,2,139,139,2.316666666666667,0,2,200,50.0,75.0,0.03333333333333333,0
1289,Optimization,,2,127,127,2.1166666666666667,0,2,200,50.0,75.0,0.03333333333333333,0
1290,Optimization,,2,121,121,2.0166666666666666,0,2,200,50.0,75.0,0.03333333333333333,0
1291,Optimization,,2,115,115,1.9166666666666667,0,2,200,50.0,75.0,0.03333333333333333,0
1292,Optimization,,2,115,115,1.9166666666666667,0,2,200,50.0,75.0,0.03333333333333333,0
1293,Optimization,,1,98,98,1.6333333333333333,0,1,100,50.0,75.0,0.016666666666666666,0
1294,Optimization,,2,122,122,2.033333333333333,0,2,200,50.0,75.0,0.03333333333333333,0
1295,Optimization,,2,128,128,2.1333333333333333,0,2,200,50.0,75.0,0.03333333333333333,0
1296,Optimization,,2,104,104,1.7333333333333334,0,2,200,50.0,75.0,0.03333333333333333,0
1297,Optimization,,2,113,113,1.8833333333333333,0,2,200,50.0,75.0,0.03333333333333333,0
1298,Optimization,,2,109,109,1.8166666666666667,0,2,200,50.0,75.0,0.03333333333333333,0
1299,Optimization,,2,111,111,1.85,0,2,200,50.0,75.0,0.03333333333333333,0
1300,Optimization,,2,121,121,2.0166666666666666,0,2,200,50.0,75.0,0.03333333333333333,0
1301,Optimization,,1,100,100,1.6666666666666667,0,1,100,50.0,75.0,0.016666666666666666,0
1302,Optimization,,2,127,127,2.1166666666666667,0,2,200,50.0,75.0,0.03333333333333333,0
1303,Optimization,,2,128,128,2.1333333333333333,0,2,200,50.0,75.0,0.03333333333333333,0
1304,Optimization,,2,119,119,1.9833333333333334,0,2,200,50.0,75.0,0.03333333333333333,0
1305,Optimization,,1,96,96,1.6,0,1,100,50.0,75.0,0.016666666666666666,0
1306,Optimization,,2,111,111,1.85,0,2,200,50.0,75.0,0.03333333333333333,0
1307,Optimization,,2,134,134,2.2333333333333334,0,2,200,50.0,75.0,0.03333333333333333,0
1308,Optimization,,1,94,94,1.5666666666666667,0,1,100,50.0,75.0,0.016666666666666666,0
1309,Optimization,,2,118,118,1.9666666666666666,0,2,200,50.0,75.0,0.03333333333333333,0
1310,Optimization,,2,110,110,1.8333333333333333,0,2,200,50.0,75.0,0.03333333333333333,0
1311,Optimization,,2,130,130,2.1666666666666665,0,2,200,50.0,75.0,0.03333333333333333,0
1312,Optimization,,2,115,115,1.9166666666666667,0,2,200,50.0,75.0,0.03333333333333333,0
1313,Optimization,,2,126,126,2.1,0,2,200,50.0,75.0,0.03333333333333333,0
1314,Optimization,,2,128,128,2.1333333333333333,0,2,200,50.0,75.0,0.03333333333333333,0
1315,Optimization,,2,141,141,2.35,0,2,200,50.0,75.0,0.03333333333333333,0
1316,Optimization,,2,121,121,2.0166666666666666,0,2,200,50.0,75.0,0.03333333333333333,0
1317,Optimization,,2,127,127,2.1166666666666667,0,2,200,50.0,75.0,0.03333333333333333,0
1318,Optimization,,2,108,108,1.8,0,2,200,50.0,75.0,0.03333333333333333,0
1319,Optimization,,2,135,135,2.25,0,2,200,50.0,75.0,0.03333333333333333,0
1320,Optimization,,1,65,65,1.0833333333333333,0,1,100,50.0,75.0,0.016666666666666666,0
1321,Optimization,,1,67,67,1.1166666666666667,0,1,100,50.0,75.0,0.016666666666666666,0
1322,Optimization,,1,73,73,1.2166666666666666,0,1,100,50.0,75.0,0.016666666666666666,0
1323,Optimization,,1,58,58,0.9666666666666667,0,1,100,50.0,75.0,0.016666666666666666,0
1324,Optimization,,1,76,76,1.2666666666666666,0,1,100,50.0,75.0,0.016666666666666666,0
1325,Optimization,,1,83,83,1.3833333333333333,0,1,100,50.0,75.0,0.016666666666666666,0
1326,Optimization,,1,77,77,1.2833333333333334,0,1,100,50.0,75.0,0.016666666666666666,0
1327,Optimization,,1,58,58,0.9666666666666667,0,1,100,50.0,75.0,0.016666666666666666,0
1328,Optimization,,1,73,73,1.2166666666666666,0,1,100,50.0,75.0,0.016666666666666666,0
1329,Optimization,,1,81,81,1.35,0,1,100,50.0,75.0,0.016666666666666666,0
1330,Optimization,,1,55,55,0.9166666666666666,0,1,100,50.0,75.0,0.016666666666666666,0
1331,Optimization,,1,64,64,1.0666666666666667,0,1,100,50.0,75.0,0.016666666666666666,0
1332,Optimization,,1,83,83,1.3833333333333333,0,1,100,50.0,75.0,0.016666666666666666,0
1333,Optimization,,1,77,77,1.2833333333333334,0,1,100,50.0,75.0,0.016666666666666666,0
1334,Optimization,,1,79,79,1.3166666666666667,0,1,100,50.0,75.0,0.016666666666666666,0
1335,Optimization,,1,94,94,1.5666666666666667,0,1,100,50.0,75.0,0.016666666666666666,0
1336,Optimization,,1,80,80,1.3333333333333333,0,1,100,50.0,75.0,0.016666666666666666,0
1337,Optimization,,1,82,82,1.3666666666666667,0,1,100,50.0,75.0,0.016666666666666666,0
1338,Optimization,,2,103,103,1.7166666666666666,0,2,200,50.0,75.0,0.03333333333333333,0
1339,Optimization,,1,73,73,1.2166666666666666,0,1,100,50.0,75.0,0.016666666666666666,0
1340,Optimization,,1,68,68,1.1333333333333333,0,1,100,50.0,75.0,0.016666666666666666,0
1341,Optimization,,1,80,80,1.3333333333333333,0,1,100,50.0,75.0,0.016666666666666666,0
1342,Optimization,,1,80,80,1.3333333333333333,0,1,100,50.0,75.0,0.016666666666666666,0
1343,Optimization,,1,71,71,1.1833333333333333,0,1,100,50.0,75.0,0.016666666666666666,0
1344,Optimization,,1,66,66,1.1,0,1,100,50.0,75.0,0.016666666666666666,0
1345,Optimization,,1,100,100,1.6666666666666667,0,1,100,50.0,75.0,0.016666666666666666,0
1346,Optimization,,1,80,80,1.3333333333333333,0,1,100,50.0,75.0,0.016666666666666666,0
1347,Optimization,,1,70,70,1.1666666666666667,0,1,100,50.0,75.0,0.016666666666666666,0
1348,Optimization,,1,86,86,1.4333333333333333,0,1,100,50.0,75.0,0.016666666666666666,0
1349,Optimization,,1,76,76,1.2666666666666666,0,1,100,50.0,75.0,0.016666666666666666,0
1350,Optimization,,1,75,75,1.25,0,1,100,50.0,75.0,0.016666666666666666,0
1351,Optimization,,1,83,83,1.3833333333333333,0,1,100,50.0,75.0,0.016666666666666666,0
1352,Optimization,,1,65,65,1.0833333333333333,0,1,100,50.0,75.0,0.016666666666666666,0
1353,Optimization,,1,81,81,1.35,0,1,100,50.0,75.0,0.016666666666666666,0
1354,Optimization,,1,97,97,1.6166666666666667,0,1,100,50.0,75.0,0.016666666666666666,0
1355,Optimization,,1,83,83,1.3833333333333333,0,1,100,50.0,75.0,0.016666666666666666,0
1356,Optimization,,1,75,75,1.25,0,1,100,50.0,75.0,0.016666666666666666,0
1357,Optimization,,1,73,73,1.2166666666666666,0,1,100,50.0,75.0,0.016666666666666666,0
1358,Optimization,,1,75,75,1.25,0,1,100,50.0,75.0,0.016666666666666666,0
1359,Optimization,,1,76,76,1.2666666666666666,0,1,100,50.0,75.0,0.016666666666666666,0
1360,Optimization,,1,75,75,1.25,0,1,100,50.0,75.0,0.016666666666666666,0
1361,Optimization,,1,88,88,1.4666666666666666,0,1,100,50.0,75.0,0.016666666666666666,0
1362,Optimization,,1,62,62,1.0333333333333334,0,1,100,50.0,75.0,0.016666666666666666,0
1363,Optimization,,1,88,88,1.4666666666666666,0,1,100,50.0,75.0,0.016666666666666666,0
1364,Optimization,,1,76,76,1.2666666666666666,0,1,100,50.0,75.0,0.016666666666666666,0
1365,Optimization,,1,84,84,1.4,0,1,100,50.0,75.0,0.016666666666666666,0
1366,Optimization,,1,69,69,1.15,0,1,100,50.0,75.0,0.016666666666666666,0
1367,Optimization,,1,93,93,1.55,0,1,100,50.0,75.0,0.016666666666666666,0
1368,Optimization,,1,93,93,1.55,0,1,100,50.0,75.0,0.016666666666666666,0
1369,Optimization,,1,90,90,1.5,0,1,100,50.0,75.0,0.016666666666666666,0
1370,Optimization,,1,66,66,1.1,0,1,100,50.0,75.0,0.016666666666666666,0
1371,Optimization,,1,89,89,1.4833333333333334,0,1,100,50.0,75.0,0.016666666666666666,0
1372,Optimization,,1,85,85,1.4166666666666667,0,1,100,50.0,75.0,0.016666666666666666,0
1373,Optimization,,1,65,65,1.0833333333333333,0,1,100,50.0,75.0,0.016666666666666666,0
1374,Optimization,,1,81,81,1.35,0,1,100,50.0,75.0,0.016666666666666666,0
1375,Optimization,,1,85,85,1.4166666666666667,0,1,100,50.0,75.0,0.016666666666666666,0
1376,Optimization,,1,87,87,1.45,0,1,100,50.0,75.0,0.016666666666666666,0
1377,Optimization,,1,84,84,1.4,0,1,100,50.0,75.0,0.016666666666666666,0
1378,Optimization,,1,85,85,1.4166666666666667,0,1,100,50.0,75.0,0.016666666666666666,0
1379,Optimization,,1,97,97,1.6166666666666667,0,1,100,50.0,75.0,0.016666666666666666,0
1380,Optimization,,1,94,94,1.5666666666666667,0,1,100,50.0,75.0,0.016666666666666666,0
1381,Optimization,,1,53,53,0.8833333333333333,0,1,100,50.0,75.0,0.016666666666666666,0
1382,Optimization,,1,79,79,1.3166666666666667,0,1,100,50.0,75.0,0.016666666666666666,0
1383,Optimization,,1,81,81,1.35,0,1,100,50.0,75.0,0.016666666666666666,0
1384,Optimization,,1,65,65,1.0833333333333333,0,1,100,50.0,75.0,0.016666666666666666,0
1385,Optimization,,1,83,83,1.3833333333333333,0,1,100,50.0,75.0,0.016666666666666666,0
1386,Optimization,,1,95,95,1.5833333333333333,0,1,100,50.0,75.0,0.016666666666666666,0
1387,Optimization,,1,72,72,1.2,0,1,100,50.0,75.0,0.016666666666666666,0
1388,Optimization,,1,86,86,1.4333333333333333,0,1,100,50.0,75.0,0.016666666666666666,0
1389,Optimization,,1,74,74,1.2333333333333334,0,1,100,50.0,75.0,0.016666666666666666,0
1390,Optimization,,1,77,77,1.2833333333333334,0,1,100,50.0,75.0,0.016666666666666666,0
1391,Optimization,,1,98,98,1.6333333333333333,0,1,100,50.0,75.0,0.016666666666666666,0
1392,Optimization,,1,78,78,1.3,0,1,100,50.0,75.0,0.016666666666666666,0
1393,Optimization,,1,88,88,1.4666666666666666,0,1,100,50.0,75.0,0.016666666666666666,0
1394,Optimization,,1,65,65,1.0833333333333333,0,1,100,50.0,75.0,0.016666666666666666,0
1395,Optimization,,2,103,103,1.7166666666666666,0,2,200,50.0,75.0,0.03333333333333333,0
1396,Optimization,,1,90,90,1.5,0,1,100,50.0,75.0,0.016666666666666666,0
1397,Optimization,,1,83,83,1.3833333333333333,0,1,100,50.0,75.0,0.016666666666666666,0
1398,Optimization,,1,90,90,1.5,0,1,100,50.0,75.0,0.016666666666666666,0
1399,Optimization,,2,180,180,3.0,0,2,200,50.0,75.0,0.03333333333333333,0
1400,Optimization,,1,97,97,1.6166666666666667,0,1,100,50.0,75.0,0.016666666666666666,0
1401,Optimization,,1,82,82,1.3666666666666667,0,1,100,50.0,75.0,0.016666666666666666,0
1402,Optimization,,1,83,83,1.3833333333333333,0,1,100,50.0,75.0,0.016666666666666666,0
1403,Optimization,,1,81,81,1.35,0,1,100,50.0,75.0,0.016666666666666666,0
1404,Optimization,,1,80,80,1.3333333333333333,0,1,100,50.0,75.0,0.016666666666666666,0
1405,Optimization,,1,93,93,1.55,0,1,100,50.0,75.0,0.016666666666666666,0
1406,Optimization,,1,89,89,1.4833333333333334,0,1,100,50.0,75.0,0.016666666666666666,0
1407,Optimization,,1,93,93,1.55,0,1,100,50.0,75.0,0.016666666666666666,0
1408,Optimization,,1,86,86,1.4333333333333333,0,1,100,50.0,75.0,0.016666666666666666,0
1409,Optimization,,1,92,92,1.5333333333333334,0,1,100,50.0,75.0,0.016666666666666666,0
1410,Optimization,,1,83,83,1.3833333333333333,0,1,100,50.0,75.0,0.016666666666666666,0
1411,Optimization,,2,109,109,1.8166666666666667,0,2,200,50.0,75.0,0.03333333333333333,0
1412,Optimization,,1,71,71,1.1833333333333333,0,1,100,50.0,75.0,0.016666666666666666,0
1413,Optimization,,1,100,100,1.6666666666666667,0,1,100,50.0,75.0,0.016666666666666666,0
1414,Optimization,,2,101,101,1.6833333333333333,0,2,200,50.0,75.0,0.03333333333333333,0
1415,Optimization,,1,79,79,1.3166666666666667,0,1,100,50.0,75.0,0.016666666666666666,0
1416,Optimization,,2,110,110,1.8333333333333333,0,2,200,50.0,75.0,0.03333333333333333,0
1417,Optimization,,1,98,98,1.6333333333333333,0,1,100,50.0,75.0,0.016666666666666666,0
1418,Optimization,,1,98,98,1.6333333333333333,0,1,100,50.0,75.0,0.016666666666666666,0
1419,Optimization,,1,89,89,1.4833333333333334,0,1,100,50.0,75.0,0.016666666666666666,0
1420,Optimization,,1,86,86,1.4333333333333333,0,1,100,50.0,75.0,0.016666666666666666,0
1421,Optimization,,1,87,87,1.45,0,1,100,50.0,75.0,0.016666666666666666,0
1422,Optimization,,1,93,93,1.55,0,1,100,50.0,75.0,0.016666666666666666,0
1423,Optimization,,2,103,103,1.7166666666666666,0,2,200,50.0,75.0,0.03333333333333333,0
1424,Optimization,,1,91,91,1.5166666666666666,0,1,100,50.0,75.0,0.016666666666666666,0
1425,Optimization,,1,80,80,1.3333333333333333,0,1,100,50.0,75.0,0.016666666666666666,0
1426,Optimization,,1,98,98,1.6333333333333333,0,1,100,50.0,75.0,0.016666666666666666,0
1427,Optimization,,1,99,99,1.65,0,1,100,50.0,75.0,0.016666666666666666,0
1428,Optimization,,1,96,96,1.6,0,1,100,50.0,75.0,0.016666666666666666,0
1429,Optimization,,1,98,98,1.6333333333333333,0,1,100,50.0,75.0,0.016666666666666666,0
1430,Optimization,,1,88,88,1.4666666666666666,0,1,100,50.0,75.0,0.016666666666666666,0
1431,Optimization,,1,81,81,1.35,0,1,100,50.0,75.0,0.016666666666666666,0
1432,Optimization,,1,82,82,1.3666666666666667,0,1,100,50.0,75.0,0.016666666666666666,0
1433,Optimization,,1,74,74,1.2333333333333334,0,1,100,50.0,75.0,0.016666666666666666,0
1434,Optimization,,1,93,93,1.55,0,1,100,50.0,75.0,0.016666666666666666,0
1435,Optimization,,1,90,90,1.5,0,1,100,50.0,75.0,0.016666666666666666,0
1436,Optimization,,1,87,87,1.45,0,1,100,50.0,75.0,0.016666666666666666,0
1437,Optimization,,1,62,62,1.0333333333333334,0,1,100,50.0,75.0,0.016666666666666666,0
1438,Optimization,,1,79,79,1.3166666666666667,0,1,100,50.0,75.0,0.016666666666666666,0
1439,Optimization,,2,103,103,1.7166666666666666,0,2,200,50.0,75.0,0.03333333333333333,0
