step,strategy,forecast_requests,target_instances,incoming_requests,processed_requests,throughput,queue_length,active_instances,total_capacity,estimated_latency_ms,estimated_p95_latency_ms,infrastructure_cost,sla_violations
0,Reactive,,2,112,112,1.8666666666666667,0,2,200,50.0,75.0,0.03333333333333333,0
1,Reactive,,2,98,98,1.6333333333333333,0,2,200,50.0,75.0,0.03333333333333333,0
2,Reactive,,2,117,117,1.95,0,2,200,50.0,75.0,0.03333333333333333,0
3,Reactive,,2,119,119,1.9833333333333334,0,2,200,50.0,75.0,0.03333333333333333,0
4,Reactive,,2,90,90,1.5,0,2,200,50.0,75.0,0.03333333333333333,0
5,Reactive,,2,97,97,1.6166666666666667,0,2,200,50.0,75.0,0.03333333333333333,0
6,Reactive,,2,111,111,1.85,0,2,200,50.0,75.0,0.03333333333333333,0
7,Reactive,,2,107,107,1.7833333333333334,0,2,200,50.0,75.0,0.03333333333333333,0
8,Reactive,,2,110,110,1.8333333333333333,0,2,200,50.0,75.0,0.03333333333333333,0
9,Reactive,,2,102,102,1.7,0,2,200,50.0,75.0,0.03333333333333333,0
10,Reactive,,2,119,119,1.9833333333333334,0,2,200,50.0,75.0,0.03333333333333333,0
11,Reactive,,2,118,118,1.9666666666666666,0,2,200,50.0,75.0,0.03333333333333333,0
12,Reactive,,2,111,111,1.85,0,2,200,50.0,75.0,0.03333333333333333,0
13,Reactive,,2,122,122,2.033333333333333,0,2,200,50.0,75.0,0.03333333333333333,0
14,Reactive,,2,116,116,1.9333333333333333,0,2,200,50.0,75.0,0.03333333333333333,0
15,Reactive,,2,103,103,1.7166666666666666,0,2,200,50.0,75.0,0.03333333333333333,0
16,Reactive,,2,115,115,1.9166666666666667,0,2,200,50.0,75.0,0.03333333333333333,0
17,Reactive,,2,102,102,1.7,0,2,200,50.0,75.0,0.03333333333333333,0
18,Reactive,,2,121,121,2.0166666666666666,0,2,200,50.0,75.0,0.03333333333333333,0
19,Reactive,,2,111,111,1.85,0,2,200,50.0,75.0,0.03333333333333333,0
20,Reactive,,2,110,110,1.8333333333333333,0,2,200,50.0,75.0,0.03333333333333333,0
21,Reactive,,2,106,106,1.7666666666666666,0,2,200,50.0,75.0,0.03333333333333333,0
22,Reactive,,2,125,125,2.0833333333333335,0,2,200,50.0,75.0,0.03333333333333333,0
23,Reactive,,2,111,111,1.85,0,2,200,50.0,75.0,0.03333333333333333,0
24,Reactive,,2,109,109,1.8166666666666667,0,2,200,50.0,75.0,0.03333333333333333,0
25,Reactive,,2,110,110,1.8333333333333333,0,2,200,50.0,75.0,0.03333333333333333,0
26,Reactive,,2,119,119,1.9833333333333334,0,2,200,50.0,75.0,0.03333333333333333,0
27,Reactive,,2,117,117,1.95,0,2,200,50.0,75.0,0.03333333333333333,0
28,Reactive,,2,118,118,1.9666666666666666,0,2,200,50.0,75.0,0.03333333333333333,0
29,Reactive,,2,118,118,1.9666666666666666,0,2,200,50.0,75.0,0.03333333333333333,0
30,Reactive,,2,135,135,2.25,0,2,200,50.0,75.0,0.03333333333333333,0
31,Reactive,,2,110,110,1.8333333333333333,0,2,200,50.0,75.0,0.03333333333333333,0
32,Reactive,,2,109,109,1.8166666666666667,0,2,200,50.0,75.0,0.03333333333333333,0
33,Reactive,,2,106,106,1.7666666666666666,0,2,200,50.0,75.0,0.03333333333333333,0
34,Reactive,,2,121,121,2.0166666666666666,0,2,200,50.0,75.0,0.03333333333333333,0
35,Reactive,,2,126,126,2.1,0,2,200,50.0,75.0,0.03333333333333333,0
36,Reactive,,2,114,114,1.9,0,2,200,50.0,75.0,0.03333333333333333,0
37,Reactive,,2,107,107,1.7833333333333334,0,2,200,50.0,75.0,0.03333333333333333,0
38,Reactive,,2,107,107,1.7833333333333334,0,2,200,50.0,75.0,0.03333333333333333,0
39,Reactive,,2,122,122,2.033333333333333,0,2,200,50.0,75.0,0.03333333333333333,0
40,Reactive,,2,123,123,2.05,0,2,200,50.0,75.0,0.03333333333333333,0
41,Reactive,,2,121,121,2.0166666666666666,0,2,200,50.0,75.0,0.03333333333333333,0
42,Reactive,,2,109,109,1.8166666666666667,0,2,200,50.0,75.0,0.03333333333333333,0
43,Reactive,,2,118,118,1.9666666666666666,0,2,200,50.0,75.0,0.03333333333333333,0
44,Reactive,,2,117,117,1.95,0,2,200,50.0,75.0,0.03333333333333333,0
45,Reactive,,2,119,119,1.9833333333333334,0,2,200,50.0,75.0,0.03333333333333333,0
46,Reactive,,2,125,125,2.0833333333333335,0,2,200,50.0,75.0,0.03333333333333333,0
47,Reactive,,2,119,119,1.9833333333333334,0,2,200,50.0,75.0,0.03333333333333333,0
48,Reactive,,2,124,124,2.066666666666667,0,2,200,50.0,75.0,0.03333333333333333,0
49,Reactive,,2,118,118,1.9666666666666666,0,2,200,50.0,75.0,0.03333333333333333,0
50,Reactive,,2,120,120,2.0,0,2,200,50.0,75.0,0.03333333333333333,0
51,Reactive,,2,124,124,2.066666666666667,0,2,200,50.0,75.0,0.03333333333333333,0
52,Reactive,,2,103,103,1.7166666666666666,0,2,200,50.0,75.0,0.03333333333333333,0
53,Reactive,,2,115,115,1.9166666666666667,0,2,200,50.0,75.0,0.03333333333333333,0
54,Reactive,,2,113,113,1.8833333333333333,0,2,200,50.0,75.0,0.03333333333333333,0
55,Reactive,,2,112,112,1.8666666666666667,0,2,200,50.0,75.0,0.03333333333333333,0
56,Reactive,,2,116,116,1.9333333333333333,0,2,200,50.0,75.0,0.03333333333333333,0
57,Reactive,,2,133,133,2.216666666666667,0,2,200,50.0,75.0,0.03333333333333333,0
58,Reactive,,2,110,110,1.8333333333333333,0,2,200,50.0,75.0,0.03333333333333333,0
59,Reactive,,2,129,129,2.15,0,2,200,50.0,75.0,0.03333333333333333,0
60,Reactive,,2,102,102,1.7,0,2,200,50.0,75.0,0.03333333333333333,0
61,Reactive,,2,115,115,1.9166666666666667,0,2,200,50.0,75.0,0.03333333333333333,0
62,Reactive,,2,120,120,2.0,0,2,200,50.0,75.0,0.03333333333333333,0
63,Reactive,,2,125,125,2.0833333333333335,0,2,200,50.0,75.0,0.03333333333333333,0
64,Reactive,,2,126,126,2.1,0,2,200,50.0,75.0,0.03333333333333333,0
65,Reactive,,2,127,127,2.1166666666666667,0,2,200,50.0,75.0,0.03333333333333333,0
66,Reactive,,2,116,116,1.9333333333333333,0,2,200,50.0,75.0,0.03333333333333333,0
67,Reactive,,2,115,115,1.9166666666666667,0,2,200,50.0,75.0,0.03333333333333333,0
68,Reactive,,2,128,128,2.1333333333333333,0,2,200,50.0,75.0,0.03333333333333333,0
69,Reactive,,2,118,118,1.9666666666666666,0,2,200,50.0,75.0,0.03333333333333333,0
70,Reactive,,2,107,107,1.7833333333333334,0,2,200,50.0,75.0,0.03333333333333333,0
71,Reactive,,2,109,109,1.8166666666666667,0,2,200,50.0,75.0,0.03333333333333333,0
72,Reactive,,2,111,111,1.85,0,2,200,50.0,75.0,0.03333333333333333,0
73,Reactive,,2,125,125,2.0833333333333335,0,2,200,50.0,75.0,0.03333333333333333,0
74,Reactive,,2,122,122,2.033333333333333,0,2,200,50.0,75.0,0.03333333333333333,0
75,Reactive,,2,128,128,2.1333333333333333,0,2,200,50.0,75.0,0.03333333333333333,0
76,Reactive,,2,117,117,1.95,0,2,200,50.0,75.0,0.03333333333333333,0
77,Reactive,,2,123,123,2.05,0,2,200,50.0,75.0,0.03333333333333333,0
78,Reactive,,2,128,128,2.1333333333333333,0,2,200,50.0,75.0,0.03333333333333333,0
79,Reactive,,2,118,118,1.9666666666666666,0,2,200,50.0,75.0,0.03333333333333333,0
80,Reactive,,2,126,126,2.1,0,2,200,50.0,75.0,0.03333333333333333,0
81,Reactive,,2,115,115,1.9166666666666667,0,2,200,50.0,75.0,0.03333333333333333,0
82,Reactive,,2,118,118,1.9666666666666666,0,2,200,50.0,75.0,0.03333333333333333,0
83,Reactive,,2,118,118,1.9666666666666666,0,2,200,50.0,75.0,0.03333333333333333,0
84,Reactive,,2,110,110,1.8333333333333333,0,2,200,50.0,75.0,0.03333333333333333,0
85,Reactive,,2,127,127,2.1166666666666667,0,2,200,50.0,75.0,0.03333333333333333,0
86,Reactive,,2,118,118,1.9666666666666666,0,2,200,50.0,75.0,0.03333333333333333,0
87,Reactive,,2,123,123,2.05,0,2,200,50.0,75.0,0.03333333333333333,0
88,Reactive,,2,128,128,2.1333333333333333,0,2,200,50.0,75.0,0.03333333333333333,0
89,Reactive,,2,128,128,2.1333333333333333,0,2,200,50.0,75.0,0.03333333333333333,0
90,Reactive,,2,130,130,2.1666666666666665,0,2,200,50.0,75.0,0.03333333333333333,0
91,Reactive,,2,122,122,2.033333333333333,0,2,200,50.0,75.0,0.03333333333333333,0
92,Reactive,,2,119,119,1.9833333333333334,0,2,200,50.0,75.0,0.03333333333333333,0
93,Reactive,,2,123,123,2.05,0,2,200,50.0,75.0,0.03333333333333333,0
94,Reactive,,2,107,107,1.7833333333333334,0,2,200,50.0,75.0,0.03333333333333333,0
95,Reactive,,2,110,110,1.8333333333333333,0,2,200,50.0,75.0,0.03333333333333333,0
96,Reactive,,2,111,111,1.85,0,2,200,50.0,75.0,0.03333333333333333,0
97,Reactive,,2,114,114,1.9,0,2,200,50.0,75.0,0.03333333333333333,0
98,Reactive,,2,129,129,2.15,0,2,200,50.0,75.0,0.03333333333333333,0
99,Reactive,,2,116,116,1.9333333333333333,0,2,200,50.0,75.0,0.03333333333333333,0
100,Reactive,,2,121,121,2.0166666666666666,0,2,200,50.0,75.0,0.03333333333333333,0
101,Reactive,,2,138,138,2.3,0,2,200,50.0,75.0,0.03333333333333333,0
102,Reactive,,2,122,122,2.033333333333333,0,2,200,50.0,75.0,0.03333333333333333,0
103,Reactive,,2,133,133,2.216666666666667,0,2,200,50.0,75.0,0.03333333333333333,0
104,Reactive,,2,116,116,1.9333333333333333,0,2,200,50.0,75.0,0.03333333333333333,0
105,Reactive,,2,124,124,2.066666666666667,0,2,200,50.0,75.0,0.03333333333333333,0
106,Reactive,,2,116,116,1.9333333333333333,0,2,200,50.0,75.0,0.03333333333333333,0
107,Reactive,,2,123,123,2.05,0,2,200,50.0,75.0,0.03333333333333333,0
108,Reactive,,2,135,135,2.25,0,2,200,50.0,75.0,0.03333333333333333,0
109,Reactive,,2,109,109,1.8166666666666667,0,2,200,50.0,75.0,0.03333333333333333,0
110,Reactive,,2,131,131,2.183333333333333,0,2,200,50.0,75.0,0.03333333333333333,0
111,Reactive,,2,129,129,2.15,0,2,200,50.0,75.0,0.03333333333333333,0
112,Reactive,,2,121,121,2.0166666666666666,0,2,200,50.0,75.0,0.03333333333333333,0
113,Reactive,,2,112,112,1.8666666666666667,0,2,200,50.0,75.0,0.03333333333333333,0
114,Reactive,,2,128,128,2.1333333333333333,0,2,200,50.0,75.0,0.03333333333333333,0
115,Reactive,,2,122,122,2.033333333333333,0,2,200,50.0,75.0,0.03333333333333333,0
116,Reactive,,2,130,130,2.1666666666666665,0,2,200,50.0,75.0,0.03333333333333333,0
117,Reactive,,2,128,128,2.1333333333333333,0,2,200,50.0,75.0,0.03333333333333333,0
118,Reactive,,2,144,144,2.4,0,2,200,50.0,75.0,0.03333333333333333,0
119,Reactive,,2,125,125,2.0833333333333335,0,2,200,50.0,75.0,0.03333333333333333,0
120,Reactive,,2,117,117,1.95,0,2,200,50.0,75.0,0.03333333333333333,0
121,Reactive,,2,129,129,2.15,0,2,200,50.0,75.0,0.03333333333333333,0
122,Reactive,,2,130,130,2.1666666666666665,0,2,200,50.0,75.0,0.03333333333333333,0
123,Reactive,,2,141,141,2.35,0,2,200,50.0,75.0,0.03333333333333333,0
124,Reactive,,2,136,136,2.2666666666666666,0,2,200,50.0,75.0,0.03333333333333333,0
125,Reactive,,2,132,132,2.2,0,2,200,50.0,75.0,0.03333333333333333,0
126,Reactive,,2,143,143,2.3833333333333333,0,2,200,50.0,75.0,0.03333333333333333,0
127,Reactive,,2,116,116,1.9333333333333333,0,2,200,50.0,75.0,0.03333333333333333,0
128,Reactive,,2,122,122,2.033333333333333,0,2,200,50.0,75.0,0.03333333333333333,0
129,Reactive,,2,119,119,1.9833333333333334,0,2,200,50.0,75.0,0.03333333333333333,0
130,Reactive,,2,125,125,2.0833333333333335,0,2,200,50.0,75.0,0.03333333333333333,0
131,Reactive,,2,115,115,1.9166666666666667,0,2,200,50.0,75.0,0.03333333333333333,0
132,Reactive,,2,135,135,2.25,0,2,200,50.0,75.0,0.03333333333333333,0
133,Reactive,,2,127,127,2.1166666666666667,0,2,200,50.0,75.0,0.03333333333333333,0
134,Reactive,,2,115,115,1.9166666666666667,0,2,200,50.0,75.0,0.03333333333333333,0
135,Reactive,,2,119,119,1.9833333333333334,0,2,200,50.0,75.0,0.03333333333333333,0
136,Reactive,,3,275,275,4.583333333333333,0,3,300,50.0,75.0,0.05,0
137,Reactive,,3,138,138,2.3,0,3,300,50.0,75.0,0.05,0
138,Reactive,,3,150,150,2.5,0,3,300,50.0,75.0,0.05,0
139,Reactive,,3,159,159,2.65,0,3,300,50.0,75.0,0.05,0
140,Reactive,,3,134,134,2.2333333333333334,0,3,300,50.0,75.0,0.05,0
141,Reactive,,3,120,120,2.0,0,3,300,50.0,75.0,0.05,0
142,Reactive,,3,109,109,1.8166666666666667,0,3,300,50.0,75.0,0.05,0
143,Reactive,,3,133,133,2.216666666666667,0,3,300,50.0,75.0,0.05,0
144,Reactive,,3,123,123,2.05,0,3,300,50.0,75.0,0.05,0
145,Reactive,,3,127,127,2.1166666666666667,0,3,300,50.0,75.0,0.05,0
146,Reactive,,3,125,125,2.0833333333333335,0,3,300,50.0,75.0,0.05,0
147,Reactive,,3,130,130,2.1666666666666665,0,3,300,50.0,75.0,0.05,0
148,Reactive,,3,142,142,2.3666666666666667,0,3,300,50.0,75.0,0.05,0
149,Reactive,,3,133,133,2.216666666666667,0,3,300,50.0,75.0,0.05,0
150,Reactive,,3,130,130,2.1666666666666665,0,3,300,50.0,75.0,0.05,0
151,Reactive,,3,121,121,2.0166666666666666,0,3,300,50.0,75.0,0.05,0
152,Reactive,,3,115,115,1.9166666666666667,0,3,300,50.0,75.0,0.05,0
153,Reactive,,3,127,127,2.1166666666666667,0,3,300,50.0,75.0,0.05,0
154,Reactive,,3,132,132,2.2,0,3,300,50.0,75.0,0.05,0
155,Reactive,,3,150,150,2.5,0,3,300,50.0,75.0,0.05,0
156,Reactive,,3,134,134,2.2333333333333334,0,3,300,50.0,75.0,0.05,0
157,Reactive,,3,142,142,2.3666666666666667,0,3,300,50.0,75.0,0.05,0
158,Reactive,,3,128,128,2.1333333333333333,0,3,300,50.0,75.0,0.05,0
159,Reactive,,3,121,121,2.0166666666666666,0,3,300,50.0,75.0,0.05,0
160,Reactive,,3,123,123,2.05,0,3,300,50.0,75.0,0.05,0
161,Reactive,,3,126,126,2.1,0,3,300,50.0,75.0,0.05,0
162,Reactive,,3,155,155,2.5833333333333335,0,3,300,50.0,75.0,0.05,0
163,Reactive,,3,125,125,2.0833333333333335,0,3,300,50.0,75.0,0.05,0
164,Reactive,,3,142,142,2.3666666666666667,0,3,300,50.0,75.0,0.05,0
165,Reactive,,3,125,125,2.0833333333333335,0,3,300,50.0,75.0,0.05,0
166,Reactive,,3,143,143,2.3833333333333333,0,3,300,50.0,75.0,0.05,0
167,Reactive,,3,138,138,2.3,0,3,300,50.0,75.0,0.05,0
168,Reactive,,3,133,133,2.216666666666667,0,3,300,50.0,75.0,0.05,0
169,Reactive,,3,134,134,2.2333333333333334,0,3,300,50.0,75.0,0.05,0
170,Reactive,,3,128,128,2.1333333333333333,0,3,300,50.0,75.0,0.05,0
171,Reactive,,3,139,139,2.316666666666667,0,3,300,50.0,75.0,0.05,0
172,Reactive,,3,130,130,2.1666666666666665,0,3,300,50.0,75.0,0.05,0
173,Reactive,,3,122,122,2.033333333333333,0,3,300,50.0,75.0,0.05,0
174,Reactive,,3,122,122,2.033333333333333,0,3,300,50.0,75.0,0.05,0
175,Reactive,,3,137,137,2.283333333333333,0,3,300,50.0,75.0,0.05,0
176,Reactive,,3,151,151,2.5166666666666666,0,3,300,50.0,75.0,0.05,0
177,Reactive,,3,137,137,2.283333333333333,0,3,300,50.0,75.0,0.05,0
178,Reactive,,3,134,134,2.2333333333333334,0,3,300,50.0,75.0,0.05,0
179,Reactive,,3,138,138,2.3,0,3,300,50.0,75.0,0.05,0
180,Reactive,,3,148,148,2.466666666666667,0,3,300,50.0,75.0,0.05,0
181,Reactive,,3,137,137,2.283333333333333,0,3,300,50.0,75.0,0.05,0
182,Reactive,,3,131,131,2.183333333333333,0,3,300,50.0,75.0,0.05,0
183,Reactive,,3,146,146,2.433333333333333,0,3,300,50.0,75.0,0.05,0
184,Reactive,,3,140,140,2.3333333333333335,0,3,300,50.0,75.0,0.05,0
185,Reactive,,3,151,151,2.5166666666666666,0,3,300,50.0,75.0,0.05,0
186,Reactive,,3,137,137,2.283333333333333,0,3,300,50.0,75.0,0.05,0
187,Reactive,,3,123,123,2.05,0,3,300,50.0,75.0,0.05,0
188,Reactive,,3,122,122,2.033333333333333,0,3,300,50.0,75.0,0.05,0
189,Reactive,,3,152,152,2.533333333333333,0,3,300,50.0,75.0,0.05,0
190,Reactive,,3,153,153,2.55,0,3,300,50.0,75.0,0.05,0
191,Reactive,,3,134,134,2.2333333333333334,0,3,300,50.0,75.0,0.05,0
192,Reactive,,4,332,332,5.533333333333333,0,4,400,50.0,75.0,0.06666666666666667,0
193,Reactive,,5,351,351,5.85,0,5,500,50.0,75.0,0.08333333333333333,0
194,Reactive,,5,325,325,5.416666666666667,0,5,500,50.0,75.0,0.08333333333333333,0
195,Reactive,,5,328,328,5.466666666666667,0,5,500,50.0,75.0,0.08333333333333333,0
196,Reactive,,5,343,343,5.716666666666667,0,5,500,50.0,75.0,0.08333333333333333,0
197,Reactive,,5,333,333,5.55,0,5,500,50.0,75.0,0.08333333333333333,0
198,Reactive,,5,337,337,5.616666666666666,0,5,500,50.0,75.0,0.08333333333333333,0
199,Reactive,,5,336,336,5.6,0,5,500,50.0,75.0,0.08333333333333333,0
200,Reactive,,5,341,341,5.683333333333334,0,5,500,50.0,75.0,0.08333333333333333,0
201,Reactive,,5,351,351,5.85,0,5,500,50.0,75.0,0.08333333333333333,0
202,Reactive,,5,338,338,5.633333333333334,0,5,500,50.0,75.0,0.08333333333333333,0
203,Reactive,,5,344,344,5.733333333333333,0,5,500,50.0,75.0,0.08333333333333333,0
204,Reactive,,4,117,117,1.95,0,4,400,50.0,75.0,0.06666666666666667,0
205,Reactive,,4,137,137,2.283333333333333,0,4,400,50.0,75.0,0.06666666666666667,0
206,Reactive,,4,129,129,2.15,0,4,400,50.0,75.0,0.06666666666666667,0
207,Reactive,,4,126,126,2.1,0,4,400,50.0,75.0,0.06666666666666667,0
208,Reactive,,4,129,129,2.15,0,4,400,50.0,75.0,0.06666666666666667,0
209,Reactive,,4,135,135,2.25,0,4,400,50.0,75.0,0.06666666666666667,0
210,Reactive,,4,147,147,2.45,0,4,400,50.0,75.0,0.06666666666666667,0
211,Reactive,,4,125,125,2.0833333333333335,0,4,400,50.0,75.0,0.06666666666666667,0
212,Reactive,,4,139,139,2.316666666666667,0,4,400,50.0,75.0,0.06666666666666667,0
213,Reactive,,4,134,134,2.2333333333333334,0,4,400,50.0,75.0,0.06666666666666667,0
214,Reactive,,4,135,135,2.25,0,4,400,50.0,75.0,0.06666666666666667,0
215,Reactive,,4,149,149,2.4833333333333334,0,4,400,50.0,75.0,0.06666666666666667,0
216,Reactive,,4,144,144,2.4,0,4,400,50.0,75.0,0.06666666666666667,0
217,Reactive,,4,152,152,2.533333333333333,0,4,400,50.0,75.0,0.06666666666666667,0
218,Reactive,,4,138,138,2.3,0,4,400,50.0,75.0,0.06666666666666667,0
219,Reactive,,4,132,132,2.2,0,4,400,50.0,75.0,0.06666666666666667,0
220,Reactive,,4,137,137,2.283333333333333,0,4,400,50.0,75.0,0.06666666666666667,0
221,Reactive,,4,142,142,2.3666666666666667,0,4,400,50.0,75.0,0.06666666666666667,0
222,Reactive,,4,141,141,2.35,0,4,400,50.0,75.0,0.06666666666666667,0
223,Reactive,,4,129,129,2.15,0,4,400,50.0,75.0,0.06666666666666667,0
224,Reactive,,4,141,141,2.35,0,4,400,50.0,75.0,0.06666666666666667,0
225,Reactive,,4,142,142,2.3666666666666667,0,4,400,50.0,75.0,0.06666666666666667,0
226,Reactive,,4,165,165,2.75,0,4,400,50.0,75.0,0.06666666666666667,0
227,Reactive,,4,159,159,2.65,0,4,400,50.0,75.0,0.06666666666666667,0
228,Reactive,,4,132,132,2.2,0,4,400,50.0,75.0,0.06666666666666667,0
229,Reactive,,4,137,137,2.283333333333333,0,4,400,50.0,75.0,0.06666666666666667,0
230,Reactive,,4,126,126,2.1,0,4,400,50.0,75.0,0.06666666666666667,0
231,Reactive,,4,135,135,2.25,0,4,400,50.0,75.0,0.06666666666666667,0
232,Reactive,,4,144,144,2.4,0,4,400,50.0,75.0,0.06666666666666667,0
233,Reactive,,4,153,153,2.55,0,4,400,50.0,75.0,0.06666666666666667,0
234,Reactive,,4,133,133,2.216666666666667,0,4,400,50.0,75.0,0.06666666666666667,0
235,Reactive,,4,134,134,2.2333333333333334,0,4,400,50.0,75.0,0.06666666666666667,0
236,Reactive,,3,119,119,1.9833333333333334,0,3,300,50.0,75.0,0.05,0
237,Reactive,,3,139,139,2.316666666666667,0,3,300,50.0,75.0,0.05,0
238,Reactive,,3,130,130,2.1666666666666665,0,3,300,50.0,75.0,0.05,0
239,Reactive,,3,136,136,2.2666666666666666,0,3,300,50.0,75.0,0.05,0
240,Reactive,,3,132,132,2.2,0,3,300,50.0,75.0,0.05,0
241,Reactive,,3,140,140,2.3333333333333335,0,3,300,50.0,75.0,0.05,0
242,Reactive,,3,123,123,2.05,0,3,300,50.0,75.0,0.05,0
243,Reactive,,3,126,126,2.1,0,3,300,50.0,75.0,0.05,0
244,Reactive,,3,162,162,2.7,0,3,300,50.0,75.0,0.05,0
245,Reactive,,3,128,128,2.1333333333333333,0,3,300,50.0,75.0,0.05,0
246,Reactive,,3,130,130,2.1666666666666665,0,3,300,50.0,75.0,0.05,0
247,Reactive,,3,159,159,2.65,0,3,300,50.0,75.0,0.05,0
248,Reactive,,3,170,170,2.8333333333333335,0,3,300,50.0,75.0,0.05,0
249,Reactive,,3,130,130,2.1666666666666665,0,3,300,50.0,75.0,0.05,0
250,Reactive,,3,138,138,2.3,0,3,300,50.0,75.0,0.05,0
251,Reactive,,3,145,145,2.4166666666666665,0,3,300,50.0,75.0,0.05,0
252,Reactive,,3,159,159,2.65,0,3,300,50.0,75.0,0.05,0
253,Reactive,,3,132,132,2.2,0,3,300,50.0,75.0,0.05,0
254,Reactive,,3,139,139,2.316666666666667,0,3,300,50.0,75.0,0.05,0
255,Reactive,,3,150,150,2.5,0,3,300,50.0,75.0,0.05,0
256,Reactive,,3,146,146,2.433333333333333,0,3,300,50.0,75.0,0.05,0
257,Reactive,,3,138,138,2.3,0,3,300,50.0,75.0,0.05,0
258,Reactive,,3,141,141,2.35,0,3,300,50.0,75.0,0.05,0
259,Reactive,,3,128,128,2.1333333333333333,0,3,300,50.0,75.0,0.05,0
260,Reactive,,3,140,140,2.3333333333333335,0,3,300,50.0,75.0,0.05,0
261,Reactive,,3,140,140,2.3333333333333335,0,3,300,50.0,75.0,0.05,0
262,Reactive,,3,145,145,2.4166666666666665,0,3,300,50.0,75.0,0.05,0
263,Reactive,,3,137,137,2.283333333333333,0,3,300,50.0,75.0,0.05,0
264,Reactive,,3,147,147,2.45,0,3,300,50.0,75.0,0.05,0
265,Reactive,,3,153,153,2.55,0,3,300,50.0,75.0,0.05,0
266,Reactive,,3,144,144,2.4,0,3,300,50.0,75.0,0.05,0
267,Reactive,,3,146,146,2.433333333333333,0,3,300,50.0,75.0,0.05,0
268,Reactive,,3,143,143,2.3833333333333333,0,3,300,50.0,75.0,0.05,0
269,Reactive,,3,143,143,2.3833333333333333,0,3,300,50.0,75.0,0.05,0
270,Reactive,,3,136,136,2.2666666666666666,0,3,300,50.0,75.0,0.05,0
271,Reactive,,3,146,146,2.433333333333333,0,3,300,50.0,75.0,0.05,0
272,Reactive,,3,142,142,2.3666666666666667,0,3,300,50.0,75.0,0.05,0
273,Reactive,,3,164,164,2.7333333333333334,0,3,300,50.0,75.0,0.05,0
274,Reactive,,3,159,159,2.65,0,3,300,50.0,75.0,0.05,0
275,Reactive,,3,147,147,2.45,0,3,300,50.0,75.0,0.05,0
276,Reactive,,3,136,136,2.2666666666666666,0,3,300,50.0,75.0,0.05,0
277,Reactive,,3,132,132,2.2,0,3,300,50.0,75.0,0.05,0
278,Reactive,,3,155,155,2.5833333333333335,0,3,300,50.0,75.0,0.05,0
279,Reactive,,3,146,146,2.433333333333333,0,3,300,50.0,75.0,0.05,0
280,Reactive,,3,148,148,2.466666666666667,0,3,300,50.0,75.0,0.05,0
281,Reactive,,4,326,326,5.433333333333334,0,4,400,50.0,75.0,0.06666666666666667,0
282,Reactive,,5,353,353,5.883333333333334,0,5,500,50.0,75.0,0.08333333333333333,0
283,Reactive,,5,348,348,5.8,0,5,500,50.0,75.0,0.08333333333333333,0
284,Reactive,,5,333,333,5.55,0,5,500,50.0,75.0,0.08333333333333333,0
285,Reactive,,5,339,339,5.65,0,5,500,50.0,75.0,0.08333333333333333,0
286,Reactive,,5,346,346,5.766666666666667,0,5,500,50.0,75.0,0.08333333333333333,0
287,Reactive,,5,344,344,5.733333333333333,0,5,500,50.0,75.0,0.08333333333333333,0
288,Reactive,,5,341,341,5.683333333333334,0,5,500,50.0,75.0,0.08333333333333333,0
289,Reactive,,5,343,343,5.716666666666667,0,5,500,50.0,75.0,0.08333333333333333,0
290,Reactive,,5,342,342,5.7,0,5,500,50.0,75.0,0.08333333333333333,0
291,Reactive,,5,346,346,5.766666666666667,0,5,500,50.0,75.0,0.08333333333333333,0
292,Reactive,,5,359,359,5.983333333333333,0,5,500,50.0,75.0,0.08333333333333333,0
293,Reactive,,4,119,119,1.9833333333333334,0,4,400,50.0,75.0,0.06666666666666667,0
294,Reactive,,4,142,142,2.3666666666666667,0,4,400,50.0,75.0,0.06666666666666667,0
295,Reactive,,4,146,146,2.433333333333333,0,4,400,50.0,75.0,0.06666666666666667,0
296,Reactive,,4,147,147,2.45,0,4,400,50.0,75.0,0.06666666666666667,0
297,Reactive,,4,141,141,2.35,0,4,400,50.0,75.0,0.06666666666666667,0
298,Reactive,,4,127,127,2.1166666666666667,0,4,400,50.0,75.0,0.06666666666666667,0
299,Reactive,,4,148,148,2.466666666666667,0,4,400,50.0,75.0,0.06666666666666667,0
300,Reactive,,4,161,161,2.683333333333333,0,4,400,50.0,75.0,0.06666666666666667,0
301,Reactive,,4,129,129,2.15,0,4,400,50.0,75.0,0.06666666666666667,0
302,Reactive,,4,153,153,2.55,0,4,400,50.0,75.0,0.06666666666666667,0
303,Reactive,,4,141,141,2.35,0,4,400,50.0,75.0,0.06666666666666667,0
304,Reactive,,4,143,143,2.3833333333333333,0,4,400,50.0,75.0,0.06666666666666667,0
305,Reactive,,4,134,134,2.2333333333333334,0,4,400,50.0,75.0,0.06666666666666667,0
306,Reactive,,4,141,141,2.35,0,4,400,50.0,75.0,0.06666666666666667,0
307,Reactive,,4,157,157,2.6166666666666667,0,4,400,50.0,75.0,0.06666666666666667,0
308,Reactive,,4,150,150,2.5,0,4,400,50.0,75.0,0.06666666666666667,0
309,Reactive,,4,162,162,2.7,0,4,400,50.0,75.0,0.06666666666666667,0
310,Reactive,,4,156,156,2.6,0,4,400,50.0,75.0,0.06666666666666667,0
311,Reactive,,4,149,149,2.4833333333333334,0,4,400,50.0,75.0,0.06666666666666667,0
312,Reactive,,4,162,162,2.7,0,4,400,50.0,75.0,0.06666666666666667,0
313,Reactive,,4,149,149,2.4833333333333334,0,4,400,50.0,75.0,0.06666666666666667,0
314,Reactive,,4,153,153,2.55,0,4,400,50.0,75.0,0.06666666666666667,0
315,Reactive,,4,141,141,2.35,0,4,400,50.0,75.0,0.06666666666666667,0
316,Reactive,,4,145,145,2.4166666666666665,0,4,400,50.0,75.0,0.06666666666666667,0
317,Reactive,,4,138,138,2.3,0,4,400,50.0,75.0,0.06666666666666667,0
318,Reactive,,4,154,154,2.566666666666667,0,4,400,50.0,75.0,0.06666666666666667,0
319,Reactive,,4,133,133,2.216666666666667,0,4,400,50.0,75.0,0.06666666666666667,0
320,Reactive,,4,152,152,2.533333333333333,0,4,400,50.0,75.0,0.06666666666666667,0
321,Reactive,,4,143,143,2.3833333333333333,0,4,400,50.0,75.0,0.06666666666666667,0
322,Reactive,,4,156,156,2.6,0,4,400,50.0,75.0,0.06666666666666667,0
323,Reactive,,4,152,152,2.533333333333333,0,4,400,50.0,75.0,0.06666666666666667,0
324,Reactive,,4,163,163,2.716666666666667,0,4,400,50.0,75.0,0.06666666666666667,0
325,Reactive,,4,152,152,2.533333333333333,0,4,400,50.0,75.0,0.06666666666666667,0
326,Reactive,,4,129,129,2.15,0,4,400,50.0,75.0,0.06666666666666667,0
327,Reactive,,4,144,144,2.4,0,4,400,50.0,75.0,0.06666666666666667,0
328,Reactive,,4,133,133,2.216666666666667,0,4,400,50.0,75.0,0.06666666666666667,0
329,Reactive,,4,140,140,2.3333333333333335,0,4,400,50.0,75.0,0.06666666666666667,0
330,Reactive,,4,160,160,2.6666666666666665,0,4,400,50.0,75.0,0.06666666666666667,0
331,Reactive,,4,151,151,2.5166666666666666,0,4,400,50.0,75.0,0.06666666666666667,0
332,Reactive,,4,138,138,2.3,0,4,400,50.0,75.0,0.06666666666666667,0
333,Reactive,,4,135,135,2.25,0,4,400,50.0,75.0,0.06666666666666667,0
334,Reactive,,4,145,145,2.4166666666666665,0,4,400,50.0,75.0,0.06666666666666667,0
335,Reactive,,4,133,133,2.216666666666667,0,4,400,50.0,75.0,0.06666666666666667,0
336,Reactive,,4,138,138,2.3,0,4,400,50.0,75.0,0.06666666666666667,0
337,Reactive,,4,148,148,2.466666666666667,0,4,400,50.0,75.0,0.06666666666666667,0
338,Reactive,,4,157,157,2.6166666666666667,0,4,400,50.0,75.0,0.06666666666666667,0
339,Reactive,,4,151,151,2.5166666666666666,0,4,400,50.0,75.0,0.06666666666666667,0
340,Reactive,,4,122,122,2.033333333333333,0,4,400,50.0,75.0,0.06666666666666667,0
341,Reactive,,4,148,148,2.466666666666667,0,4,400,50.0,75.0,0.06666666666666667,0
342,Reactive,,4,146,146,2.433333333333333,0,4,400,50.0,75.0,0.06666666666666667,0
343,Reactive,,4,149,149,2.4833333333333334,0,4,400,50.0,75.0,0.06666666666666667,0
344,Reactive,,4,161,161,2.683333333333333,0,4,400,50.0,75.0,0.06666666666666667,0
345,Reactive,,4,124,124,2.066666666666667,0,4,400,50.0,75.0,0.06666666666666667,0
346,Reactive,,4,139,139,2.316666666666667,0,4,400,50.0,75.0,0.06666666666666667,0
347,Reactive,,4,151,151,2.5166666666666666,0,4,400,50.0,75.0,0.06666666666666667,0
348,Reactive,,4,129,129,2.15,0,4,400,50.0,75.0,0.06666666666666667,0
349,Reactive,,4,160,160,2.6666666666666665,0,4,400,50.0,75.0,0.06666666666666667,0
350,Reactive,,4,149,149,2.4833333333333334,0,4,400,50.0,75.0,0.06666666666666667,0
351,Reactive,,4,154,154,2.566666666666667,0,4,400,50.0,75.0,0.06666666666666667,0
352,Reactive,,4,139,139,2.316666666666667,0,4,400,50.0,75.0,0.06666666666666667,0
353,Reactive,,4,153,153,2.55,0,4,400,50.0,75.0,0.06666666666666667,0
354,Reactive,,4,156,156,2.6,0,4,400,50.0,75.0,0.06666666666666667,0
355,Reactive,,4,147,147,2.45,0,4,400,50.0,75.0,0.06666666666666667,0
356,Reactive,,4,270,270,4.5,0,4,400,50.0,75.0,0.06666666666666667,0
357,Reactive,,4,148,148,2.466666666666667,0,4,400,50.0,75.0,0.06666666666666667,0
358,Reactive,,4,137,137,2.283333333333333,0,4,400,50.0,75.0,0.06666666666666667,0
359,Reactive,,4,144,144,2.4,0,4,400,50.0,75.0,0.06666666666666667,0
360,Reactive,,4,143,143,2.3833333333333333,0,4,400,50.0,75.0,0.06666666666666667,0
361,Reactive,,4,148,148,2.466666666666667,0,4,400,50.0,75.0,0.06666666666666667,0
362,Reactive,,4,154,154,2.566666666666667,0,4,400,50.0,75.0,0.06666666666666667,0
363,Reactive,,4,134,134,2.2333333333333334,0,4,400,50.0,75.0,0.06666666666666667,0
364,Reactive,,4,143,143,2.3833333333333333,0,4,400,50.0,75.0,0.06666666666666667,0
365,Reactive,,4,159,159,2.65,0,4,400,50.0,75.0,0.06666666666666667,0
366,Reactive,,4,137,137,2.283333333333333,0,4,400,50.0,75.0,0.06666666666666667,0
367,Reactive,,4,136,136,2.2666666666666666,0,4,400,50.0,75.0,0.06666666666666667,0
368,Reactive,,4,146,146,2.433333333333333,0,4,400,50.0,75.0,0.06666666666666667,0
369,Reactive,,4,153,153,2.55,0,4,400,50.0,75.0,0.06666666666666667,0
370,Reactive,,4,145,145,2.4166666666666665,0,4,400,50.0,75.0,0.06666666666666667,0
371,Reactive,,4,158,158,2.6333333333333333,0,4,400,50.0,75.0,0.06666666666666667,0
372,Reactive,,4,153,153,2.55,0,4,400,50.0,75.0,0.06666666666666667,0
373,Reactive,,4,153,153,2.55,0,4,400,50.0,75.0,0.06666666666666667,0
374,Reactive,,4,150,150,2.5,0,4,400,50.0,75.0,0.06666666666666667,0
375,Reactive,,4,168,168,2.8,0,4,400,50.0,75.0,0.06666666666666667,0
376,Reactive,,4,142,142,2.3666666666666667,0,4,400,50.0,75.0,0.06666666666666667,0
377,Reactive,,4,124,124,2.066666666666667,0,4,400,50.0,75.0,0.06666666666666667,0
378,Reactive,,4,160,160,2.6666666666666665,0,4,400,50.0,75.0,0.06666666666666667,0
379,Reactive,,4,140,140,2.3333333333333335,0,4,400,50.0,75.0,0.06666666666666667,0
380,Reactive,,4,145,145,2.4166666666666665,0,4,400,50.0,75.0,0.06666666666666667,0
381,Reactive,,4,157,157,2.6166666666666667,0,4,400,50.0,75.0,0.06666666666666667,0
382,Reactive,,4,128,128,2.1333333333333333,0,4,400,50.0,75.0,0.06666666666666667,0
383,Reactive,,4,132,132,2.2,0,4,400,50.0,75.0,0.06666666666666667,0
384,Reactive,,4,128,128,2.1333333333333333,0,4,400,50.0,75.0,0.06666666666666667,0
385,Reactive,,4,136,136,2.2666666666666666,0,4,400,50.0,75.0,0.06666666666666667,0
386,Reactive,,4,149,149,2.4833333333333334,0,4,400,50.0,75.0,0.06666666666666667,0
387,Reactive,,4,149,149,2.4833333333333334,0,4,400,50.0,75.0,0.06666666666666667,0
388,Reactive,,4,147,147,2.45,0,4,400,50.0,75.0,0.06666666666666667,0
389,Reactive,,4,130,130,2.1666666666666665,0,4,400,50.0,75.0,0.06666666666666667,0
390,Reactive,,4,121,121,2.0166666666666666,0,4,400,50.0,75.0,0.06666666666666667,0
391,Reactive,,4,145,145,2.4166666666666665,0,4,400,50.0,75.0,0.06666666666666667,0
392,Reactive,,4,139,139,2.316666666666667,0,4,400,50.0,75.0,0.06666666666666667,0
393,Reactive,,4,149,149,2.4833333333333334,0,4,400,50.0,75.0,0.06666666666666667,0
394,Reactive,,4,151,151,2.5166666666666666,0,4,400,50.0,75.0,0.06666666666666667,0
395,Reactive,,4,145,145,2.4166666666666665,0,4,400,50.0,75.0,0.06666666666666667,0
396,Reactive,,4,152,152,2.533333333333333,0,4,400,50.0,75.0,0.06666666666666667,0
397,Reactive,,4,146,146,2.433333333333333,0,4,400,50.0,75.0,0.06666666666666667,0
398,Reactive,,4,149,149,2.4833333333333334,0,4,400,50.0,75.0,0.06666666666666667,0
399,Reactive,,4,137,137,2.283333333333333,0,4,400,50.0,75.0,0.06666666666666667,0
400,Reactive,,4,142,142,2.3666666666666667,0,4,400,50.0,75.0,0.06666666666666667,0
401,Reactive,,4,146,146,2.433333333333333,0,4,400,50.0,75.0,0.06666666666666667,0
402,Reactive,,4,152,152,2.533333333333333,0,4,400,50.0,75.0,0.06666666666666667,0
403,Reactive,,4,140,140,2.3333333333333335,0,4,400,50.0,75.0,0.06666666666666667,0
404,Reactive,,4,149,149,2.4833333333333334,0,4,400,50.0,75.0,0.06666666666666667,0
405,Reactive,,4,141,141,2.35,0,4,400,50.0,75.0,0.06666666666666667,0
406,Reactive,,4,142,142,2.3666666666666667,0,4,400,50.0,75.0,0.06666666666666667,0
407,Reactive,,4,152,152,2.533333333333333,0,4,400,50.0,75.0,0.06666666666666667,0
408,Reactive,,4,124,124,2.066666666666667,0,4,400,50.0,75.0,0.06666666666666667,0
409,Reactive,,4,131,131,2.183333333333333,0,4,400,50.0,75.0,0.06666666666666667,0
410,Reactive,,4,129,129,2.15,0,4,400,50.0,75.0,0.06666666666666667,0
411,Reactive,,3,120,120,2.0,0,3,300,50.0,75.0,0.05,0
412,Reactive,,3,137,137,2.283333333333333,0,3,300,50.0,75.0,0.05,0
413,Reactive,,3,151,151,2.5166666666666666,0,3,300,50.0,75.0,0.05,0
414,Reactive,,3,140,140,2.3333333333333335,0,3,300,50.0,75.0,0.05,0
415,Reactive,,3,145,145,2.4166666666666665,0,3,300,50.0,75.0,0.05,0
416,Reactive,,3,154,154,2.566666666666667,0,3,300,50.0,75.0,0.05,0
417,Reactive,,3,156,156,2.6,0,3,300,50.0,75.0,0.05,0
418,Reactive,,3,142,142,2.3666666666666667,0,3,300,50.0,75.0,0.05,0
419,Reactive,,3,157,157,2.6166666666666667,0,3,300,50.0,75.0,0.05,0
420,Reactive,,3,143,143,2.3833333333333333,0,3,300,50.0,75.0,0.05,0
421,Reactive,,3,134,134,2.2333333333333334,0,3,300,50.0,75.0,0.05,0
422,Reactive,,3,136,136,2.2666666666666666,0,3,300,50.0,75.0,0.05,0
423,Reactive,,3,127,127,2.1166666666666667,0,3,300,50.0,75.0,0.05,0
424,Reactive,,3,133,133,2.216666666666667,0,3,300,50.0,75.0,0.05,0
425,Reactive,,3,139,139,2.316666666666667,0,3,300,50.0,75.0,0.05,0
426,Reactive,,3,150,150,2.5,0,3,300,50.0,75.0,0.05,0
427,Reactive,,3,159,159,2.65,0,3,300,50.0,75.0,0.05,0
428,Reactive,,3,128,128,2.1333333333333333,0,3,300,50.0,75.0,0.05,0
429,Reactive,,3,146,146,2.433333333333333,0,3,300,50.0,75.0,0.05,0
430,Reactive,,3,131,131,2.183333333333333,0,3,300,50.0,75.0,0.05,0
431,Reactive,,3,147,147,2.45,0,3,300,50.0,75.0,0.05,0
432,Reactive,,3,140,140,2.3333333333333335,0,3,300,50.0,75.0,0.05,0
433,Reactive,,3,123,123,2.05,0,3,300,50.0,75.0,0.05,0
434,Reactive,,3,151,151,2.5166666666666666,0,3,300,50.0,75.0,0.05,0
435,Reactive,,3,136,136,2.2666666666666666,0,3,300,50.0,75.0,0.05,0
436,Reactive,,3,136,136,2.2666666666666666,0,3,300,50.0,75.0,0.05,0
437,Reactive,,3,131,131,2.183333333333333,0,3,300,50.0,75.0,0.05,0
438,Reactive,,3,135,135,2.25,0,3,300,50.0,75.0,0.05,0
439,Reactive,,3,146,146,2.433333333333333,0,3,300,50.0,75.0,0.05,0
440,Reactive,,3,139,139,2.316666666666667,0,3,300,50.0,75.0,0.05,0
441,Reactive,,3,145,145,2.4166666666666665,0,3,300,50.0,75.0,0.05,0
442,Reactive,,3,145,145,2.4166666666666665,0,3,300,50.0,75.0,0.05,0
443,Reactive,,3,154,154,2.566666666666667,0,3,300,50.0,75.0,0.05,0
444,Reactive,,3,138,138,2.3,0,3,300,50.0,75.0,0.05,0
445,Reactive,,3,126,126,2.1,0,3,300,50.0,75.0,0.05,0
446,Reactive,,3,152,152,2.533333333333333,0,3,300,50.0,75.0,0.05,0
447,Reactive,,3,138,138,2.3,0,3,300,50.0,75.0,0.05,0
448,Reactive,,3,152,152,2.533333333333333,0,3,300,50.0,75.0,0.05,0
449,Reactive,,3,145,145,2.4166666666666665,0,3,300,50.0,75.0,0.05,0
450,Reactive,,3,139,139,2.316666666666667,0,3,300,50.0,75.0,0.05,0
451,Reactive,,3,144,144,2.4,0,3,300,50.0,75.0,0.05,0
452,Reactive,,3,160,160,2.6666666666666665,0,3,300,50.0,75.0,0.05,0
453,Reactive,,3,161,161,2.683333333333333,0,3,300,50.0,75.0,0.05,0
454,Reactive,,3,141,141,2.35,0,3,300,50.0,75.0,0.05,0
455,Reactive,,3,142,142,2.3666666666666667,0,3,300,50.0,75.0,0.05,0
456,Reactive,,3,151,151,2.5166666666666666,0,3,300,50.0,75.0,0.05,0
457,Reactive,,3,132,132,2.2,0,3,300,50.0,75.0,0.05,0
458,Reactive,,3,143,143,2.3833333333333333,0,3,300,50.0,75.0,0.05,0
459,Reactive,,3,140,140,2.3333333333333335,0,3,300,50.0,75.0,0.05,0
460,Reactive,,3,143,143,2.3833333333333333,0,3,300,50.0,75.0,0.05,0
461,Reactive,,3,132,132,2.2,0,3,300,50.0,75.0,0.05,0
462,Reactive,,3,124,124,2.066666666666667,0,3,300,50.0,75.0,0.05,0
463,Reactive,,3,119,119,1.9833333333333334,0,3,300,50.0,75.0,0.05,0
464,Reactive,,3,128,128,2.1333333333333333,0,3,300,50.0,75.0,0.05,0
465,Reactive,,3,135,135,2.25,0,3,300,50.0,75.0,0.05,0
466,Reactive,,3,137,137,2.283333333333333,0,3,300,50.0,75.0,0.05,0
467,Reactive,,3,159,159,2.65,0,3,300,50.0,75.0,0.05,0
468,Reactive,,3,150,150,2.5,0,3,300,50.0,75.0,0.05,0
469,Reactive,,3,130,130,2.1666666666666665,0,3,300,50.0,75.0,0.05,0
470,Reactive,,3,143,143,2.3833333333333333,0,3,300,50.0,75.0,0.05,0
471,Reactive,,3,135,135,2.25,0,3,300,50.0,75.0,0.05,0
472,Reactive,,3,136,136,2.2666666666666666,0,3,300,50.0,75.0,0.05,0
473,Reactive,,3,141,141,2.35,0,3,300,50.0,75.0,0.05,0
474,Reactive,,3,145,145,2.4166666666666665,0,3,300,50.0,75.0,0.05,0
475,Reactive,,3,135,135,2.25,0,3,300,50.0,75.0,0.05,0
476,Reactive,,3,149,149,2.4833333333333334,0,3,300,50.0,75.0,0.05,0
477,Reactive,,3,127,127,2.1166666666666667,0,3,300,50.0,75.0,0.05,0
478,Reactive,,3,139,139,2.316666666666667,0,3,300,50.0,75.0,0.05,0
479,Reactive,,3,164,164,2.7333333333333334,0,3,300,50.0,75.0,0.05,0
480,Reactive,,3,140,140,2.3333333333333335,0,3,300,50.0,75.0,0.05,0
481,Reactive,,3,152,152,2.533333333333333,0,3,300,50.0,75.0,0.05,0
482,Reactive,,3,138,138,2.3,0,3,300,50.0,75.0,0.05,0
483,Reactive,,3,143,143,2.3833333333333333,0,3,300,50.0,75.0,0.05,0
484,Reactive,,3,137,137,2.283333333333333,0,3,300,50.0,75.0,0.05,0
485,Reactive,,3,135,135,2.25,0,3,300,50.0,75.0,0.05,0
486,Reactive,,3,129,129,2.15,0,3,300,50.0,75.0,0.05,0
487,Reactive,,3,141,141,2.35,0,3,300,50.0,75.0,0.05,0
488,Reactive,,3,128,128,2.1333333333333333,0,3,300,50.0,75.0,0.05,0
489,Reactive,,3,143,143,2.3833333333333333,0,3,300,50.0,75.0,0.05,0
490,Reactive,,3,148,148,2.466666666666667,0,3,300,50.0,75.0,0.05,0
491,Reactive,,3,140,140,2.3333333333333335,0,3,300,50.0,75.0,0.05,0
492,Reactive,,3,134,134,2.2333333333333334,0,3,300,50.0,75.0,0.05,0
493,Reactive,,3,141,141,2.35,0,3,300,50.0,75.0,0.05,0
494,Reactive,,3,133,133,2.216666666666667,0,3,300,50.0,75.0,0.05,0
495,Reactive,,3,146,146,2.433333333333333,0,3,300,50.0,75.0,0.05,0
496,Reactive,,3,118,118,1.9666666666666666,0,3,300,50.0,75.0,0.05,0
497,Reactive,,3,133,133,2.216666666666667,0,3,300,50.0,75.0,0.05,0
498,Reactive,,3,116,116,1.9333333333333333,0,3,300,50.0,75.0,0.05,0
499,Reactive,,3,121,121,2.0166666666666666,0,3,300,50.0,75.0,0.05,0
500,Reactive,,3,149,149,2.4833333333333334,0,3,300,50.0,75.0,0.05,0
501,Reactive,,3,145,145,2.4166666666666665,0,3,300,50.0,75.0,0.05,0
502,Reactive,,3,128,128,2.1333333333333333,0,3,300,50.0,75.0,0.05,0
503,Reactive,,3,120,120,2.0,0,3,300,50.0,75.0,0.05,0
504,Reactive,,3,106,106,1.7666666666666666,0,3,300,50.0,75.0,0.05,0
505,Reactive,,3,130,130,2.1666666666666665,0,3,300,50.0,75.0,0.05,0
506,Reactive,,3,159,159,2.65,0,3,300,50.0,75.0,0.05,0
507,Reactive,,3,139,139,2.316666666666667,0,3,300,50.0,75.0,0.05,0
508,Reactive,,3,129,129,2.15,0,3,300,50.0,75.0,0.05,0
509,Reactive,,3,139,139,2.316666666666667,0,3,300,50.0,75.0,0.05,0
510,Reactive,,3,119,119,1.9833333333333334,0,3,300,50.0,75.0,0.05,0
511,Reactive,,3,132,132,2.2,0,3,300,50.0,75.0,0.05,0
512,Reactive,,3,135,135,2.25,0,3,300,50.0,75.0,0.05,0
513,Reactive,,3,134,134,2.2333333333333334,0,3,300,50.0,75.0,0.05,0
514,Reactive,,3,142,142,2.3666666666666667,0,3,300,50.0,75.0,0.05,0
515,Reactive,,3,138,138,2.3,0,3,300,50.0,75.0,0.05,0
516,Reactive,,3,141,141,2.35,0,3,300,50.0,75.0,0.05,0
517,Reactive,,3,127,127,2.1166666666666667,0,3,300,50.0,75.0,0.05,0
518,Reactive,,3,143,143,2.3833333333333333,0,3,300,50.0,75.0,0.05,0
519,Reactive,,3,150,150,2.5,0,3,300,50.0,75.0,0.05,0
520,Reactive,,3,124,124,2.066666666666667,0,3,300,50.0,75.0,0.05,0
521,Reactive,,3,125,125,2.0833333333333335,0,3,300,50.0,75.0,0.05,0
522,Reactive,,3,147,147,2.45,0,3,300,50.0,75.0,0.05,0
523,Reactive,,3,131,131,2.183333333333333,0,3,300,50.0,75.0,0.05,0
524,Reactive,,3,147,147,2.45,0,3,300,50.0,75.0,0.05,0
525,Reactive,,3,129,129,2.15,0,3,300,50.0,75.0,0.05,0
526,Reactive,,3,147,147,2.45,0,3,300,50.0,75.0,0.05,0
527,Reactive,,3,134,134,2.2333333333333334,0,3,300,50.0,75.0,0.05,0
528,Reactive,,3,135,135,2.25,0,3,300,50.0,75.0,0.05,0
529,Reactive,,3,148,148,2.466666666666667,0,3,300,50.0,75.0,0.05,0
530,Reactive,,3,129,129,2.15,0,3,300,50.0,75.0,0.05,0
531,Reactive,,3,123,123,2.05,0,3,300,50.0,75.0,0.05,0
532,Reactive,,3,128,128,2.1333333333333333,0,3,300,50.0,75.0,0.05,0
533,Reactive,,3,137,137,2.283333333333333,0,3,300,50.0,75.0,0.05,0
534,Reactive,,3,116,116,1.9333333333333333,0,3,300,50.0,75.0,0.05,0
535,Reactive,,3,138,138,2.3,0,3,300,50.0,75.0,0.05,0
536,Reactive,,3,126,126,2.1,0,3,300,50.0,75.0,0.05,0
537,Reactive,,3,143,143,2.3833333333333333,0,3,300,50.0,75.0,0.05,0
538,Reactive,,3,108,108,1.8,0,3,300,50.0,75.0,0.05,0
539,Reactive,,3,124,124,2.066666666666667,0,3,300,50.0,75.0,0.05,0
540,Reactive,,3,114,114,1.9,0,3,300,50.0,75.0,0.05,0
541,Reactive,,3,122,122,2.033333333333333,0,3,300,50.0,75.0,0.05,0
542,Reactive,,3,133,133,2.216666666666667,0,3,300,50.0,75.0,0.05,0
543,Reactive,,3,128,128,2.1333333333333333,0,3,300,50.0,75.0,0.05,0
544,Reactive,,3,127,127,2.1166666666666667,0,3,300,50.0,75.0,0.05,0
545,Reactive,,3,128,128,2.1333333333333333,0,3,300,50.0,75.0,0.05,0
546,Reactive,,3,132,132,2.2,0,3,300,50.0,75.0,0.05,0
547,Reactive,,3,120,120,2.0,0,3,300,50.0,75.0,0.05,0
548,Reactive,,3,137,137,2.283333333333333,0,3,300,50.0,75.0,0.05,0
549,Reactive,,3,136,136,2.2666666666666666,0,3,300,50.0,75.0,0.05,0
550,Reactive,,3,133,133,2.216666666666667,0,3,300,50.0,75.0,0.05,0
551,Reactive,,3,135,135,2.25,0,3,300,50.0,75.0,0.05,0
552,Reactive,,3,132,132,2.2,0,3,300,50.0,75.0,0.05,0
553,Reactive,,3,149,149,2.4833333333333334,0,3,300,50.0,75.0,0.05,0
554,Reactive,,3,128,128,2.1333333333333333,0,3,300,50.0,75.0,0.05,0
555,Reactive,,3,126,126,2.1,0,3,300,50.0,75.0,0.05,0
556,Reactive,,3,121,121,2.0166666666666666,0,3,300,50.0,75.0,0.05,0
557,Reactive,,3,118,118,1.9666666666666666,0,3,300,50.0,75.0,0.05,0
558,Reactive,,3,116,116,1.9333333333333333,0,3,300,50.0,75.0,0.05,0
559,Reactive,,3,119,119,1.9833333333333334,0,3,300,50.0,75.0,0.05,0
560,Reactive,,3,127,127,2.1166666666666667,0,3,300,50.0,75.0,0.05,0
561,Reactive,,3,131,131,2.183333333333333,0,3,300,50.0,75.0,0.05,0
562,Reactive,,3,128,128,2.1333333333333333,0,3,300,50.0,75.0,0.05,0
563,Reactive,,3,120,120,2.0,0,3,300,50.0,75.0,0.05,0
564,Reactive,,3,136,136,2.2666666666666666,0,3,300,50.0,75.0,0.05,0
565,Reactive,,3,135,135,2.25,0,3,300,50.0,75.0,0.05,0
566,Reactive,,3,126,126,2.1,0,3,300,50.0,75.0,0.05,0
567,Reactive,,3,120,120,2.0,0,3,300,50.0,75.0,0.05,0
568,Reactive,,3,132,132,2.2,0,3,300,50.0,75.0,0.05,0
569,Reactive,,3,129,129,2.15,0,3,300,50.0,75.0,0.05,0
570,Reactive,,3,112,112,1.8666666666666667,0,3,300,50.0,75.0,0.05,0
571,Reactive,,3,126,126,2.1,0,3,300,50.0,75.0,0.05,0
572,Reactive,,3,129,129,2.15,0,3,300,50.0,75.0,0.05,0
573,Reactive,,3,117,117,1.95,0,3,300,50.0,75.0,0.05,0
574,Reactive,,3,128,128,2.1333333333333333,0,3,300,50.0,75.0,0.05,0
575,Reactive,,3,111,111,1.85,0,3,300,50.0,75.0,0.05,0
576,Reactive,,3,139,139,2.316666666666667,0,3,300,50.0,75.0,0.05,0
577,Reactive,,3,138,138,2.3,0,3,300,50.0,75.0,0.05,0
578,Reactive,,3,123,123,2.05,0,3,300,50.0,75.0,0.05,0
579,Reactive,,3,129,129,2.15,0,3,300,50.0,75.0,0.05,0
580,Reactive,,3,101,101,1.6833333333333333,0,3,300,50.0,75.0,0.05,0
581,Reactive,,3,113,113,1.8833333333333333,0,3,300,50.0,75.0,0.05,0
582,Reactive,,3,122,122,2.033333333333333,0,3,300,50.0,75.0,0.05,0
583,Reactive,,3,114,114,1.9,0,3,300,50.0,75.0,0.05,0
584,Reactive,,3,132,132,2.2,0,3,300,50.0,75.0,0.05,0
585,Reactive,,3,144,144,2.4,0,3,300,50.0,75.0,0.05,0
586,Reactive,,3,113,113,1.8833333333333333,0,3,300,50.0,75.0,0.05,0
587,Reactive,,3,116,116,1.9333333333333333,0,3,300,50.0,75.0,0.05,0
588,Reactive,,3,126,126,2.1,0,3,300,50.0,75.0,0.05,0
589,Reactive,,3,140,140,2.3333333333333335,0,3,300,50.0,75.0,0.05,0
590,Reactive,,3,112,112,1.8666666666666667,0,3,300,50.0,75.0,0.05,0
591,Reactive,,3,126,126,2.1,0,3,300,50.0,75.0,0.05,0
592,Reactive,,3,142,142,2.3666666666666667,0,3,300,50.0,75.0,0.05,0
593,Reactive,,3,107,107,1.7833333333333334,0,3,300,50.0,75.0,0.05,0
594,Reactive,,3,110,110,1.8333333333333333,0,3,300,50.0,75.0,0.05,0
595,Reactive,,3,119,119,1.9833333333333334,0,3,300,50.0,75.0,0.05,0
596,Reactive,,3,118,118,1.9666666666666666,0,3,300,50.0,75.0,0.05,0
597,Reactive,,3,131,131,2.183333333333333,0,3,300,50.0,75.0,0.05,0
598,Reactive,,3,125,125,2.0833333333333335,0,3,300,50.0,75.0,0.05,0
599,Reactive,,3,105,105,1.75,0,3,300,50.0,75.0,0.05,0
600,Reactive,,3,127,127,2.1166666666666667,0,3,300,50.0,75.0,0.05,0
601,Reactive,,3,116,116,1.9333333333333333,0,3,300,50.0,75.0,0.05,0
602,Reactive,,3,134,134,2.2333333333333334,0,3,300,50.0,75.0,0.05,0
603,Reactive,,3,115,115,1.9166666666666667,0,3,300,50.0,75.0,0.05,0
604,Reactive,,3,115,115,1.9166666666666667,0,3,300,50.0,75.0,0.05,0
605,Reactive,,3,126,126,2.1,0,3,300,50.0,75.0,0.05,0
606,Reactive,,3,128,128,2.1333333333333333,0,3,300,50.0,75.0,0.05,0
607,Reactive,,3,125,125,2.0833333333333335,0,3,300,50.0,75.0,0.05,0
608,Reactive,,3,103,103,1.7166666666666666,0,3,300,50.0,75.0,0.05,0
609,Reactive,,3,125,125,2.0833333333333335,0,3,300,50.0,75.0,0.05,0
610,Reactive,,3,110,110,1.8333333333333333,0,3,300,50.0,75.0,0.05,0
611,Reactive,,3,122,122,2.033333333333333,0,3,300,50.0,75.0,0.05,0
612,Reactive,,3,105,105,1.75,0,3,300,50.0,75.0,0.05,0
613,Reactive,,3,124,124,2.066666666666667,0,3,300,50.0,75.0,0.05,0
614,Reactive,,3,111,111,1.85,0,3,300,50.0,75.0,0.05,0
615,Reactive,,3,106,106,1.7666666666666666,0,3,300,50.0,75.0,0.05,0
616,Reactive,,3,126,126,2.1,0,3,300,50.0,75.0,0.05,0
617,Reactive,,3,121,121,2.0166666666666666,0,3,300,50.0,75.0,0.05,0
618,Reactive,,3,113,113,1.8833333333333333,0,3,300,50.0,75.0,0.05,0
619,Reactive,,3,133,133,2.216666666666667,0,3,300,50.0,75.0,0.05,0
620,Reactive,,3,114,114,1.9,0,3,300,50.0,75.0,0.05,0
621,Reactive,,3,119,119,1.9833333333333334,0,3,300,50.0,75.0,0.05,0
622,Reactive,,3,121,121,2.0166666666666666,0,3,300,50.0,75.0,0.05,0
623,Reactive,,3,112,112,1.8666666666666667,0,3,300,50.0,75.0,0.05,0
624,Reactive,,3,122,122,2.033333333333333,0,3,300,50.0,75.0,0.05,0
625,Reactive,,3,112,112,1.8666666666666667,0,3,300,50.0,75.0,0.05,0
626,Reactive,,3,113,113,1.8833333333333333,0,3,300,50.0,75.0,0.05,0
627,Reactive,,3,131,131,2.183333333333333,0,3,300,50.0,75.0,0.05,0
628,Reactive,,3,107,107,1.7833333333333334,0,3,300,50.0,75.0,0.05,0
629,Reactive,,3,93,93,1.55,0,3,300,50.0,75.0,0.05,0
630,Reactive,,3,133,133,2.216666666666667,0,3,300,50.0,75.0,0.05,0
631,Reactive,,3,142,142,2.3666666666666667,0,3,300,50.0,75.0,0.05,0
632,Reactive,,3,112,112,1.8666666666666667,0,3,300,50.0,75.0,0.05,0
633,Reactive,,3,97,97,1.6166666666666667,0,3,300,50.0,75.0,0.05,0
634,Reactive,,3,113,113,1.8833333333333333,0,3,300,50.0,75.0,0.05,0
635,Reactive,,3,113,113,1.8833333333333333,0,3,300,50.0,75.0,0.05,0
636,Reactive,,3,114,114,1.9,0,3,300,50.0,75.0,0.05,0
637,Reactive,,3,105,105,1.75,0,3,300,50.0,75.0,0.05,0
638,Reactive,,3,121,121,2.0166666666666666,0,3,300,50.0,75.0,0.05,0
639,Reactive,,3,121,121,2.0166666666666666,0,3,300,50.0,75.0,0.05,0
640,Reactive,,3,100,100,1.6666666666666667,0,3,300,50.0,75.0,0.05,0
641,Reactive,,3,122,122,2.033333333333333,0,3,300,50.0,75.0,0.05,0
642,Reactive,,3,135,135,2.25,0,3,300,50.0,75.0,0.05,0
643,Reactive,,3,116,116,1.9333333333333333,0,3,300,50.0,75.0,0.05,0
644,Reactive,,3,111,111,1.85,0,3,300,50.0,75.0,0.05,0
645,Reactive,,3,113,113,1.8833333333333333,0,3,300,50.0,75.0,0.05,0
646,Reactive,,3,120,120,2.0,0,3,300,50.0,75.0,0.05,0
647,Reactive,,3,97,97,1.6166666666666667,0,3,300,50.0,75.0,0.05,0
648,Reactive,,3,115,115,1.9166666666666667,0,3,300,50.0,75.0,0.05,0
649,Reactive,,3,110,110,1.8333333333333333,0,3,300,50.0,75.0,0.05,0
650,Reactive,,3,132,132,2.2,0,3,300,50.0,75.0,0.05,0
651,Reactive,,3,112,112,1.8666666666666667,0,3,300,50.0,75.0,0.05,0
652,Reactive,,3,130,130,2.1666666666666665,0,3,300,50.0,75.0,0.05,0
653,Reactive,,3,102,102,1.7,0,3,300,50.0,75.0,0.05,0
654,Reactive,,3,119,119,1.9833333333333334,0,3,300,50.0,75.0,0.05,0
655,Reactive,,3,116,116,1.9333333333333333,0,3,300,50.0,75.0,0.05,0
656,Reactive,,3,104,104,1.7333333333333334,0,3,300,50.0,75.0,0.05,0
657,Reactive,,3,114,114,1.9,0,3,300,50.0,75.0,0.05,0
658,Reactive,,3,124,124,2.066666666666667,0,3,300,50.0,75.0,0.05,0
659,Reactive,,3,109,109,1.8166666666666667,0,3,300,50.0,75.0,0.05,0
660,Reactive,,3,94,94,1.5666666666666667,0,3,300,50.0,75.0,0.05,0
661,Reactive,,3,111,111,1.85,0,3,300,50.0,75.0,0.05,0
662,Reactive,,3,102,102,1.7,0,3,300,50.0,75.0,0.05,0
663,Reactive,,3,107,107,1.7833333333333334,0,3,300,50.0,75.0,0.05,0
664,Reactive,,3,110,110,1.8333333333333333,0,3,300,50.0,75.0,0.05,0
665,Reactive,,3,93,93,1.55,0,3,300,50.0,75.0,0.05,0
666,Reactive,,3,94,94,1.5666666666666667,0,3,300,50.0,75.0,0.05,0
667,Reactive,,3,115,115,1.9166666666666667,0,3,300,50.0,75.0,0.05,0
668,Reactive,,3,105,105,1.75,0,3,300,50.0,75.0,0.05,0
669,Reactive,,2,84,84,1.4,0,2,200,50.0,75.0,0.03333333333333333,0
670,Reactive,,2,117,117,1.95,0,2,200,50.0,75.0,0.03333333333333333,0
671,Reactive,,2,112,112,1.8666666666666667,0,2,200,50.0,75.0,0.03333333333333333,0
672,Reactive,,2,102,102,1.7,0,2,200,50.0,75.0,0.03333333333333333,0
673,Reactive,,2,96,96,1.6,0,2,200,50.0,75.0,0.03333333333333333,0
674,Reactive,,2,117,117,1.95,0,2,200,50.0,75.0,0.03333333333333333,0
675,Reactive,,2,112,112,1.8666666666666667,0,2,200,50.0,75.0,0.03333333333333333,0
676,Reactive,,2,132,132,2.2,0,2,200,50.0,75.0,0.03333333333333333,0
677,Reactive,,2,112,112,1.8666666666666667,0,2,200,50.0,75.0,0.03333333333333333,0
678,Reactive,,2,112,112,1.8666666666666667,0,2,200,50.0,75.0,0.03333333333333333,0
679,Reactive,,2,106,106,1.7666666666666666,0,2,200,50.0,75.0,0.03333333333333333,0
680,Reactive,,2,116,116,1.9333333333333333,0,2,200,50.0,75.0,0.03333333333333333,0
681,Reactive,,2,114,114,1.9,0,2,200,50.0,75.0,0.03333333333333333,0
682,Reactive,,2,120,120,2.0,0,2,200,50.0,75.0,0.03333333333333333,0
683,Reactive,,2,102,102,1.7,0,2,200,50.0,75.0,0.03333333333333333,0
684,Reactive,,2,103,103,1.7166666666666666,0,2,200,50.0,75.0,0.03333333333333333,0
685,Reactive,,2,102,102,1.7,0,2,200,50.0,75.0,0.03333333333333333,0
686,Reactive,,2,115,115,1.9166666666666667,0,2,200,50.0,75.0,0.03333333333333333,0
687,Reactive,,2,121,121,2.0166666666666666,0,2,200,50.0,75.0,0.03333333333333333,0
688,Reactive,,2,102,102,1.7,0,2,200,50.0,75.0,0.03333333333333333,0
689,Reactive,,2,102,102,1.7,0,2,200,50.0,75.0,0.03333333333333333,0
690,Reactive,,2,109,109,1.8166666666666667,0,2,200,50.0,75.0,0.03333333333333333,0
691,Reactive,,2,103,103,1.7166666666666666,0,2,200,50.0,75.0,0.03333333333333333,0
692,Reactive,,2,115,115,1.9166666666666667,0,2,200,50.0,75.0,0.03333333333333333,0
693,Reactive,,2,83,83,1.3833333333333333,0,2,200,50.0,75.0,0.03333333333333333,0
694,Reactive,,2,97,97,1.6166666666666667,0,2,200,50.0,75.0,0.03333333333333333,0
695,Reactive,,2,97,97,1.6166666666666667,0,2,200,50.0,75.0,0.03333333333333333,0
696,Reactive,,2,82,82,1.3666666666666667,0,2,200,50.0,75.0,0.03333333333333333,0
697,Reactive,,2,95,95,1.5833333333333333,0,2,200,50.0,75.0,0.03333333333333333,0
698,Reactive,,2,95,95,1.5833333333333333,0,2,200,50.0,75.0,0.03333333333333333,0
699,Reactive,,2,102,102,1.7,0,2,200,50.0,75.0,0.03333333333333333,0
700,Reactive,,2,115,115,1.9166666666666667,0,2,200,50.0,75.0,0.03333333333333333,0
701,Reactive,,2,102,102,1.7,0,2,200,50.0,75.0,0.03333333333333333,0
702,Reactive,,2,94,94,1.5666666666666667,0,2,200,50.0,75.0,0.03333333333333333,0
703,Reactive,,2,103,103,1.7166666666666666,0,2,200,50.0,75.0,0.03333333333333333,0
704,Reactive,,2,114,114,1.9,0,2,200,50.0,75.0,0.03333333333333333,0
705,Reactive,,2,94,94,1.5666666666666667,0,2,200,50.0,75.0,0.03333333333333333,0
706,Reactive,,2,94,94,1.5666666666666667,0,2,200,50.0,75.0,0.03333333333333333,0
707,Reactive,,2,109,109,1.8166666666666667,0,2,200,50.0,75.0,0.03333333333333333,0
708,Reactive,,2,101,101,1.6833333333333333,0,2,200,50.0,75.0,0.03333333333333333,0
709,Reactive,,2,109,109,1.8166666666666667,0,2,200,50.0,75.0,0.03333333333333333,0
710,Reactive,,2,102,102,1.7,0,2,200,50.0,75.0,0.03333333333333333,0
711,Reactive,,2,109,109,1.8166666666666667,0,2,200,50.0,75.0,0.03333333333333333,0
712,Reactive,,2,92,92,1.5333333333333334,0,2,200,50.0,75.0,0.03333333333333333,0
713,Reactive,,2,102,102,1.7,0,2,200,50.0,75.0,0.03333333333333333,0
714,Reactive,,2,100,100,1.6666666666666667,0,2,200,50.0,75.0,0.03333333333333333,0
715,Reactive,,2,89,89,1.4833333333333334,0,2,200,50.0,75.0,0.03333333333333333,0
716,Reactive,,2,86,86,1.4333333333333333,0,2,200,50.0,75.0,0.03333333333333333,0
717,Reactive,,2,108,108,1.8,0,2,200,50.0,75.0,0.03333333333333333,0
718,Reactive,,2,98,98,1.6333333333333333,0,2,200,50.0,75.0,0.03333333333333333,0
719,Reactive,,2,91,91,1.5166666666666666,0,2,200,50.0,75.0,0.03333333333333333,0
720,Reactive,,2,99,99,1.65,0,2,200,50.0,75.0,0.03333333333333333,0
721,Reactive,,2,111,111,1.85,0,2,200,50.0,75.0,0.03333333333333333,0
722,Reactive,,2,77,77,1.2833333333333334,0,2,200,50.0,75.0,0.03333333333333333,0
723,Reactive,,2,85,85,1.4166666666666667,0,2,200,50.0,75.0,0.03333333333333333,0
724,Reactive,,2,90,90,1.5,0,2,200,50.0,75.0,0.03333333333333333,0
725,Reactive,,2,114,114,1.9,0,2,200,50.0,75.0,0.03333333333333333,0
726,Reactive,,2,102,102,1.7,0,2,200,50.0,75.0,0.03333333333333333,0
727,Reactive,,2,106,106,1.7666666666666666,0,2,200,50.0,75.0,0.03333333333333333,0
728,Reactive,,2,87,87,1.45,0,2,200,50.0,75.0,0.03333333333333333,0
729,Reactive,,2,87,87,1.45,0,2,200,50.0,75.0,0.03333333333333333,0
730,Reactive,,2,103,103,1.7166666666666666,0,2,200,50.0,75.0,0.03333333333333333,0
731,Reactive,,2,99,99,1.65,0,2,200,50.0,75.0,0.03333333333333333,0
732,Reactive,,2,103,103,1.7166666666666666,0,2,200,50.0,75.0,0.03333333333333333,0
733,Reactive,,2,96,96,1.6,0,2,200,50.0,75.0,0.03333333333333333,0
734,Reactive,,2,100,100,1.6666666666666667,0,2,200,50.0,75.0,0.03333333333333333,0
735,Reactive,,2,99,99,1.65,0,2,200,50.0,75.0,0.03333333333333333,0
736,Reactive,,2,105,105,1.75,0,2,200,50.0,75.0,0.03333333333333333,0
737,Reactive,,2,105,105,1.75,0,2,200,50.0,75.0,0.03333333333333333,0
738,Reactive,,2,81,81,1.35,0,2,200,50.0,75.0,0.03333333333333333,0
739,Reactive,,2,74,74,1.2333333333333334,0,2,200,50.0,75.0,0.03333333333333333,0
740,Reactive,,2,107,107,1.7833333333333334,0,2,200,50.0,75.0,0.03333333333333333,0
741,Reactive,,2,108,108,1.8,0,2,200,50.0,75.0,0.03333333333333333,0
742,Reactive,,2,86,86,1.4333333333333333,0,2,200,50.0,75.0,0.03333333333333333,0
743,Reactive,,2,77,77,1.2833333333333334,0,2,200,50.0,75.0,0.03333333333333333,0
744,Reactive,,2,97,97,1.6166666666666667,0,2,200,50.0,75.0,0.03333333333333333,0
745,Reactive,,2,105,105,1.75,0,2,200,50.0,75.0,0.03333333333333333,0
746,Reactive,,2,113,113,1.8833333333333333,0,2,200,50.0,75.0,0.03333333333333333,0
747,Reactive,,2,100,100,1.6666666666666667,0,2,200,50.0,75.0,0.03333333333333333,0
748,Reactive,,2,91,91,1.5166666666666666,0,2,200,50.0,75.0,0.03333333333333333,0
749,Reactive,,2,86,86,1.4333333333333333,0,2,200,50.0,75.0,0.03333333333333333,0
750,Reactive,,2,95,95,1.5833333333333333,0,2,200,50.0,75.0,0.03333333333333333,0
751,Reactive,,2,92,92,1.5333333333333334,0,2,200,50.0,75.0,0.03333333333333333,0
752,Reactive,,2,84,84,1.4,0,2,200,50.0,75.0,0.03333333333333333,0
753,Reactive,,2,115,115,1.9166666666666667,0,2,200,50.0,75.0,0.03333333333333333,0
754,Reactive,,2,112,112,1.8666666666666667,0,2,200,50.0,75.0,0.03333333333333333,0
755,Reactive,,2,105,105,1.75,0,2,200,50.0,75.0,0.03333333333333333,0
756,Reactive,,2,85,85,1.4166666666666667,0,2,200,50.0,75.0,0.03333333333333333,0
757,Reactive,,2,102,102,1.7,0,2,200,50.0,75.0,0.03333333333333333,0
758,Reactive,,2,100,100,1.6666666666666667,0,2,200,50.0,75.0,0.03333333333333333,0
759,Reactive,,2,98,98,1.6333333333333333,0,2,200,50.0,75.0,0.03333333333333333,0
760,Reactive,,2,106,106,1.7666666666666666,0,2,200,50.0,75.0,0.03333333333333333,0
761,Reactive,,2,99,99,1.65,0,2,200,50.0,75.0,0.03333333333333333,0
762,Reactive,,2,100,100,1.6666666666666667,0,2,200,50.0,75.0,0.03333333333333333,0
763,Reactive,,2,99,99,1.65,0,2,200,50.0,75.0,0.03333333333333333,0
764,Reactive,,2,96,96,1.6,0,2,200,50.0,75.0,0.03333333333333333,0
765,Reactive,,2,74,74,1.2333333333333334,0,2,200,50.0,75.0,0.03333333333333333,0
766,Reactive,,2,93,93,1.55,0,2,200,50.0,75.0,0.03333333333333333,0
767,Reactive,,2,86,86,1.4333333333333333,0,2,200,50.0,75.0,0.03333333333333333,0
768,Reactive,,2,79,79,1.3166666666666667,0,2,200,50.0,75.0,0.03333333333333333,0
769,Reactive,,2,108,108,1.8,0,2,200,50.0,75.0,0.03333333333333333,0
770,Reactive,,2,109,109,1.8166666666666667,0,2,200,50.0,75.0,0.03333333333333333,0
771,Reactive,,2,105,105,1.75,0,2,200,50.0,75.0,0.03333333333333333,0
772,Reactive,,2,94,94,1.5666666666666667,0,2,200,50.0,75.0,0.03333333333333333,0
773,Reactive,,2,104,104,1.7333333333333334,0,2,200,50.0,75.0,0.03333333333333333,0
774,Reactive,,2,91,91,1.5166666666666666,0,2,200,50.0,75.0,0.03333333333333333,0
775,Reactive,,2,93,93,1.55,0,2,200,50.0,75.0,0.03333333333333333,0
776,Reactive,,2,79,79,1.3166666666666667,0,2,200,50.0,75.0,0.03333333333333333,0
777,Reactive,,2,94,94,1.5666666666666667,0,2,200,50.0,75.0,0.03333333333333333,0
778,Reactive,,2,91,91,1.5166666666666666,0,2,200,50.0,75.0,0.03333333333333333,0
779,Reactive,,2,77,77,1.2833333333333334,0,2,200,50.0,75.0,0.03333333333333333,0
780,Reactive,,2,88,88,1.4666666666666666,0,2,200,50.0,75.0,0.03333333333333333,0
781,Reactive,,2,88,88,1.4666666666666666,0,2,200,50.0,75.0,0.03333333333333333,0
782,Reactive,,2,107,107,1.7833333333333334,0,2,200,50.0,75.0,0.03333333333333333,0
783,Reactive,,2,97,97,1.6166666666666667,0,2,200,50.0,75.0,0.03333333333333333,0
784,Reactive,,2,88,88,1.4666666666666666,0,2,200,50.0,75.0,0.03333333333333333,0
785,Reactive,,2,91,91,1.5166666666666666,0,2,200,50.0,75.0,0.03333333333333333,0
786,Reactive,,2,88,88,1.4666666666666666,0,2,200,50.0,75.0,0.03333333333333333,0
787,Reactive,,2,86,86,1.4333333333333333,0,2,200,50.0,75.0,0.03333333333333333,0
788,Reactive,,2,77,77,1.2833333333333334,0,2,200,50.0,75.0,0.03333333333333333,0
789,Reactive,,2,86,86,1.4333333333333333,0,2,200,50.0,75.0,0.03333333333333333,0
790,Reactive,,2,80,80,1.3333333333333333,0,2,200,50.0,75.0,0.03333333333333333,0
791,Reactive,,2,75,75,1.25,0,2,200,50.0,75.0,0.03333333333333333,0
792,Reactive,,2,92,92,1.5333333333333334,0,2,200,50.0,75.0,0.03333333333333333,0
793,Reactive,,2,91,91,1.5166666666666666,0,2,200,50.0,75.0,0.03333333333333333,0
794,Reactive,,2,69,69,1.15,0,2,200,50.0,75.0,0.03333333333333333,0
795,Reactive,,2,85,85,1.4166666666666667,0,2,200,50.0,75.0,0.03333333333333333,0
796,Reactive,,2,96,96,1.6,0,2,200,50.0,75.0,0.03333333333333333,0
797,Reactive,,2,97,97,1.6166666666666667,0,2,200,50.0,75.0,0.03333333333333333,0
798,Reactive,,2,96,96,1.6,0,2,200,50.0,75.0,0.03333333333333333,0
799,Reactive,,2,86,86,1.4333333333333333,0,2,200,50.0,75.0,0.03333333333333333,0
800,Reactive,,2,77,77,1.2833333333333334,0,2,200,50.0,75.0,0.03333333333333333,0
801,Reactive,,2,75,75,1.25,0,2,200,50.0,75.0,0.03333333333333333,0
802,Reactive,,2,89,89,1.4833333333333334,0,2,200,50.0,75.0,0.03333333333333333,0
803,Reactive,,2,89,89,1.4833333333333334,0,2,200,50.0,75.0,0.03333333333333333,0
804,Reactive,,2,98,98,1.6333333333333333,0,2,200,50.0,75.0,0.03333333333333333,0
805,Reactive,,2,96,96,1.6,0,2,200,50.0,75.0,0.03333333333333333,0
806,Reactive,,2,83,83,1.3833333333333333,0,2,200,50.0,75.0,0.03333333333333333,0
807,Reactive,,2,72,72,1.2,0,2,200,50.0,75.0,0.03333333333333333,0
808,Reactive,,2,81,81,1.35,0,2,200,50.0,75.0,0.03333333333333333,0
809,Reactive,,2,86,86,1.4333333333333333,0,2,200,50.0,75.0,0.03333333333333333,0
810,Reactive,,2,82,82,1.3666666666666667,0,2,200,50.0,75.0,0.03333333333333333,0
811,Reactive,,2,78,78,1.3,0,2,200,50.0,75.0,0.03333333333333333,0
812,Reactive,,2,86,86,1.4333333333333333,0,2,200,50.0,75.0,0.03333333333333333,0
813,Reactive,,2,78,78,1.3,0,2,200,50.0,75.0,0.03333333333333333,0
814,Reactive,,2,77,77,1.2833333333333334,0,2,200,50.0,75.0,0.03333333333333333,0
815,Reactive,,2,86,86,1.4333333333333333,0,2,200,50.0,75.0,0.03333333333333333,0
816,Reactive,,2,79,79,1.3166666666666667,0,2,200,50.0,75.0,0.03333333333333333,0
817,Reactive,,2,85,85,1.4166666666666667,0,2,200,50.0,75.0,0.03333333333333333,0
818,Reactive,,3,255,255,4.25,0,3,300,50.0,75.0,0.05,0
819,Reactive,,2,71,71,1.1833333333333333,0,2,200,50.0,75.0,0.03333333333333333,0
820,Reactive,,2,78,78,1.3,0,2,200,50.0,75.0,0.03333333333333333,0
821,Reactive,,2,97,97,1.6166666666666667,0,2,200,50.0,75.0,0.03333333333333333,0
822,Reactive,,2,70,70,1.1666666666666667,0,2,200,50.0,75.0,0.03333333333333333,0
823,Reactive,,2,61,61,1.0166666666666666,0,2,200,50.0,75.0,0.03333333333333333,0
824,Reactive,,2,63,63,1.05,0,2,200,50.0,75.0,0.03333333333333333,0
825,Reactive,,2,82,82,1.3666666666666667,0,2,200,50.0,75.0,0.03333333333333333,0
826,Reactive,,2,82,82,1.3666666666666667,0,2,200,50.0,75.0,0.03333333333333333,0
827,Reactive,,2,80,80,1.3333333333333333,0,2,200,50.0,75.0,0.03333333333333333,0
828,Reactive,,2,93,93,1.55,0,2,200,50.0,75.0,0.03333333333333333,0
829,Reactive,,1,54,54,0.9,0,1,100,50.0,75.0,0.016666666666666666,0
830,Reactive,,2,85,85,1.4166666666666667,0,2,200,50.0,75.0,0.03333333333333333,0
831,Reactive,,2,96,96,1.6,0,2,200,50.0,75.0,0.03333333333333333,0
832,Reactive,,2,69,69,1.15,0,2,200,50.0,75.0,0.03333333333333333,0
833,Reactive,,2,77,77,1.2833333333333334,0,2,200,50.0,75.0,0.03333333333333333,0
834,Reactive,,2,73,73,1.2166666666666666,0,2,200,50.0,75.0,0.03333333333333333,0
835,Reactive,,2,71,71,1.1833333333333333,0,2,200,50.0,75.0,0.03333333333333333,0
836,Reactive,,2,77,77,1.2833333333333334,0,2,200,50.0,75.0,0.03333333333333333,0
837,Reactive,,2,94,94,1.5666666666666667,0,2,200,50.0,75.0,0.03333333333333333,0
838,Reactive,,2,98,98,1.6333333333333333,0,2,200,50.0,75.0,0.03333333333333333,0
839,Reactive,,2,76,76,1.2666666666666666,0,2,200,50.0,75.0,0.03333333333333333,0
840,Reactive,,2,98,98,1.6333333333333333,0,2,200,50.0,75.0,0.03333333333333333,0
841,Reactive,,2,79,79,1.3166666666666667,0,2,200,50.0,75.0,0.03333333333333333,0
842,Reactive,,2,96,96,1.6,0,2,200,50.0,75.0,0.03333333333333333,0
843,Reactive,,2,77,77,1.2833333333333334,0,2,200,50.0,75.0,0.03333333333333333,0
844,Reactive,,2,79,79,1.3166666666666667,0,2,200,50.0,75.0,0.03333333333333333,0
845,Reactive,,2,81,81,1.35,0,2,200,50.0,75.0,0.03333333333333333,0
846,Reactive,,2,109,109,1.8166666666666667,0,2,200,50.0,75.0,0.03333333333333333,0
847,Reactive,,2,86,86,1.4333333333333333,0,2,200,50.0,75.0,0.03333333333333333,0
848,Reactive,,2,70,70,1.1666666666666667,0,2,200,50.0,75.0,0.03333333333333333,0
849,Reactive,,2,87,87,1.45,0,2,200,50.0,75.0,0.03333333333333333,0
850,Reactive,,2,73,73,1.2166666666666666,0,2,200,50.0,75.0,0.03333333333333333,0
851,Reactive,,2,72,72,1.2,0,2,200,50.0,75.0,0.03333333333333333,0
852,Reactive,,2,86,86,1.4333333333333333,0,2,200,50.0,75.0,0.03333333333333333,0
853,Reactive,,2,77,77,1.2833333333333334,0,2,200,50.0,75.0,0.03333333333333333,0
854,Reactive,,2,79,79,1.3166666666666667,0,2,200,50.0,75.0,0.03333333333333333,0
855,Reactive,,2,76,76,1.2666666666666666,0,2,200,50.0,75.0,0.03333333333333333,0
856,Reactive,,2,80,80,1.3333333333333333,0,2,200,50.0,75.0,0.03333333333333333,0
857,Reactive,,2,80,80,1.3333333333333333,0,2,200,50.0,75.0,0.03333333333333333,0
858,Reactive,,1,56,56,0.9333333333333333,0,1,100,50.0,75.0,0.016666666666666666,0
859,Reactive,,2,82,82,1.3666666666666667,0,2,200,50.0,75.0,0.03333333333333333,0
860,Reactive,,2,66,66,1.1,0,2,200,50.0,75.0,0.03333333333333333,0
861,Reactive,,2,61,61,1.0166666666666666,0,2,200,50.0,75.0,0.03333333333333333,0
862,Reactive,,2,75,75,1.25,0,2,200,50.0,75.0,0.03333333333333333,0
863,Reactive,,2,76,76,1.2666666666666666,0,2,200,50.0,75.0,0.03333333333333333,0
864,Reactive,,2,68,68,1.1333333333333333,0,2,200,50.0,75.0,0.03333333333333333,0
865,Reactive,,2,83,83,1.3833333333333333,0,2,200,50.0,75.0,0.03333333333333333,0
866,Reactive,,2,61,61,1.0166666666666666,0,2,200,50.0,75.0,0.03333333333333333,0
867,Reactive,,2,71,71,1.1833333333333333,0,2,200,50.0,75.0,0.03333333333333333,0
868,Reactive,,2,69,69,1.15,0,2,200,50.0,75.0,0.03333333333333333,0
869,Reactive,,2,74,74,1.2333333333333334,0,2,200,50.0,75.0,0.03333333333333333,0
870,Reactive,,2,77,77,1.2833333333333334,0,2,200,50.0,75.0,0.03333333333333333,0
871,Reactive,,2,64,64,1.0666666666666667,0,2,200,50.0,75.0,0.03333333333333333,0
872,Reactive,,2,81,81,1.35,0,2,200,50.0,75.0,0.03333333333333333,0
873,Reactive,,2,74,74,1.2333333333333334,0,2,200,50.0,75.0,0.03333333333333333,0
874,Reactive,,1,55,55,0.9166666666666666,0,1,100,50.0,75.0,0.016666666666666666,0
875,Reactive,,1,54,54,0.9,0,1,100,50.0,75.0,0.016666666666666666,0
876,Reactive,,1,73,73,1.2166666666666666,0,1,100,50.0,75.0,0.016666666666666666,0
877,Reactive,,1,71,71,1.1833333333333333,0,1,100,50.0,75.0,0.016666666666666666,0
878,Reactive,,1,72,72,1.2,0,1,100,50.0,75.0,0.016666666666666666,0
879,Reactive,,1,73,73,1.2166666666666666,0,1,100,50.0,75.0,0.016666666666666666,0
880,Reactive,,1,75,75,1.25,0,1,100,50.0,75.0,0.016666666666666666,0
881,Reactive,,2,82,82,1.3666666666666667,0,2,200,50.0,75.0,0.03333333333333333,0
882,Reactive,,2,61,61,1.0166666666666666,0,2,200,50.0,75.0,0.03333333333333333,0
883,Reactive,,2,61,61,1.0166666666666666,0,2,200,50.0,75.0,0.03333333333333333,0
884,Reactive,,2,61,61,1.0166666666666666,0,2,200,50.0,75.0,0.03333333333333333,0
885,Reactive,,2,75,75,1.25,0,2,200,50.0,75.0,0.03333333333333333,0
886,Reactive,,2,84,84,1.4,0,2,200,50.0,75.0,0.03333333333333333,0
887,Reactive,,2,68,68,1.1333333333333333,0,2,200,50.0,75.0,0.03333333333333333,0
888,Reactive,,1,47,47,0.7833333333333333,0,1,100,50.0,75.0,0.016666666666666666,0
889,Reactive,,1,55,55,0.9166666666666666,0,1,100,50.0,75.0,0.016666666666666666,0
890,Reactive,,1,63,63,1.05,0,1,100,50.0,75.0,0.016666666666666666,0
891,Reactive,,1,66,66,1.1,0,1,100,50.0,75.0,0.016666666666666666,0
892,Reactive,,1,67,67,1.1166666666666667,0,1,100,50.0,75.0,0.016666666666666666,0
893,Reactive,,1,71,71,1.1833333333333333,0,1,100,50.0,75.0,0.016666666666666666,0
894,Reactive,,1,68,68,1.1333333333333333,0,1,100,50.0,75.0,0.016666666666666666,0
895,Reactive,,2,81,81,1.35,0,2,200,50.0,75.0,0.03333333333333333,0
896,Reactive,,2,64,64,1.0666666666666667,0,2,200,50.0,75.0,0.03333333333333333,0
897,Reactive,,2,62,62,1.0333333333333334,0,2,200,50.0,75.0,0.03333333333333333,0
898,Reactive,,2,75,75,1.25,0,2,200,50.0,75.0,0.03333333333333333,0
899,Reactive,,1,55,55,0.9166666666666666,0,1,100,50.0,75.0,0.016666666666666666,0
900,Reactive,,1,73,73,1.2166666666666666,0,1,100,50.0,75.0,0.016666666666666666,0
901,Reactive,,1,70,70,1.1666666666666667,0,1,100,50.0,75.0,0.016666666666666666,0
902,Reactive,,1,68,68,1.1333333333333333,0,1,100,50.0,75.0,0.016666666666666666,0
903,Reactive,,2,140,140,2.3333333333333335,0,2,200,50.0,75.0,0.03333333333333333,0
904,Reactive,,2,63,63,1.05,0,2,200,50.0,75.0,0.03333333333333333,0
905,Reactive,,2,89,89,1.4833333333333334,0,2,200,50.0,75.0,0.03333333333333333,0
906,Reactive,,2,66,66,1.1,0,2,200,50.0,75.0,0.03333333333333333,0
907,Reactive,,1,56,56,0.9333333333333333,0,1,100,50.0,75.0,0.016666666666666666,0
908,Reactive,,1,69,69,1.15,0,1,100,50.0,75.0,0.016666666666666666,0
909,Reactive,,1,58,58,0.9666666666666667,0,1,100,50.0,75.0,0.016666666666666666,0
910,Reactive,,1,61,61,1.0166666666666666,0,1,100,50.0,75.0,0.016666666666666666,0
911,Reactive,,1,72,72,1.2,0,1,100,50.0,75.0,0.016666666666666666,0
912,Reactive,,1,74,74,1.2333333333333334,0,1,100,50.0,75.0,0.016666666666666666,0
913,Reactive,,1,62,62,1.0333333333333334,0,1,100,50.0,75.0,0.016666666666666666,0
914,Reactive,,1,78,78,1.3,0,1,100,50.0,75.0,0.016666666666666666,0
915,Reactive,,1,79,79,1.3166666666666667,0,1,100,50.0,75.0,0.016666666666666666,0
916,Reactive,,2,82,82,1.3666666666666667,0,2,200,50.0,75.0,0.03333333333333333,0
917,Reactive,,2,73,73,1.2166666666666666,0,2,200,50.0,75.0,0.03333333333333333,0
918,Reactive,,2,81,81,1.35,0,2,200,50.0,75.0,0.03333333333333333,0
919,Reactive,,1,48,48,0.8,0,1,100,50.0,75.0,0.016666666666666666,0
920,Reactive,,1,64,64,1.0666666666666667,0,1,100,50.0,75.0,0.016666666666666666,0
921,Reactive,,1,58,58,0.9666666666666667,0,1,100,50.0,75.0,0.016666666666666666,0
922,Reactive,,1,68,68,1.1333333333333333,0,1,100,50.0,75.0,0.016666666666666666,0
923,Reactive,,1,61,61,1.0166666666666666,0,1,100,50.0,75.0,0.016666666666666666,0
924,Reactive,,1,65,65,1.0833333333333333,0,1,100,50.0,75.0,0.016666666666666666,0
925,Reactive,,2,85,85,1.4166666666666667,0,2,200,50.0,75.0,0.03333333333333333,0
926,Reactive,,2,65,65,1.0833333333333333,0,2,200,50.0,75.0,0.03333333333333333,0
927,Reactive,,2,70,70,1.1666666666666667,0,2,200,50.0,75.0,0.03333333333333333,0
928,Reactive,,2,64,64,1.0666666666666667,0,2,200,50.0,75.0,0.03333333333333333,0
929,Reactive,,2,67,67,1.1166666666666667,0,2,200,50.0,75.0,0.03333333333333333,0
930,Reactive,,2,66,66,1.1,0,2,200,50.0,75.0,0.03333333333333333,0
931,Reactive,,2,70,70,1.1666666666666667,0,2,200,50.0,75.0,0.03333333333333333,0
932,Reactive,,2,77,77,1.2833333333333334,0,2,200,50.0,75.0,0.03333333333333333,0
933,Reactive,,2,82,82,1.3666666666666667,0,2,200,50.0,75.0,0.03333333333333333,0
934,Reactive,,2,69,69,1.15,0,2,200,50.0,75.0,0.03333333333333333,0
935,Reactive,,2,71,71,1.1833333333333333,0,2,200,50.0,75.0,0.03333333333333333,0
936,Reactive,,1,54,54,0.9,0,1,100,50.0,75.0,0.016666666666666666,0
937,Reactive,,1,64,64,1.0666666666666667,0,1,100,50.0,75.0,0.016666666666666666,0
938,Reactive,,1,75,75,1.25,0,1,100,50.0,75.0,0.016666666666666666,0
939,Reactive,,1,74,74,1.2333333333333334,0,1,100,50.0,75.0,0.016666666666666666,0
940,Reactive,,1,67,67,1.1166666666666667,0,1,100,50.0,75.0,0.016666666666666666,0
941,Reactive,,1,74,74,1.2333333333333334,0,1,100,50.0,75.0,0.016666666666666666,0
942,Reactive,,1,70,70,1.1666666666666667,0,1,100,50.0,75.0,0.016666666666666666,0
943,Reactive,,1,77,77,1.2833333333333334,0,1,100,50.0,75.0,0.016666666666666666,0
944,Reactive,,1,67,67,1.1166666666666667,0,1,100,50.0,75.0,0.016666666666666666,0
945,Reactive,,1,61,61,1.0166666666666666,0,1,100,50.0,75.0,0.016666666666666666,0
946,Reactive,,1,68,68,1.1333333333333333,0,1,100,50.0,75.0,0.016666666666666666,0
947,Reactive,,1,35,35,0.5833333333333334,0,1,100,50.0,75.0,0.016666666666666666,0
948,Reactive,,1,68,68,1.1333333333333333,0,1,100,50.0,75.0,0.016666666666666666,0
949,Reactive,,1,28,28,0.4666666666666667,0,1,100,50.0,75.0,0.016666666666666666,0
950,Reactive,,1,47,47,0.7833333333333333,0,1,100,50.0,75.0,0.016666666666666666,0
951,Reactive,,1,68,68,1.1333333333333333,0,1,100,50.0,75.0,0.016666666666666666,0
952,Reactive,,1,69,69,1.15,0,1,100,50.0,75.0,0.016666666666666666,0
953,Reactive,,1,52,52,0.8666666666666667,0,1,100,50.0,75.0,0.016666666666666666,0
954,Reactive,,1,57,57,0.95,0,1,100,50.0,75.0,0.016666666666666666,0
955,Reactive,,1,77,77,1.2833333333333334,0,1,100,50.0,75.0,0.016666666666666666,0
956,Reactive,,1,59,59,0.9833333333333333,0,1,100,50.0,75.0,0.016666666666666666,0
957,Reactive,,2,86,86,1.4333333333333333,0,2,200,50.0,75.0,0.03333333333333333,0
958,Reactive,,2,63,63,1.05,0,2,200,50.0,75.0,0.03333333333333333,0
959,Reactive,,2,67,67,1.1166666666666667,0,2,200,50.0,75.0,0.03333333333333333,0
960,Reactive,,2,79,79,1.3166666666666667,0,2,200,50.0,75.0,0.03333333333333333,0
961,Reactive,,2,64,64,1.0666666666666667,0,2,200,50.0,75.0,0.03333333333333333,0
962,Reactive,,1,52,52,0.8666666666666667,0,1,100,50.0,75.0,0.016666666666666666,0
963,Reactive,,1,61,61,1.0166666666666666,0,1,100,50.0,75.0,0.016666666666666666,0
964,Reactive,,1,62,62,1.0333333333333334,0,1,100,50.0,75.0,0.016666666666666666,0
965,Reactive,,1,48,48,0.8,0,1,100,50.0,75.0,0.016666666666666666,0
966,Reactive,,1,59,59,0.9833333333333333,0,1,100,50.0,75.0,0.016666666666666666,0
967,Reactive,,1,54,54,0.9,0,1,100,50.0,75.0,0.016666666666666666,0
968,Reactive,,1,71,71,1.1833333333333333,0,1,100,50.0,75.0,0.016666666666666666,0
969,Reactive,,1,62,62,1.0333333333333334,0,1,100,50.0,75.0,0.016666666666666666,0
970,Reactive,,1,59,59,0.9833333333333333,0,1,100,50.0,75.0,0.016666666666666666,0
971,Reactive,,1,60,60,1.0,0,1,100,50.0,75.0,0.016666666666666666,0
972,Reactive,,1,64,64,1.0666666666666667,0,1,100,50.0,75.0,0.016666666666666666,0
973,Reactive,,1,67,67,1.1166666666666667,0,1,100,50.0,75.0,0.016666666666666666,0
974,Reactive,,1,51,51,0.85,0,1,100,50.0,75.0,0.016666666666666666,0
975,Reactive,,1,51,51,0.85,0,1,100,50.0,75.0,0.016666666666666666,0
976,Reactive,,1,72,72,1.2,0,1,100,50.0,75.0,0.016666666666666666,0
977,Reactive,,1,57,57,0.95,0,1,100,50.0,75.0,0.016666666666666666,0
978,Reactive,,1,47,47,0.7833333333333333,0,1,100,50.0,75.0,0.016666666666666666,0
979,Reactive,,1,65,65,1.0833333333333333,0,1,100,50.0,75.0,0.016666666666666666,0
980,Reactive,,1,65,65,1.0833333333333333,0,1,100,50.0,75.0,0.016666666666666666,0
981,Reactive,,1,45,45,0.75,0,1,100,50.0,75.0,0.016666666666666666,0
982,Reactive,,1,63,63,1.05,0,1,100,50.0,75.0,0.016666666666666666,0
983,Reactive,,1,68,68,1.1333333333333333,0,1,100,50.0,75.0,0.016666666666666666,0
984,Reactive,,1,64,64,1.0666666666666667,0,1,100,50.0,75.0,0.016666666666666666,0
985,Reactive,,1,67,67,1.1166666666666667,0,1,100,50.0,75.0,0.016666666666666666,0
986,Reactive,,1,46,46,0.7666666666666667,0,1,100,50.0,75.0,0.016666666666666666,0
987,Reactive,,1,64,64,1.0666666666666667,0,1,100,50.0,75.0,0.016666666666666666,0
988,Reactive,,1,57,57,0.95,0,1,100,50.0,75.0,0.016666666666666666,0
989,Reactive,,1,55,55,0.9166666666666666,0,1,100,50.0,75.0,0.016666666666666666,0
990,Reactive,,1,69,69,1.15,0,1,100,50.0,75.0,0.016666666666666666,0
991,Reactive,,1,75,75,1.25,0,1,100,50.0,75.0,0.016666666666666666,0
992,Reactive,,1,78,78,1.3,0,1,100,50.0,75.0,0.016666666666666666,0
993,Reactive,,1,73,73,1.2166666666666666,0,1,100,50.0,75.0,0.016666666666666666,0
994,Reactive,,1,59,59,0.9833333333333333,0,1,100,50.0,75.0,0.016666666666666666,0
995,Reactive,,1,63,63,1.05,0,1,100,50.0,75.0,0.016666666666666666,0
996,Reactive,,1,67,67,1.1166666666666667,0,1,100,50.0,75.0,0.016666666666666666,0
997,Reactive,,1,61,61,1.0166666666666666,0,1,100,50.0,75.0,0.016666666666666666,0
998,Reactive,,1,61,61,1.0166666666666666,0,1,100,50.0,75.0,0.016666666666666666,0
999,Reactive,,1,68,68,1.1333333333333333,0,1,100,50.0,75.0,0.016666666666666666,0
1000,Reactive,,1,59,59,0.9833333333333333,0,1,100,50.0,75.0,0.016666666666666666,0
1001,Reactive,,1,52,52,0.8666666666666667,0,1,100,50.0,75.0,0.016666666666666666,0
1002,Reactive,,1,55,55,0.9166666666666666,0,1,100,50.0,75.0,0.016666666666666666,0
1003,Reactive,,1,66,66,1.1,0,1,100,50.0,75.0,0.016666666666666666,0
1004,Reactive,,1,59,59,0.9833333333333333,0,1,100,50.0,75.0,0.016666666666666666,0
1005,Reactive,,1,63,63,1.05,0,1,100,50.0,75.0,0.016666666666666666,0
1006,Reactive,,1,66,66,1.1,0,1,100,50.0,75.0,0.016666666666666666,0
1007,Reactive,,1,55,55,0.9166666666666666,0,1,100,50.0,75.0,0.016666666666666666,0
1008,Reactive,,1,67,67,1.1166666666666667,0,1,100,50.0,75.0,0.016666666666666666,0
1009,Reactive,,1,63,63,1.05,0,1,100,50.0,75.0,0.016666666666666666,0
1010,Reactive,,1,47,47,0.7833333333333333,0,1,100,50.0,75.0,0.016666666666666666,0
1011,Reactive,,1,73,73,1.2166666666666666,0,1,100,50.0,75.0,0.016666666666666666,0
1012,Reactive,,1,54,54,0.9,0,1,100,50.0,75.0,0.016666666666666666,0
1013,Reactive,,1,42,42,0.7,0,1,100,50.0,75.0,0.016666666666666666,0
1014,Reactive,,1,48,48,0.8,0,1,100,50.0,75.0,0.016666666666666666,0
1015,Reactive,,1,48,48,0.8,0,1,100,50.0,75.0,0.016666666666666666,0
1016,Reactive,,1,59,59,0.9833333333333333,0,1,100,50.0,75.0,0.016666666666666666,0
1017,Reactive,,1,56,56,0.9333333333333333,0,1,100,50.0,75.0,0.016666666666666666,0
1018,Reactive,,1,55,55,0.9166666666666666,0,1,100,50.0,75.0,0.016666666666666666,0
1019,Reactive,,1,65,65,1.0833333333333333,0,1,100,50.0,75.0,0.016666666666666666,0
1020,Reactive,,1,61,61,1.0166666666666666,0,1,100,50.0,75.0,0.016666666666666666,0
1021,Reactive,,1,61,61,1.0166666666666666,0,1,100,50.0,75.0,0.016666666666666666,0
1022,Reactive,,1,62,62,1.0333333333333334,0,1,100,50.0,75.0,0.016666666666666666,0
1023,Reactive,,1,64,64,1.0666666666666667,0,1,100,50.0,75.0,0.016666666666666666,0
1024,Reactive,,1,36,36,0.6,0,1,100,50.0,75.0,0.016666666666666666,0
1025,Reactive,,1,54,54,0.9,0,1,100,50.0,75.0,0.016666666666666666,0
1026,Reactive,,1,36,36,0.6,0,1,100,50.0,75.0,0.016666666666666666,0
1027,Reactive,,1,58,58,0.9666666666666667,0,1,100,50.0,75.0,0.016666666666666666,0
1028,Reactive,,1,57,57,0.95,0,1,100,50.0,75.0,0.016666666666666666,0
1029,Reactive,,1,68,68,1.1333333333333333,0,1,100,50.0,75.0,0.016666666666666666,0
1030,Reactive,,1,69,69,1.15,0,1,100,50.0,75.0,0.016666666666666666,0
1031,Reactive,,1,59,59,0.9833333333333333,0,1,100,50.0,75.0,0.016666666666666666,0
1032,Reactive,,1,52,52,0.8666666666666667,0,1,100,50.0,75.0,0.016666666666666666,0
1033,Reactive,,1,62,62,1.0333333333333334,0,1,100,50.0,75.0,0.016666666666666666,0
1034,Reactive,,1,52,52,0.8666666666666667,0,1,100,50.0,75.0,0.016666666666666666,0
1035,Reactive,,1,57,57,0.95,0,1,100,50.0,75.0,0.016666666666666666,0
1036,Reactive,,1,67,67,1.1166666666666667,0,1,100,50.0,75.0,0.016666666666666666,0
1037,Reactive,,1,51,51,0.85,0,1,100,50.0,75.0,0.016666666666666666,0
1038,Reactive,,1,65,65,1.0833333333333333,0,1,100,50.0,75.0,0.016666666666666666,0
1039,Reactive,,1,64,64,1.0666666666666667,0,1,100,50.0,75.0,0.016666666666666666,0
1040,Reactive,,1,47,47,0.7833333333333333,0,1,100,50.0,75.0,0.016666666666666666,0
1041,Reactive,,1,67,67,1.1166666666666667,0,1,100,50.0,75.0,0.016666666666666666,0
1042,Reactive,,1,64,64,1.0666666666666667,0,1,100,50.0,75.0,0.016666666666666666,0
1043,Reactive,,1,58,58,0.9666666666666667,0,1,100,50.0,75.0,0.016666666666666666,0
1044,Reactive,,1,49,49,0.8166666666666667,0,1,100,50.0,75.0,0.016666666666666666,0
1045,Reactive,,1,48,48,0.8,0,1,100,50.0,75.0,0.016666666666666666,0
1046,Reactive,,1,51,51,0.85,0,1,100,50.0,75.0,0.016666666666666666,0
1047,Reactive,,1,62,62,1.0333333333333334,0,1,100,50.0,75.0,0.016666666666666666,0
1048,Reactive,,1,47,47,0.7833333333333333,0,1,100,50.0,75.0,0.016666666666666666,0
1049,Reactive,,1,61,61,1.0166666666666666,0,1,100,50.0,75.0,0.016666666666666666,0
1050,Reactive,,1,44,44,0.7333333333333333,0,1,100,50.0,75.0,0.016666666666666666,0
1051,Reactive,,1,55,55,0.9166666666666666,0,1,100,50.0,75.0,0.016666666666666666,0
1052,Reactive,,1,58,58,0.9666666666666667,0,1,100,50.0,75.0,0.016666666666666666,0
1053,Reactive,,2,81,81,1.35,0,2,200,50.0,75.0,0.03333333333333333,0
1054,Reactive,,1,43,43,0.7166666666666667,0,1,100,50.0,75.0,0.016666666666666666,0
1055,Reactive,,1,71,71,1.1833333333333333,0,1,100,50.0,75.0,0.016666666666666666,0
1056,Reactive,,1,58,58,0.9666666666666667,0,1,100,50.0,75.0,0.016666666666666666,0
1057,Reactive,,1,61,61,1.0166666666666666,0,1,100,50.0,75.0,0.016666666666666666,0
1058,Reactive,,1,58,58,0.9666666666666667,0,1,100,50.0,75.0,0.016666666666666666,0
1059,Reactive,,1,61,61,1.0166666666666666,0,1,100,50.0,75.0,0.016666666666666666,0
1060,Reactive,,1,55,55,0.9166666666666666,0,1,100,50.0,75.0,0.016666666666666666,0
1061,Reactive,,1,71,71,1.1833333333333333,0,1,100,50.0,75.0,0.016666666666666666,0
1062,Reactive,,1,52,52,0.8666666666666667,0,1,100,50.0,75.0,0.016666666666666666,0
1063,Reactive,,1,68,68,1.1333333333333333,0,1,100,50.0,75.0,0.016666666666666666,0
1064,Reactive,,1,50,50,0.8333333333333334,0,1,100,50.0,75.0,0.016666666666666666,0
1065,Reactive,,1,56,56,0.9333333333333333,0,1,100,50.0,75.0,0.016666666666666666,0
1066,Reactive,,1,46,46,0.7666666666666667,0,1,100,50.0,75.0,0.016666666666666666,0
1067,Reactive,,1,61,61,1.0166666666666666,0,1,100,50.0,75.0,0.016666666666666666,0
1068,Reactive,,1,71,71,1.1833333333333333,0,1,100,50.0,75.0,0.016666666666666666,0
1069,Reactive,,1,56,56,0.9333333333333333,0,1,100,50.0,75.0,0.016666666666666666,0
1070,Reactive,,1,54,54,0.9,0,1,100,50.0,75.0,0.016666666666666666,0
1071,Reactive,,1,45,45,0.75,0,1,100,50.0,75.0,0.016666666666666666,0
1072,Reactive,,1,54,54,0.9,0,1,100,50.0,75.0,0.016666666666666666,0
1073,Reactive,,1,40,40,0.6666666666666666,0,1,100,50.0,75.0,0.016666666666666666,0
1074,Reactive,,1,47,47,0.7833333333333333,0,1,100,50.0,75.0,0.016666666666666666,0
1075,Reactive,,1,59,59,0.9833333333333333,0,1,100,50.0,75.0,0.016666666666666666,0
1076,Reactive,,1,69,69,1.15,0,1,100,50.0,75.0,0.016666666666666666,0
1077,Reactive,,2,84,84,1.4,0,2,200,50.0,75.0,0.03333333333333333,0
1078,Reactive,,1,50,50,0.8333333333333334,0,1,100,50.0,75.0,0.016666666666666666,0
1079,Reactive,,1,71,71,1.1833333333333333,0,1,100,50.0,75.0,0.016666666666666666,0
1080,Reactive,,2,108,108,1.8,0,2,200,50.0,75.0,0.03333333333333333,0
1081,Reactive,,2,104,104,1.7333333333333334,0,2,200,50.0,75.0,0.03333333333333333,0
1082,Reactive,,2,110,110,1.8333333333333333,0,2,200,50.0,75.0,0.03333333333333333,0
1083,Reactive,,2,106,106,1.7666666666666666,0,2,200,50.0,75.0,0.03333333333333333,0
1084,Reactive,,2,107,107,1.7833333333333334,0,2,200,50.0,75.0,0.03333333333333333,0
1085,Reactive,,2,101,101,1.6833333333333333,0,2,200,50.0,75.0,0.03333333333333333,0
1086,Reactive,,2,92,92,1.5333333333333334,0,2,200,50.0,75.0,0.03333333333333333,0
1087,Reactive,,2,90,90,1.5,0,2,200,50.0,75.0,0.03333333333333333,0
1088,Reactive,,2,112,112,1.8666666666666667,0,2,200,50.0,75.0,0.03333333333333333,0
1089,Reactive,,2,103,103,1.7166666666666666,0,2,200,50.0,75.0,0.03333333333333333,0
1090,Reactive,,2,100,100,1.6666666666666667,0,2,200,50.0,75.0,0.03333333333333333,0
1091,Reactive,,2,106,106,1.7666666666666666,0,2,200,50.0,75.0,0.03333333333333333,0
1092,Reactive,,2,114,114,1.9,0,2,200,50.0,75.0,0.03333333333333333,0
1093,Reactive,,2,107,107,1.7833333333333334,0,2,200,50.0,75.0,0.03333333333333333,0
1094,Reactive,,2,99,99,1.65,0,2,200,50.0,75.0,0.03333333333333333,0
1095,Reactive,,2,118,118,1.9666666666666666,0,2,200,50.0,75.0,0.03333333333333333,0
1096,Reactive,,2,121,121,2.0166666666666666,0,2,200,50.0,75.0,0.03333333333333333,0
1097,Reactive,,2,111,111,1.85,0,2,200,50.0,75.0,0.03333333333333333,0
1098,Reactive,,2,115,115,1.9166666666666667,0,2,200,50.0,75.0,0.03333333333333333,0
1099,Reactive,,2,118,118,1.9666666666666666,0,2,200,50.0,75.0,0.03333333333333333,0
1100,Reactive,,2,117,117,1.95,0,2,200,50.0,75.0,0.03333333333333333,0
1101,Reactive,,2,112,112,1.8666666666666667,0,2,200,50.0,75.0,0.03333333333333333,0
1102,Reactive,,2,112,112,1.8666666666666667,0,2,200,50.0,75.0,0.03333333333333333,0
1103,Reactive,,2,111,111,1.85,0,2,200,50.0,75.0,0.03333333333333333,0
1104,Reactive,,3,264,264,4.4,0,3,300,50.0,75.0,0.05,0
1105,Reactive,,3,113,113,1.8833333333333333,0,3,300,50.0,75.0,0.05,0
1106,Reactive,,3,92,92,1.5333333333333334,0,3,300,50.0,75.0,0.05,0
1107,Reactive,,3,98,98,1.6333333333333333,0,3,300,50.0,75.0,0.05,0
1108,Reactive,,3,119,119,1.9833333333333334,0,3,300,50.0,75.0,0.05,0
1109,Reactive,,3,114,114,1.9,0,3,300,50.0,75.0,0.05,0
1110,Reactive,,3,121,121,2.0166666666666666,0,3,300,50.0,75.0,0.05,0
1111,Reactive,,3,103,103,1.7166666666666666,0,3,300,50.0,75.0,0.05,0
1112,Reactive,,3,94,94,1.5666666666666667,0,3,300,50.0,75.0,0.05,0
1113,Reactive,,3,104,104,1.7333333333333334,0,3,300,50.0,75.0,0.05,0
1114,Reactive,,3,107,107,1.7833333333333334,0,3,300,50.0,75.0,0.05,0
1115,Reactive,,3,107,107,1.7833333333333334,0,3,300,50.0,75.0,0.05,0
1116,Reactive,,3,117,117,1.95,0,3,300,50.0,75.0,0.05,0
1117,Reactive,,3,102,102,1.7,0,3,300,50.0,75.0,0.05,0
1118,Reactive,,3,110,110,1.8333333333333333,0,3,300,50.0,75.0,0.05,0
1119,Reactive,,3,96,96,1.6,0,3,300,50.0,75.0,0.05,0
1120,Reactive,,3,111,111,1.85,0,3,300,50.0,75.0,0.05,0
1121,Reactive,,4,306,306,5.1,0,4,400,50.0,75.0,0.06666666666666667,0
1122,Reactive,,4,299,299,4.983333333333333,0,4,400,50.0,75.0,0.06666666666666667,0
1123,Reactive,,4,304,304,5.066666666666666,0,4,400,50.0,75.0,0.06666666666666667,0
1124,Reactive,,4,304,304,5.066666666666666,0,4,400,50.0,75.0,0.06666666666666667,0
1125,Reactive,,4,304,304,5.066666666666666,0,4,400,50.0,75.0,0.06666666666666667,0
1126,Reactive,,5,324,324,5.4,0,5,500,50.0,75.0,0.08333333333333333,0
1127,Reactive,,5,305,305,5.083333333333333,0,5,500,50.0,75.0,0.08333333333333333,0
1128,Reactive,,5,304,304,5.066666666666666,0,5,500,50.0,75.0,0.08333333333333333,0
1129,Reactive,,5,285,285,4.75,0,5,500,50.0,75.0,0.08333333333333333,0
1130,Reactive,,5,298,298,4.966666666666667,0,5,500,50.0,75.0,0.08333333333333333,0
1131,Reactive,,5,304,304,5.066666666666666,0,5,500,50.0,75.0,0.08333333333333333,0
1132,Reactive,,5,300,300,5.0,0,5,500,50.0,75.0,0.08333333333333333,0
1133,Reactive,,4,120,120,2.0,0,4,400,50.0,75.0,0.06666666666666667,0
1134,Reactive,,3,105,105,1.75,0,3,300,50.0,75.0,0.05,0
1135,Reactive,,3,120,120,2.0,0,3,300,50.0,75.0,0.05,0
1136,Reactive,,3,107,107,1.7833333333333334,0,3,300,50.0,75.0,0.05,0
1137,Reactive,,3,107,107,1.7833333333333334,0,3,300,50.0,75.0,0.05,0
1138,Reactive,,3,106,106,1.7666666666666666,0,3,300,50.0,75.0,0.05,0
1139,Reactive,,3,107,107,1.7833333333333334,0,3,300,50.0,75.0,0.05,0
1140,Reactive,,3,123,123,2.05,0,3,300,50.0,75.0,0.05,0
1141,Reactive,,2,83,83,1.3833333333333333,0,2,200,50.0,75.0,0.03333333333333333,0
1142,Reactive,,2,86,86,1.4333333333333333,0,2,200,50.0,75.0,0.03333333333333333,0
1143,Reactive,,2,101,101,1.6833333333333333,0,2,200,50.0,75.0,0.03333333333333333,0
1144,Reactive,,2,107,107,1.7833333333333334,0,2,200,50.0,75.0,0.03333333333333333,0
1145,Reactive,,2,113,113,1.8833333333333333,0,2,200,50.0,75.0,0.03333333333333333,0
1146,Reactive,,2,111,111,1.85,0,2,200,50.0,75.0,0.03333333333333333,0
1147,Reactive,,2,103,103,1.7166666666666666,0,2,200,50.0,75.0,0.03333333333333333,0
1148,Reactive,,2,117,117,1.95,0,2,200,50.0,75.0,0.03333333333333333,0
1149,Reactive,,2,117,117,1.95,0,2,200,50.0,75.0,0.03333333333333333,0
1150,Reactive,,2,109,109,1.8166666666666667,0,2,200,50.0,75.0,0.03333333333333333,0
1151,Reactive,,2,116,116,1.9333333333333333,0,2,200,50.0,75.0,0.03333333333333333,0
1152,Reactive,,2,110,110,1.8333333333333333,0,2,200,50.0,75.0,0.03333333333333333,0
1153,Reactive,,2,101,101,1.6833333333333333,0,2,200,50.0,75.0,0.03333333333333333,0
1154,Reactive,,2,114,114,1.9,0,2,200,50.0,75.0,0.03333333333333333,0
1155,Reactive,,2,108,108,1.8,0,2,200,50.0,75.0,0.03333333333333333,0
1156,Reactive,,2,107,107,1.7833333333333334,0,2,200,50.0,75.0,0.03333333333333333,0
1157,Reactive,,2,122,122,2.033333333333333,0,2,200,50.0,75.0,0.03333333333333333,0
1158,Reactive,,2,83,83,1.3833333333333333,0,2,200,50.0,75.0,0.03333333333333333,0
1159,Reactive,,2,93,93,1.55,0,2,200,50.0,75.0,0.03333333333333333,0
1160,Reactive,,2,95,95,1.5833333333333333,0,2,200,50.0,75.0,0.03333333333333333,0
1161,Reactive,,2,104,104,1.7333333333333334,0,2,200,50.0,75.0,0.03333333333333333,0
1162,Reactive,,2,105,105,1.75,0,2,200,50.0,75.0,0.03333333333333333,0
1163,Reactive,,2,92,92,1.5333333333333334,0,2,200,50.0,75.0,0.03333333333333333,0
1164,Reactive,,2,98,98,1.6333333333333333,0,2,200,50.0,75.0,0.03333333333333333,0
1165,Reactive,,2,99,99,1.65,0,2,200,50.0,75.0,0.03333333333333333,0
1166,Reactive,,2,132,132,2.2,0,2,200,50.0,75.0,0.03333333333333333,0
1167,Reactive,,2,126,126,2.1,0,2,200,50.0,75.0,0.03333333333333333,0
1168,Reactive,,2,104,104,1.7333333333333334,0,2,200,50.0,75.0,0.03333333333333333,0
1169,Reactive,,2,104,104,1.7333333333333334,0,2,200,50.0,75.0,0.03333333333333333,0
1170,Reactive,,2,96,96,1.6,0,2,200,50.0,75.0,0.03333333333333333,0
1171,Reactive,,2,89,89,1.4833333333333334,0,2,200,50.0,75.0,0.03333333333333333,0
1172,Reactive,,2,107,107,1.7833333333333334,0,2,200,50.0,75.0,0.03333333333333333,0
1173,Reactive,,2,98,98,1.6333333333333333,0,2,200,50.0,75.0,0.03333333333333333,0
1174,Reactive,,2,107,107,1.7833333333333334,0,2,200,50.0,75.0,0.03333333333333333,0
1175,Reactive,,2,92,92,1.5333333333333334,0,2,200,50.0,75.0,0.03333333333333333,0
1176,Reactive,,2,101,101,1.6833333333333333,0,2,200,50.0,75.0,0.03333333333333333,0
1177,Reactive,,2,110,110,1.8333333333333333,0,2,200,50.0,75.0,0.03333333333333333,0
1178,Reactive,,2,112,112,1.8666666666666667,0,2,200,50.0,75.0,0.03333333333333333,0
1179,Reactive,,3,313,300,5.0,13,3,300,58.666666666666664,96.66666666666667,0.05,0
1180,Reactive,,4,295,308,5.133333333333334,0,4,400,50.0,75.0,0.06666666666666667,0
1181,Reactive,,4,317,317,5.283333333333333,0,4,400,50.0,75.0,0.06666666666666667,0
1182,Reactive,,4,301,301,5.016666666666667,0,4,400,50.0,75.0,0.06666666666666667,0
1183,Reactive,,4,315,315,5.25,0,4,400,50.0,75.0,0.06666666666666667,0
1184,Reactive,,4,309,309,5.15,0,4,400,50.0,75.0,0.06666666666666667,0
1185,Reactive,,4,295,295,4.916666666666667,0,4,400,50.0,75.0,0.06666666666666667,0
1186,Reactive,,4,306,306,5.1,0,4,400,50.0,75.0,0.06666666666666667,0
1187,Reactive,,4,313,313,5.216666666666667,0,4,400,50.0,75.0,0.06666666666666667,0
1188,Reactive,,4,315,315,5.25,0,4,400,50.0,75.0,0.06666666666666667,0
1189,Reactive,,4,308,308,5.133333333333334,0,4,400,50.0,75.0,0.06666666666666667,0
1190,Reactive,,5,325,325,5.416666666666667,0,5,500,50.0,75.0,0.08333333333333333,0
1191,Reactive,,4,119,119,1.9833333333333334,0,4,400,50.0,75.0,0.06666666666666667,0
1192,Reactive,,3,107,107,1.7833333333333334,0,3,300,50.0,75.0,0.05,0
1193,Reactive,,3,117,117,1.95,0,3,300,50.0,75.0,0.05,0
1194,Reactive,,3,129,129,2.15,0,3,300,50.0,75.0,0.05,0
1195,Reactive,,3,129,129,2.15,0,3,300,50.0,75.0,0.05,0
1196,Reactive,,3,98,98,1.6333333333333333,0,3,300,50.0,75.0,0.05,0
1197,Reactive,,3,101,101,1.6833333333333333,0,3,300,50.0,75.0,0.05,0
1198,Reactive,,3,125,125,2.0833333333333335,0,3,300,50.0,75.0,0.05,0
1199,Reactive,,3,100,100,1.6666666666666667,0,3,300,50.0,75.0,0.05,0
1200,Reactive,,3,96,96,1.6,0,3,300,50.0,75.0,0.05,0
1201,Reactive,,3,105,105,1.75,0,3,300,50.0,75.0,0.05,0
1202,Reactive,,3,114,114,1.9,0,3,300,50.0,75.0,0.05,0
1203,Reactive,,3,109,109,1.8166666666666667,0,3,300,50.0,75.0,0.05,0
1204,Reactive,,3,103,103,1.7166666666666666,0,3,300,50.0,75.0,0.05,0
1205,Reactive,,3,103,103,1.7166666666666666,0,3,300,50.0,75.0,0.05,0
1206,Reactive,,3,103,103,1.7166666666666666,0,3,300,50.0,75.0,0.05,0
1207,Reactive,,3,101,101,1.6833333333333333,0,3,300,50.0,75.0,0.05,0
1208,Reactive,,3,133,133,2.216666666666667,0,3,300,50.0,75.0,0.05,0
1209,Reactive,,3,113,113,1.8833333333333333,0,3,300,50.0,75.0,0.05,0
1210,Reactive,,3,119,119,1.9833333333333334,0,3,300,50.0,75.0,0.05,0
1211,Reactive,,3,106,106,1.7666666666666666,0,3,300,50.0,75.0,0.05,0
1212,Reactive,,3,109,109,1.8166666666666667,0,3,300,50.0,75.0,0.05,0
1213,Reactive,,3,104,104,1.7333333333333334,0,3,300,50.0,75.0,0.05,0
1214,Reactive,,2,84,84,1.4,0,2,200,50.0,75.0,0.03333333333333333,0
1215,Reactive,,2,97,97,1.6166666666666667,0,2,200,50.0,75.0,0.03333333333333333,0
1216,Reactive,,2,93,93,1.55,0,2,200,50.0,75.0,0.03333333333333333,0
1217,Reactive,,2,89,89,1.4833333333333334,0,2,200,50.0,75.0,0.03333333333333333,0
1218,Reactive,,2,99,99,1.65,0,2,200,50.0,75.0,0.03333333333333333,0
1219,Reactive,,2,124,124,2.066666666666667,0,2,200,50.0,75.0,0.03333333333333333,0
1220,Reactive,,2,111,111,1.85,0,2,200,50.0,75.0,0.03333333333333333,0
1221,Reactive,,2,124,124,2.066666666666667,0,2,200,50.0,75.0,0.03333333333333333,0
1222,Reactive,,2,116,116,1.9333333333333333,0,2,200,50.0,75.0,0.03333333333333333,0
1223,Reactive,,2,119,119,1.9833333333333334,0,2,200,50.0,75.0,0.03333333333333333,0
1224,Reactive,,2,103,103,1.7166666666666666,0,2,200,50.0,75.0,0.03333333333333333,0
1225,Reactive,,2,117,117,1.95,0,2,200,50.0,75.0,0.03333333333333333,0
1226,Reactive,,2,119,119,1.9833333333333334,0,2,200,50.0,75.0,0.03333333333333333,0
1227,Reactive,,2,106,106,1.7666666666666666,0,2,200,50.0,75.0,0.03333333333333333,0
1228,Reactive,,2,118,118,1.9666666666666666,0,2,200,50.0,75.0,0.03333333333333333,0
1229,Reactive,,2,118,118,1.9666666666666666,0,2,200,50.0,75.0,0.03333333333333333,0
1230,Reactive,,2,107,107,1.7833333333333334,0,2,200,50.0,75.0,0.03333333333333333,0
1231,Reactive,,2,101,101,1.6833333333333333,0,2,200,50.0,75.0,0.03333333333333333,0
1232,Reactive,,2,101,101,1.6833333333333333,0,2,200,50.0,75.0,0.03333333333333333,0
1233,Reactive,,2,114,114,1.9,0,2,200,50.0,75.0,0.03333333333333333,0
1234,Reactive,,2,116,116,1.9333333333333333,0,2,200,50.0,75.0,0.03333333333333333,0
1235,Reactive,,2,105,105,1.75,0,2,200,50.0,75.0,0.03333333333333333,0
1236,Reactive,,2,113,113,1.8833333333333333,0,2,200,50.0,75.0,0.03333333333333333,0
1237,Reactive,,2,119,119,1.9833333333333334,0,2,200,50.0,75.0,0.03333333333333333,0
1238,Reactive,,2,119,119,1.9833333333333334,0,2,200,50.0,75.0,0.03333333333333333,0
1239,Reactive,,2,129,129,2.15,0,2,200,50.0,75.0,0.03333333333333333,0
1240,Reactive,,2,126,126,2.1,0,2,200,50.0,75.0,0.03333333333333333,0
1241,Reactive,,2,104,104,1.7333333333333334,0,2,200,50.0,75.0,0.03333333333333333,0
1242,Reactive,,2,131,131,2.183333333333333,0,2,200,50.0,75.0,0.03333333333333333,0
1243,Reactive,,2,108,108,1.8,0,2,200,50.0,75.0,0.03333333333333333,0
1244,Reactive,,2,124,124,2.066666666666667,0,2,200,50.0,75.0,0.03333333333333333,0
1245,Reactive,,2,115,115,1.9166666666666667,0,2,200,50.0,75.0,0.03333333333333333,0
1246,Reactive,,2,110,110,1.8333333333333333,0,2,200,50.0,75.0,0.03333333333333333,0
1247,Reactive,,2,96,96,1.6,0,2,200,50.0,75.0,0.03333333333333333,0
1248,Reactive,,2,113,113,1.8833333333333333,0,2,200,50.0,75.0,0.03333333333333333,0
1249,Reactive,,2,99,99,1.65,0,2,200,50.0,75.0,0.03333333333333333,0
1250,Reactive,,3,319,300,5.0,19,3,300,62.666666666666664,106.66666666666667,0.05,0
1251,Reactive,,3,130,149,2.4833333333333334,0,3,300,50.0,75.0,0.05,0
1252,Reactive,,3,107,107,1.7833333333333334,0,3,300,50.0,75.0,0.05,0
1253,Reactive,,3,118,118,1.9666666666666666,0,3,300,50.0,75.0,0.05,0
1254,Reactive,,3,108,108,1.8,0,3,300,50.0,75.0,0.05,0
1255,Reactive,,3,109,109,1.8166666666666667,0,3,300,50.0,75.0,0.05,0
1256,Reactive,,3,123,123,2.05,0,3,300,50.0,75.0,0.05,0
1257,Reactive,,3,115,115,1.9166666666666667,0,3,300,50.0,75.0,0.05,0
1258,Reactive,,3,133,133,2.216666666666667,0,3,300,50.0,75.0,0.05,0
1259,Reactive,,3,111,111,1.85,0,3,300,50.0,75.0,0.05,0
1260,Reactive,,3,125,125,2.0833333333333335,0,3,300,50.0,75.0,0.05,0
1261,Reactive,,3,116,116,1.9333333333333333,0,3,300,50.0,75.0,0.05,0
1262,Reactive,,3,123,123,2.05,0,3,300,50.0,75.0,0.05,0
1263,Reactive,,3,111,111,1.85,0,3,300,50.0,75.0,0.05,0
1264,Reactive,,3,115,115,1.9166666666666667,0,3,300,50.0,75.0,0.05,0
1265,Reactive,,3,115,115,1.9166666666666667,0,3,300,50.0,75.0,0.05,0
1266,Reactive,,3,107,107,1.7833333333333334,0,3,300,50.0,75.0,0.05,0
1267,Reactive,,3,123,123,2.05,0,3,300,50.0,75.0,0.05,0
1268,Reactive,,3,123,123,2.05,0,3,300,50.0,75.0,0.05,0
1269,Reactive,,3,122,122,2.033333333333333,0,3,300,50.0,75.0,0.05,0
1270,Reactive,,3,132,132,2.2,0,3,300,50.0,75.0,0.05,0
1271,Reactive,,3,131,131,2.183333333333333,0,3,300,50.0,75.0,0.05,0
1272,Reactive,,3,113,113,1.8833333333333333,0,3,300,50.0,75.0,0.05,0
1273,Reactive,,3,120,120,2.0,0,3,300,50.0,75.0,0.05,0
1274,Reactive,,3,111,111,1.85,0,3,300,50.0,75.0,0.05,0
1275,Reactive,,3,117,117,1.95,0,3,300,50.0,75.0,0.05,0
1276,Reactive,,3,111,111,1.85,0,3,300,50.0,75.0,0.05,0
1277,Reactive,,3,133,133,2.216666666666667,0,3,300,50.0,75.0,0.05,0
1278,Reactive,,3,121,121,2.0166666666666666,0,3,300,50.0,75.0,0.05,0
1279,Reactive,,3,115,115,1.9166666666666667,0,3,300,50.0,75.0,0.05,0
1280,Reactive,,3,130,130,2.1666666666666665,0,3,300,50.0,75.0,0.05,0
1281,Reactive,,3,96,96,1.6,0,3,300,50.0,75.0,0.05,0
1282,Reactive,,3,98,98,1.6333333333333333,0,3,300,50.0,75.0,0.05,0
1283,Reactive,,3,126,126,2.1,0,3,300,50.0,75.0,0.05,0
1284,Reactive,,3,119,119,1.9833333333333334,0,3,300,50.0,75.0,0.05,0
1285,Reactive,,3,121,121,2.0166666666666666,0,3,300,50.0,75.0,0.05,0
1286,Reactive,,3,105,105,1.75,0,3,300,50.0,75.0,0.05,0
1287,Reactive,,3,118,118,1.9666666666666666,0,3,300,50.0,75.0,0.05,0
1288,Reactive,,3,139,139,2.316666666666667,0,3,300,50.0,75.0,0.05,0
1289,Reactive,,3,127,127,2.1166666666666667,0,3,300,50.0,75.0,0.05,0
1290,Reactive,,3,121,121,2.0166666666666666,0,3,300,50.0,75.0,0.05,0
1291,Reactive,,3,115,115,1.9166666666666667,0,3,300,50.0,75.0,0.05,0
1292,Reactive,,3,115,115,1.9166666666666667,0,3,300,50.0,75.0,0.05,0
1293,Reactive,,3,98,98,1.6333333333333333,0,3,300,50.0,75.0,0.05,0
1294,Reactive,,3,122,122,2.033333333333333,0,3,300,50.0,75.0,0.05,0
1295,Reactive,,3,128,128,2.1333333333333333,0,3,300,50.0,75.0,0.05,0
1296,Reactive,,3,104,104,1.7333333333333334,0,3,300,50.0,75.0,0.05,0
1297,Reactive,,3,113,113,1.8833333333333333,0,3,300,50.0,75.0,0.05,0
1298,Reactive,,3,109,109,1.8166666666666667,0,3,300,50.0,75.0,0.05,0
1299,Reactive,,3,111,111,1.85,0,3,300,50.0,75.0,0.05,0
1300,Reactive,,3,121,121,2.0166666666666666,0,3,300,50.0,75.0,0.05,0
1301,Reactive,,3,100,100,1.6666666666666667,0,3,300,50.0,75.0,0.05,0
1302,Reactive,,3,127,127,2.1166666666666667,0,3,300,50.0,75.0,0.05,0
1303,Reactive,,3,128,128,2.1333333333333333,0,3,300,50.0,75.0,0.05,0
1304,Reactive,,3,119,119,1.9833333333333334,0,3,300,50.0,75.0,0.05,0
1305,Reactive,,3,96,96,1.6,0,3,300,50.0,75.0,0.05,0
1306,Reactive,,3,111,111,1.85,0,3,300,50.0,75.0,0.05,0
1307,Reactive,,3,134,134,2.2333333333333334,0,3,300,50.0,75.0,0.05,0
1308,Reactive,,3,94,94,1.5666666666666667,0,3,300,50.0,75.0,0.05,0
1309,Reactive,,3,118,118,1.9666666666666666,0,3,300,50.0,75.0,0.05,0
1310,Reactive,,3,110,110,1.8333333333333333,0,3,300,50.0,75.0,0.05,0
1311,Reactive,,3,130,130,2.1666666666666665,0,3,300,50.0,75.0,0.05,0
1312,Reactive,,3,115,115,1.9166666666666667,0,3,300,50.0,75.0,0.05,0
1313,Reactive,,3,126,126,2.1,0,3,300,50.0,75.0,0.05,0
1314,Reactive,,3,128,128,2.1333333333333333,0,3,300,50.0,75.0,0.05,0
1315,Reactive,,3,141,141,2.35,0,3,300,50.0,75.0,0.05,0
1316,Reactive,,3,121,121,2.0166666666666666,0,3,300,50.0,75.0,0.05,0
1317,Reactive,,3,127,127,2.1166666666666667,0,3,300,50.0,75.0,0.05,0
1318,Reactive,,3,108,108,1.8,0,3,300,50.0,75.0,0.05,0
1319,Reactive,,3,135,135,2.25,0,3,300,50.0,75.0,0.05,0
1320,Reactive,,2,65,65,1.0833333333333333,0,2,200,50.0,75.0,0.03333333333333333,0
1321,Reactive,,2,67,67,1.1166666666666667,0,2,200,50.0,75.0,0.03333333333333333,0
1322,Reactive,,2,73,73,1.2166666666666666,0,2,200,50.0,75.0,0.03333333333333333,0
1323,Reactive,,1,58,58,0.9666666666666667,0,1,100,50.0,75.0,0.016666666666666666,0
1324,Reactive,,1,76,76,1.2666666666666666,0,1,100,50.0,75.0,0.016666666666666666,0
1325,Reactive,,2,83,83,1.3833333333333333,0,2,200,50.0,75.0,0.03333333333333333,0
1326,Reactive,,2,77,77,1.2833333333333334,0,2,200,50.0,75.0,0.03333333333333333,0
1327,Reactive,,1,58,58,0.9666666666666667,0,1,100,50.0,75.0,0.016666666666666666,0
1328,Reactive,,1,73,73,1.2166666666666666,0,1,100,50.0,75.0,0.016666666666666666,0
1329,Reactive,,2,81,81,1.35,0,2,200,50.0,75.0,0.03333333333333333,0
1330,Reactive,,1,55,55,0.9166666666666666,0,1,100,50.0,75.0,0.016666666666666666,0
1331,Reactive,,1,64,64,1.0666666666666667,0,1,100,50.0,75.0,0.016666666666666666,0
1332,Reactive,,2,83,83,1.3833333333333333,0,2,200,50.0,75.0,0.03333333333333333,0
1333,Reactive,,2,77,77,1.2833333333333334,0,2,200,50.0,75.0,0.03333333333333333,0
1334,Reactive,,2,79,79,1.3166666666666667,0,2,200,50.0,75.0,0.03333333333333333,0
1335,Reactive,,2,94,94,1.5666666666666667,0,2,200,50.0,75.0,0.03333333333333333,0
1336,Reactive,,2,80,80,1.3333333333333333,0,2,200,50.0,75.0,0.03333333333333333,0
1337,Reactive,,2,82,82,1.3666666666666667,0,2,200,50.0,75.0,0.03333333333333333,0
1338,Reactive,,2,103,103,1.7166666666666666,0,2,200,50.0,75.0,0.03333333333333333,0
1339,Reactive,,2,73,73,1.2166666666666666,0,2,200,50.0,75.0,0.03333333333333333,0
1340,Reactive,,2,68,68,1.1333333333333333,0,2,200,50.0,75.0,0.03333333333333333,0
1341,Reactive,,2,80,80,1.3333333333333333,0,2,200,50.0,75.0,0.03333333333333333,0
1342,Reactive,,2,80,80,1.3333333333333333,0,2,200,50.0,75.0,0.03333333333333333,0
1343,Reactive,,2,71,71,1.1833333333333333,0,2,200,50.0,75.0,0.03333333333333333,0
1344,Reactive,,2,66,66,1.1,0,2,200,50.0,75.0,0.03333333333333333,0
1345,Reactive,,2,100,100,1.6666666666666667,0,2,200,50.0,75.0,0.03333333333333333,0
1346,Reactive,,2,80,80,1.3333333333333333,0,2,200,50.0,75.0,0.03333333333333333,0
1347,Reactive,,2,70,70,1.1666666666666667,0,2,200,50.0,75.0,0.03333333333333333,0
1348,Reactive,,2,86,86,1.4333333333333333,0,2,200,50.0,75.0,0.03333333333333333,0
1349,Reactive,,2,76,76,1.2666666666666666,0,2,200,50.0,75.0,0.03333333333333333,0
1350,Reactive,,2,75,75,1.25,0,2,200,50.0,75.0,0.03333333333333333,0
1351,Reactive,,2,83,83,1.3833333333333333,0,2,200,50.0,75.0,0.03333333333333333,0
1352,Reactive,,2,65,65,1.0833333333333333,0,2,200,50.0,75.0,0.03333333333333333,0
1353,Reactive,,2,81,81,1.35,0,2,200,50.0,75.0,0.03333333333333333,0
1354,Reactive,,2,97,97,1.6166666666666667,0,2,200,50.0,75.0,0.03333333333333333,0
1355,Reactive,,2,83,83,1.3833333333333333,0,2,200,50.0,75.0,0.03333333333333333,0
1356,Reactive,,2,75,75,1.25,0,2,200,50.0,75.0,0.03333333333333333,0
1357,Reactive,,2,73,73,1.2166666666666666,0,2,200,50.0,75.0,0.03333333333333333,0
1358,Reactive,,2,75,75,1.25,0,2,200,50.0,75.0,0.03333333333333333,0
1359,Reactive,,2,76,76,1.2666666666666666,0,2,200,50.0,75.0,0.03333333333333333,0
1360,Reactive,,2,75,75,1.25,0,2,200,50.0,75.0,0.03333333333333333,0
1361,Reactive,,2,88,88,1.4666666666666666,0,2,200,50.0,75.0,0.03333333333333333,0
1362,Reactive,,2,62,62,1.0333333333333334,0,2,200,50.0,75.0,0.03333333333333333,0
1363,Reactive,,2,88,88,1.4666666666666666,0,2,200,50.0,75.0,0.03333333333333333,0
1364,Reactive,,2,76,76,1.2666666666666666,0,2,200,50.0,75.0,0.03333333333333333,0
1365,Reactive,,2,84,84,1.4,0,2,200,50.0,75.0,0.03333333333333333,0
1366,Reactive,,2,69,69,1.15,0,2,200,50.0,75.0,0.03333333333333333,0
1367,Reactive,,2,93,93,1.55,0,2,200,50.0,75.0,0.03333333333333333,0
1368,Reactive,,2,93,93,1.55,0,2,200,50.0,75.0,0.03333333333333333,0
1369,Reactive,,2,90,90,1.5,0,2,200,50.0,75.0,0.03333333333333333,0
1370,Reactive,,2,66,66,1.1,0,2,200,50.0,75.0,0.03333333333333333,0
1371,Reactive,,2,89,89,1.4833333333333334,0,2,200,50.0,75.0,0.03333333333333333,0
1372,Reactive,,2,85,85,1.4166666666666667,0,2,200,50.0,75.0,0.03333333333333333,0
1373,Reactive,,2,65,65,1.0833333333333333,0,2,200,50.0,75.0,0.03333333333333333,0
1374,Reactive,,2,81,81,1.35,0,2,200,50.0,75.0,0.03333333333333333,0
1375,Reactive,,2,85,85,1.4166666666666667,0,2,200,50.0,75.0,0.03333333333333333,0
1376,Reactive,,2,87,87,1.45,0,2,200,50.0,75.0,0.03333333333333333,0
1377,Reactive,,2,84,84,1.4,0,2,200,50.0,75.0,0.03333333333333333,0
1378,Reactive,,2,85,85,1.4166666666666667,0,2,200,50.0,75.0,0.03333333333333333,0
1379,Reactive,,2,97,97,1.6166666666666667,0,2,200,50.0,75.0,0.03333333333333333,0
1380,Reactive,,2,94,94,1.5666666666666667,0,2,200,50.0,75.0,0.03333333333333333,0
1381,Reactive,,1,53,53,0.8833333333333333,0,1,100,50.0,75.0,0.016666666666666666,0
1382,Reactive,,1,79,79,1.3166666666666667,0,1,100,50.0,75.0,0.016666666666666666,0
1383,Reactive,,2,81,81,1.35,0,2,200,50.0,75.0,0.03333333333333333,0
1384,Reactive,,2,65,65,1.0833333333333333,0,2,200,50.0,75.0,0.03333333333333333,0
1385,Reactive,,2,83,83,1.3833333333333333,0,2,200,50.0,75.0,0.03333333333333333,0
1386,Reactive,,2,95,95,1.5833333333333333,0,2,200,50.0,75.0,0.03333333333333333,0
1387,Reactive,,2,72,72,1.2,0,2,200,50.0,75.0,0.03333333333333333,0
1388,Reactive,,2,86,86,1.4333333333333333,0,2,200,50.0,75.0,0.03333333333333333,0
1389,Reactive,,2,74,74,1.2333333333333334,0,2,200,50.0,75.0,0.03333333333333333,0
1390,Reactive,,2,77,77,1.2833333333333334,0,2,200,50.0,75.0,0.03333333333333333,0
1391,Reactive,,2,98,98,1.6333333333333333,0,2,200,50.0,75.0,0.03333333333333333,0
1392,Reactive,,2,78,78,1.3,0,2,200,50.0,75.0,0.03333333333333333,0
1393,Reactive,,2,88,88,1.4666666666666666,0,2,200,50.0,75.0,0.03333333333333333,0
1394,Reactive,,2,65,65,1.0833333333333333,0,2,200,50.0,75.0,0.03333333333333333,0
1395,Reactive,,2,103,103,1.7166666666666666,0,2,200,50.0,75.0,0.03333333333333333,0
1396,Reactive,,2,90,90,1.5,0,2,200,50.0,75.0,0.03333333333333333,0
1397,Reactive,,2,83,83,1.3833333333333333,0,2,200,50.0,75.0,0.03333333333333333,0
1398,Reactive,,2,90,90,1.5,0,2,200,50.0,75.0,0.03333333333333333,0
1399,Reactive,,3,180,180,3.0,0,3,300,50.0,75.0,0.05,0
1400,Reactive,,3,97,97,1.6166666666666667,0,3,300,50.0,75.0,0.05,0
1401,Reactive,,2,82,82,1.3666666666666667,0,2,200,50.0,75.0,0.03333333333333333,0
1402,Reactive,,2,83,83,1.3833333333333333,0,2,200,50.0,75.0,0.03333333333333333,0
1403,Reactive,,2,81,81,1.35,0,2,200,50.0,75.0,0.03333333333333333,0
1404,Reactive,,2,80,80,1.3333333333333333,0,2,200,50.0,75.0,0.03333333333333333,0
1405,Reactive,,2,93,93,1.55,0,2,200,50.0,75.0,0.03333333333333333,0
1406,Reactive,,2,89,89,1.4833333333333334,0,2,200,50.0,75.0,0.03333333333333333,0
1407,Reactive,,2,93,93,1.55,0,2,200,50.0,75.0,0.03333333333333333,0
1408,Reactive,,2,86,86,1.4333333333333333,0,2,200,50.0,75.0,0.03333333333333333,0
1409,Reactive,,2,92,92,1.5333333333333334,0,2,200,50.0,75.0,0.03333333333333333,0
1410,Reactive,,2,83,83,1.3833333333333333,0,2,200,50.0,75.0,0.03333333333333333,0
1411,Reactive,,2,109,109,1.8166666666666667,0,2,200,50.0,75.0,0.03333333333333333,0
1412,Reactive,,2,71,71,1.1833333333333333,0,2,200,50.0,75.0,0.03333333333333333,0
1413,Reactive,,2,100,100,1.6666666666666667,0,2,200,50.0,75.0,0.03333333333333333,0
1414,Reactive,,2,101,101,1.6833333333333333,0,2,200,50.0,75.0,0.03333333333333333,0
1415,Reactive,,2,79,79,1.3166666666666667,0,2,200,50.0,75.0,0.03333333333333333,0
1416,Reactive,,2,110,110,1.8333333333333333,0,2,200,50.0,75.0,0.03333333333333333,0
1417,Reactive,,2,98,98,1.6333333333333333,0,2,200,50.0,75.0,0.03333333333333333,0
1418,Reactive,,2,98,98,1.6333333333333333,0,2,200,50.0,75.0,0.03333333333333333,0
1419,Reactive,,2,89,89,1.4833333333333334,0,2,200,50.0,75.0,0.03333333333333333,0
1420,Reactive,,2,86,86,1.4333333333333333,0,2,200,50.0,75.0,0.03333333333333333,0
1421,Reactive,,2,87,87,1.45,0,2,200,50.0,75.0,0.03333333333333333,0
1422,Reactive,,2,93,93,1.55,0,2,200,50.0,75.0,0.03333333333333333,0
1423,Reactive,,2,103,103,1.7166666666666666,0,2,200,50.0,75.0,0.03333333333333333,0
1424,Reactive,,2,91,91,1.5166666666666666,0,2,200,50.0,75.0,0.03333333333333333,0
1425,Reactive,,2,80,80,1.3333333333333333,0,2,200,50.0,75.0,0.03333333333333333,0
1426,Reactive,,2,98,98,1.6333333333333333,0,2,200,50.0,75.0,0.03333333333333333,0
1427,Reactive,,2,99,99,1.65,0,2,200,50.0,75.0,0.03333333333333333,0
1428,Reactive,,2,96,96,1.6,0,2,200,50.0,75.0,0.03333333333333333,0
1429,Reactive,,2,98,98,1.6333333333333333,0,2,200,50.0,75.0,0.03333333333333333,0
1430,Reactive,,2,88,88,1.4666666666666666,0,2,200,50.0,75.0,0.03333333333333333,0
1431,Reactive,,2,81,81,1.35,0,2,200,50.0,75.0,0.03333333333333333,0
1432,Reactive,,2,82,82,1.3666666666666667,0,2,200,50.0,75.0,0.03333333333333333,0
1433,Reactive,,2,74,74,1.2333333333333334,0,2,200,50.0,75.0,0.03333333333333333,0
1434,Reactive,,2,93,93,1.55,0,2,200,50.0,75.0,0.03333333333333333,0
1435,Reactive,,2,90,90,1.5,0,2,200,50.0,75.0,0.03333333333333333,0
1436,Reactive,,2,87,87,1.45,0,2,200,50.0,75.0,0.03333333333333333,0
1437,Reactive,,2,62,62,1.0333333333333334,0,2,200,50.0,75.0,0.03333333333333333,0
1438,Reactive,,2,79,79,1.3166666666666667,0,2,200,50.0,75.0,0.03333333333333333,0
1439,Reactive,,2,103,103,1.7166666666666666,0,2,200,50.0,75.0,0.03333333333333333,0
