timestamp,requests,baseline,daily_pattern,weekly_pattern,peak_pattern,noise,spikes,surges,is_spike,is_surge
2026-01-01 00:00:00,112,100.0,0.0,8.677674782351165,0.0,3.0471707975443136,0.0,0.0,False,False
2026-01-01 00:01:00,98,100.0,0.17453237138986283,8.677674782351165,0.0,-10.399841062404956,0.0,0.0,False,False
2026-01-01 00:02:00,117,100.0,0.3490614199349574,8.677674782351165,0.0,7.5045119580645725,0.0,0.0,False,False
2026-01-01 00:03:00,119,100.0,0.5235838228537776,8.677674782351165,0.0,9.405647163912139,0.0,0.0,False,False
2026-01-01 00:04:00,90,100.0,0.6980962574913405,8.677674782351165,0.0,-19.510351886538363,0.0,0.0,False,False
2026-01-01 00:05:00,97,100.0,0.8725954013824448,8.677674782351165,0.0,-13.021795068623181,0.0,0.0,False,False
2026-01-01 00:06:00,111,100.0,1.047077932314926,8.677674782351165,0.0,1.2784040316728538,0.0,0.0,False,False
2026-01-01 00:07:00,107,100.0,1.2215405283929064,8.677674782351165,0.0,-3.162425923435822,0.0,0.0,False,False
2026-01-01 00:08:00,110,100.0,1.3959798681000388,8.677674782351165,0.0,-0.16801157504288794,0.0,0.0,False,False
2026-01-01 00:09:00,102,100.0,1.5703926303627445,8.677674782351165,0.0,-8.5304392757358,0.0,0.0,False,False
2026-01-01 00:10:00,119,100.0,1.74477549461344,8.677674782351165,0.0,8.793979748628285,0.0,0.0,False,False
2026-01-01 00:11:00,118,100.0,1.9191251408537573,8.677674782351165,0.0,7.777919354289483,0.0,0.0,False,False
2026-01-01 00:12:00,111,100.0,2.093438249717753,8.677674782351165,0.0,0.6603069756121605,0.0,0.0,False,False
2026-01-01 00:13:00,122,100.0,2.2677115025351005,8.677674782351165,0.0,11.272412069680328,0.0,0.0,False,False
2026-01-01 00:14:00,116,100.0,2.441941581394275,8.677674782351165,0.0,4.675093422520456,0.0,0.0,False,False
2026-01-01 00:15:00,103,100.0,2.6161251692057226,8.677674782351165,0.0,-8.592924628832382,0.0,0.0,False,False
2026-01-01 00:16:00,115,100.0,2.790258949765012,8.677674782351165,0.0,3.6875078408249884,0.0,0.0,False,False
2026-01-01 00:17:00,102,100.0,2.964339607815969,8.677674782351165,0.0,-9.588826008289988,0.0,0.0,False,False
2026-01-01 00:18:00,121,100.0,3.1383638291137976,8.677674782351165,0.0,8.784503013072726,0.0,0.0,False,False
2026-01-01 00:19:00,111,100.0,3.312328300488173,8.677674782351165,0.0,-0.49925910986252897,0.0,0.0,False,False
2026-01-01 00:20:00,110,100.0,3.4862297099063264,8.677674782351165,0.0,-1.8486236354526056,0.0,0.0,False,False
2026-01-01 00:21:00,106,100.0,3.6600647465360954,8.677674782351165,0.0,-6.809295444039414,0.0,0.0,False,False
2026-01-01 00:22:00,125,100.0,3.833830100808959,8.677674782351165,0.0,12.225413386740303,0.0,0.0,False,False
2026-01-01 00:23:00,111,100.0,4.007522464483052,8.677674782351165,0.0,-1.5452948206880215,0.0,0.0,False,False
2026-01-01 00:24:00,109,100.0,4.181138530706138,8.677674782351165,0.0,-4.283278221631072,0.0,0.0,False,False
2026-01-01 00:25:00,110,100.0,4.354674994078583,8.677674782351165,0.0,-3.5213355048822956,0.0,0.0,False,False
2026-01-01 00:26:00,119,100.0,4.528128550716269,8.677674782351165,0.0,5.323091855533487,0.0,0.0,False,False
2026-01-01 00:27:00,117,100.0,4.701495898313506,8.677674782351165,0.0,3.6544406436407835,0.0,0.0,False,False
2026-01-01 00:28:00,118,100.0,4.874773736205899,8.677674782351165,0.0,4.1273261159598835,0.0,0.0,False,False
2026-01-01 00:29:00,118,100.0,5.047958765433189,8.677674782351165,0.0,4.308210030078827,0.0,0.0,False,False
2026-01-01 00:30:00,135,100.0,5.221047688802063,8.677674782351165,0.0,21.416476008704613,0.0,0.0,False,False
2026-01-01 00:31:00,110,100.0,5.39403721094892,8.677674782351165,0.0,-4.064150163846156,0.0,0.0,False,False
2026-01-01 00:32:00,109,100.0,5.566924038402617,8.677674782351165,0.0,-5.122427290715374,0.0,0.0,False,False
2026-01-01 00:33:00,106,100.0,5.739704879647173,8.677674782351165,0.0,-8.137727282478778,0.0,0.0,False,False
2026-01-01 00:34:00,121,100.0,5.9123764451844245,8.677674782351165,0.0,6.159794225754957,0.0,0.0,False,False
2026-01-01 00:35:00,126,100.0,6.084935447596669,8.677674782351165,0.0,11.289722927208917,0.0,0.0,False,False
2026-01-01 00:36:00,114,100.0,6.2573786016092345,8.677674782351165,0.0,-1.1394745765487508,0.0,0.0,False,False
2026-01-01 00:37:00,107,100.0,6.429702624153045,8.677674782351165,0.0,-8.401564769625281,0.0,0.0,False,False
2026-01-01 00:38:00,107,100.0,6.601904234427105,8.677674782351165,0.0,-8.244812156912396,0.0,0.0,False,False
2026-01-01 00:39:00,122,100.0,6.773980153960983,8.677674782351165,0.0,6.505927878247011,0.0,0.0,False,False
2026-01-01 00:40:00,123,100.0,6.945927106677213,8.677674782351165,0.0,7.432541712034423,0.0,0.0,False,False
2026-01-01 00:41:00,121,100.0,7.11774181895367,8.677674782351165,0.0,5.4315426830519495,0.0,0.0,False,False
2026-01-01 00:42:00,109,100.0,7.289421019685899,8.677674782351165,0.0,-6.655097072886943,0.0,0.0,False,False
2026-01-01 00:43:00,118,100.0,7.460961440349384,8.677674782351165,0.0,2.3216132306671975,0.0,0.0,False,False
2026-01-01 00:44:00,117,100.0,7.6323598150617915,8.677674782351165,0.0,1.1668580914072821,0.0,0.0,False,False
2026-01-01 00:45:00,119,100.0,7.8036128806451295,8.677674782351165,0.0,2.1868859672901295,0.0,0.0,False,False
2026-01-01 00:46:00,125,100.0,7.974717376687889,8.677674782351165,0.0,8.714287779481898,0.0,0.0,False,False
2026-01-01 00:47:00,119,100.0,8.1456700456071,8.677674782351165,0.0,2.2359554877468226,0.0,0.0,False,False
2026-01-01 00:48:00,124,100.0,8.316467632710372,8.677674782351165,0.0,6.789135630718949,0.0,0.0,False,False
2026-01-01 00:49:00,118,100.0,8.48710688625785,8.677674782351165,0.0,0.6757906948889146,0.0,0.0,False,False
2026-01-01 00:50:00,120,100.0,8.657584557524116,8.677674782351165,0.0,2.8911939868998413,0.0,0.0,False,False
2026-01-01 00:51:00,124,100.0,8.827897400860044,8.677674782351165,0.0,6.312882258385404,0.0,0.0,False,False
2026-01-01 00:52:00,103,100.0,8.9980421737546,8.677674782351165,0.0,-14.571558198556664,0.0,0.0,False,False
2026-01-01 00:53:00,115,100.0,9.168015636896564,8.677674782351165,0.0,-3.1967121635730136,0.0,0.0,False,False
2026-01-01 00:54:00,113,100.0,9.337814554236216,8.677674782351165,0.0,-4.703726542927955,0.0,0.0,False,False
2026-01-01 00:55:00,112,100.0,9.507435693046922,8.677674782351165,0.0,-6.38877848243342,0.0,0.0,False,False
2026-01-01 00:56:00,116,100.0,9.676875823986709,8.677674782351165,0.0,-2.751422512266837,0.0,0.0,False,False
2026-01-01 00:57:00,133,100.0,9.846131721159722,8.677674782351165,0.0,14.949413112343958,0.0,0.0,False,False
2026-01-01 00:58:00,110,100.0,10.015200162177656,8.677674782351165,0.0,-8.658311156932433,0.0,0.0,False,False
2026-01-01 00:59:00,129,100.0,10.184077928221102,8.677674782351165,0.0,9.682783545914809,0.0,0.0,False,False
2026-01-01 01:00:00,102,100.0,10.35276180410083,7.997840486394827,0.0,-16.828697716158047,0.0,0.0,False,False
2026-01-01 01:01:00,115,100.0,10.52124857831899,7.997840486394827,0.0,-3.3488502998577485,0.0,0.0,False,False
2026-01-01 01:02:00,120,100.0,10.689535043130274,7.997840486394827,0.0,1.6275306510500558,0.0,0.0,False,False
2026-01-01 01:03:00,125,100.0,10.85761799460297,7.997840486394827,0.0,5.862223313592781,0.0,0.0,False,False
2026-01-01 01:04:00,126,100.0,11.025494232679966,7.997840486394827,0.0,7.11226579792855,0.0,0.0,False,False
2026-01-01 01:05:00,127,100.0,11.193160561239681,7.997840486394827,0.0,7.933472351999252,0.0,0.0,False,False
2026-01-01 01:06:00,116,100.0,11.360613788156906,7.997840486394827,0.0,-3.487250722484376,0.0,0.0,False,False
2026-01-01 01:07:00,115,100.0,11.527850725363573,7.997840486394827,0.0,-4.623517926645672,0.0,0.0,False,False
2026-01-01 01:08:00,128,100.0,11.694868188909469,7.997840486394827,0.0,8.579758812571539,0.0,0.0,False,False
2026-01-01 01:09:00,118,100.0,11.861662999022837,7.997840486394827,0.0,-1.9130432488161488,0.0,0.0,False,False
2026-01-01 01:10:00,107,100.0,12.028231980170927,7.997840486394827,0.0,-12.75686323337922,0.0,0.0,False,False
2026-01-01 01:11:00,109,100.0,12.194571961120431,7.997840486394827,0.0,-11.332872140034807,0.0,0.0,False,False
2026-01-01 01:12:00,111,100.0,12.360679774997896,7.997840486394827,0.0,-9.194522860016113,0.0,0.0,False,False
2026-01-01 01:13:00,125,100.0,12.52655225934998,7.997840486394827,0.0,4.971607440537641,0.0,0.0,False,False
2026-01-01 01:14:00,122,100.0,12.692186256203685,7.997840486394827,0.0,1.4242573607056523,0.0,0.0,False,False
2026-01-01 01:15:00,128,100.0,12.857578612126463,7.997840486394827,0.0,6.904853540677682,0.0,0.0,False,False
2026-01-01 01:16:00,117,100.0,13.022726178286266,7.997840486394827,0.0,-4.272526463365343,0.0,0.0,False,False
2026-01-01 01:17:00,123,100.0,13.18762581051149,7.997840486394827,0.0,1.5853969107671424,0.0,0.0,False,False
2026-01-01 01:18:00,128,100.0,13.352274369350836,7.997840486394827,0.0,6.2559039396733676,0.0,0.0,False,False
2026-01-01 01:19:00,118,100.0,13.51666872013308,7.997840486394827,0.0,-3.093465397202384,0.0,0.0,False,False
2026-01-01 01:20:00,126,100.0,13.680805733026748,7.997840486394827,0.0,4.5677523755741145,0.0,0.0,False,False
2026-01-01 01:21:00,115,100.0,13.844682283099718,7.997840486394827,0.0,-6.619259410666513,0.0,0.0,False,False
2026-01-01 01:22:00,118,100.0,14.008295250378698,7.997840486394827,0.0,-3.6305384656507176,0.0,0.0,False,False
2026-01-01 01:23:00,118,100.0,14.171641519908631,7.997840486394827,0.0,-3.817378939983291,0.0,0.0,False,False
2026-01-01 01:24:00,110,100.0,14.33471798181201,7.997840486394827,0.0,-11.958396455890396,0.0,0.0,False,False
2026-01-01 01:25:00,127,100.0,14.497521531348065,7.997840486394827,0.0,4.869724807855818,0.0,0.0,False,False
2026-01-01 01:26:00,118,100.0,14.66004906897189,7.997840486394827,0.0,-4.694023402027239,0.0,0.0,False,False
2026-01-01 01:27:00,123,100.0,14.822297500393448,7.997840486394827,0.0,0.1249411872768743,0.0,0.0,False,False
2026-01-01 01:28:00,128,100.0,14.984263736636482,7.997840486394827,0.0,4.807466589059089,0.0,0.0,False,False
2026-01-01 01:29:00,128,100.0,15.14594469409732,7.997840486394827,0.0,4.465311760299441,0.0,0.0,False,False
2026-01-01 01:30:00,130,100.0,15.307337294603592,7.997840486394827,0.0,6.653851089727862,0.0,0.0,False,False
2026-01-01 01:31:00,122,100.0,15.468438465472822,7.997840486394827,0.0,-0.9848548450942362,0.0,0.0,False,False
2026-01-01 01:32:00,119,100.0,15.629245139570948,7.997840486394827,0.0,-4.232983120441538,0.0,0.0,False,False
2026-01-01 01:33:00,123,100.0,15.789754255370688,7.997840486394827,0.0,-0.7971821090639906,0.0,0.0,False,False
2026-01-01 01:34:00,107,100.0,15.949962757009848,7.997840486394827,0.0,-16.8733443395803,0.0,0.0,False,False
2026-01-01 01:35:00,110,100.0,16.10986759434949,7.997840486394827,0.0,-14.471124724230872,0.0,0.0,False,False
2026-01-01 01:36:00,111,100.0,16.269465723032006,7.997840486394827,0.0,-13.226996123544023,0.0,0.0,False,False
2026-01-01 01:37:00,114,100.0,16.42875410453909,7.997840486394827,0.0,-9.972468276014817,0.0,0.0,False,False
2026-01-01 01:38:00,129,100.0,16.58772970624956,7.997840486394827,0.0,3.997742267234366,0.0,0.0,False,False
2026-01-01 01:39:00,116,100.0,16.746389501497124,7.997840486394827,0.0,-9.054790553600608,0.0,0.0,False,False
2026-01-01 01:40:00,121,100.0,16.904730469627975,7.997840486394827,0.0,-3.7816255403938968,0.0,0.0,False,False
2026-01-01 01:41:00,138,100.0,17.06274959605833,7.997840486394827,0.0,12.992282977860654,0.0,0.0,False,False
2026-01-01 01:42:00,122,100.0,17.220443872331806,7.997840486394827,0.0,-3.5626397106142593,0.0,0.0,False,False
2026-01-01 01:43:00,133,100.0,17.377810296176683,7.997840486394827,0.0,7.375155684670865,0.0,0.0,False,False
2026-01-01 01:44:00,116,100.0,17.534845871563096,7.997840486394827,0.0,-9.33617680009877,0.0,0.0,False,False
2026-01-01 01:45:00,124,100.0,17.69154760876005,7.997840486394827,0.0,-2.0543755786763,0.0,0.0,False,False
2026-01-01 01:46:00,116,100.0,17.84791252439235,7.997840486394827,0.0,-9.500220549105812,0.0,0.0,False,False
2026-01-01 01:47:00,123,100.0,18.003937641497398,7.997840486394827,0.0,-3.3903307590056246,0.0,0.0,False,False
2026-01-01 01:48:00,135,100.0,18.15961998958187,7.997840486394827,0.0,8.403081374573954,0.0,0.0,False,False
2026-01-01 01:49:00,109,100.0,18.31495660467827,7.997840486394827,0.0,-17.273204231923486,0.0,0.0,False,False
2026-01-01 01:50:00,131,100.0,18.46994452940136,7.997840486394827,0.0,4.344236435458574,0.0,0.0,False,False
2026-01-01 01:51:00,129,100.0,18.624580813004457,7.997840486394827,0.0,2.377356023322779,0.0,0.0,False,False
2026-01-01 01:52:00,121,100.0,18.778862511435634,7.997840486394827,0.0,-5.941499556967944,0.0,0.0,False,False
2026-01-01 01:53:00,112,100.0,18.932786687393733,7.997840486394827,0.0,-14.460578543884546,0.0,0.0,False,False
2026-01-01 01:54:00,128,100.0,19.086350410384338,7.997840486394827,0.0,0.7212950771386951,0.0,0.0,False,False
2026-01-01 01:55:00,122,100.0,19.239550756775504,7.997840486394827,0.0,-5.294927090638025,0.0,0.0,False,False
2026-01-01 01:56:00,130,100.0,19.39238480985348,7.997840486394827,0.0,2.3267621135470398,0.0,0.0,False,False
2026-01-01 01:57:00,128,100.0,19.544849659878196,7.997840486394827,0.0,0.21852145523442879,0.0,0.0,False,False
2026-01-01 01:58:00,144,100.0,19.696942404138685,7.997840486394827,0.0,16.017788913209156,0.0,0.0,False,False
2026-01-01 01:59:00,125,100.0,19.848660147008328,7.997840486394827,0.0,-2.393556274730243,0.0,0.0,False,False
2026-01-01 02:00:00,117,100.0,19.999999999999996,7.306820487327905,0.0,-10.23497492621865,0.0,0.0,False,False
2026-01-01 02:01:00,129,100.0,20.150959081821046,7.306820487327905,0.0,1.7927563495631615,0.0,0.0,False,False
2026-01-01 02:02:00,130,100.0,20.301534518428163,7.306820487327905,0.0,2.1999668397176517,0.0,0.0,False,False
2026-01-01 02:03:00,141,100.0,20.45172344308208,7.306820487327905,0.0,13.591875752404366,0.0,0.0,False,False
2026-01-01 02:04:00,136,100.0,20.601522996402167,7.306820487327905,0.0,8.351112459145785,0.0,0.0,False,False
2026-01-01 02:05:00,132,100.0,20.750930326420857,7.306820487327905,0.0,3.568710591495093,0.0,0.0,False,False
2026-01-01 02:06:00,143,100.0,20.899942588637952,7.306820487327905,0.0,14.633028912195618,0.0,0.0,False,False
2026-01-01 02:07:00,116,100.0,21.048556946074783,7.306820487327905,0.0,-11.887630543228509,0.0,0.0,False,False
2026-01-01 02:08:00,122,100.0,21.196770569328194,7.306820487327905,0.0,-6.397515327497477,0.0,0.0,False,False
2026-01-01 02:09:00,119,100.0,21.34458063662446,7.306820487327905,0.0,-9.26575941405525,0.0,0.0,False,False
2026-01-01 02:10:00,125,100.0,21.49198433387295,7.306820487327905,0.0,-3.8980980315576796,0.0,0.0,False,False
2026-01-01 02:11:00,115,100.0,21.638978854719756,7.306820487327905,0.0,-13.766861475563088,0.0,0.0,False,False
2026-01-01 02:12:00,135,100.0,21.785561400601082,7.306820487327905,0.0,6.351509468144043,0.0,0.0,False,False
2026-01-01 02:13:00,127,100.0,21.93172918079655,7.306820487327905,0.0,-2.222226970987734,0.0,0.0,False,False
2026-01-01 02:14:00,115,100.0,22.077479412482326,7.306820487327905,0.0,-14.70806294502658,0.0,0.0,False,False
2026-01-01 02:15:00,119,100.0,22.222809320784087,7.306820487327905,0.0,-10.155790812075416,0.0,0.0,False,False
2026-01-01 02:16:00,275,100.0,22.36771613882987,7.306820487327905,0.0,3.135138474501953,142.6020649888529,0.0,True,False
2026-01-01 02:17:00,138,100.0,22.51219710780274,7.306820487327905,0.0,8.38126567894381,0.0,0.0,False,False
2026-01-01 02:18:00,150,100.0,22.656249476993313,7.306820487327905,0.0,19.967308916917865,0.0,0.0,False,False
2026-01-01 02:19:00,159,100.0,22.79987050385212,7.306820487327905,0.0,29.138624660073297,0.0,0.0,False,False
2026-01-01 02:20:00,134,100.0,22.943057454041845,7.306820487327905,0.0,4.1440943327599635,0.0,0.0,False,False
2026-01-01 02:21:00,120,100.0,23.085807601489346,7.306820487327905,0.0,-9.895381200318642,0.0,0.0,False,False
2026-01-01 02:22:00,109,100.0,23.22811822843759,7.306820487327905,0.0,-21.320462807313092,0.0,0.0,False,False
2026-01-01 02:23:00,133,100.0,23.369986625497372,7.306820487327905,0.0,2.6771146234383583,0.0,0.0,False,False
2026-01-01 02:24:00,123,100.0,23.511410091698927,7.306820487327905,0.0,-8.12941095310326,0.0,0.0,False,False
2026-01-01 02:25:00,127,100.0,23.652385934543293,7.306820487327905,0.0,-4.153572601796853,0.0,0.0,False,False
2026-01-01 02:26:00,125,100.0,23.79291147005365,7.306820487327905,0.0,-6.12096799059808,0.0,0.0,False,False
2026-01-01 02:27:00,130,100.0,23.93298402282636,7.306820487327905,0.0,-1.4079088641638526,0.0,0.0,False,False
2026-01-01 02:28:00,142,100.0,24.072600926081932,7.306820487327905,0.0,10.659802307876436,0.0,0.0,False,False
2026-01-01 02:29:00,133,100.0,24.211759521715777,7.306820487327905,0.0,1.5704856744534461,0.0,0.0,False,False
2026-01-01 02:30:00,130,100.0,24.350457160348824,7.306820487327905,0.0,-1.586348370386883,0.0,0.0,False,False
2026-01-01 02:31:00,121,100.0,24.48869120137797,7.306820487327905,0.0,-10.356537528258116,0.0,0.0,False,False
2026-01-01 02:32:00,115,100.0,24.626459013026327,7.306820487327905,0.0,-16.74682944704357,0.0,0.0,False,False
2026-01-01 02:33:00,127,100.0,24.763757972393353,7.306820487327905,0.0,-4.863079090733309,0.0,0.0,False,False
2026-01-01 02:34:00,132,100.0,24.900585465504783,7.306820487327905,0.0,-0.537825508183205,0.0,0.0,False,False
2026-01-01 02:35:00,150,100.0,25.036938887362364,7.306820487327905,0.0,17.67929913579883,0.0,0.0,False,False
2026-01-01 02:36:00,134,100.0,25.172815641993495,7.306820487327905,0.0,1.3027452147288585,0.0,0.0,False,False
2026-01-01 02:37:00,142,100.0,25.30821314250064,7.306820487327905,0.0,9.827395110230576,0.0,0.0,False,False
2026-01-01 02:38:00,128,100.0,25.443128811110558,7.306820487327905,0.0,-4.992955985391521,0.0,0.0,False,False
2026-01-01 02:39:00,121,100.0,25.57756007922339,7.306820487327905,0.0,-11.849437664170246,0.0,0.0,False,False
2026-01-01 02:40:00,123,100.0,25.71150438746157,7.306820487327905,0.0,-9.651167622323719,0.0,0.0,False,False
2026-01-01 02:41:00,126,100.0,25.844959185718558,7.306820487327905,0.0,-7.2522606453575325,0.0,0.0,False,False
2026-01-01 02:42:00,155,100.0,25.977921933207348,7.306820487327905,0.0,21.284697324351644,0.0,0.0,False,False
2026-01-01 02:43:00,125,100.0,26.110390098508898,7.306820487327905,0.0,-8.213866792243861,0.0,0.0,False,False
2026-01-01 02:44:00,142,100.0,26.24236115962029,7.306820487327905,0.0,8.38489203736345,0.0,0.0,False,False
2026-01-01 02:45:00,125,100.0,26.373832604002754,7.306820487327905,0.0,-9.029271780870264,0.0,0.0,False,False
2026-01-01 02:46:00,143,100.0,26.504801928629497,7.306820487327905,0.0,9.315730128742441,0.0,0.0,False,False
2026-01-01 02:47:00,138,100.0,26.635266640033368,7.306820487327905,0.0,3.8495096610586317,0.0,0.0,False,False
2026-01-01 02:48:00,133,100.0,26.76522425435433,7.306820487327905,0.0,-1.5663789765809042,0.0,0.0,False,False
2026-01-01 02:49:00,134,100.0,26.894672297386716,7.306820487327905,0.0,-0.40762526135434024,0.0,0.0,False,False
2026-01-01 02:50:00,128,100.0,27.02360830462641,7.306820487327905,0.0,-6.547876954293904,0.0,0.0,False,False
2026-01-01 02:51:00,139,100.0,27.152029821317672,7.306820487327905,0.0,4.4607220148208055,0.0,0.0,False,False
2026-01-01 02:52:00,130,100.0,27.27993440249994,7.306820487327905,0.0,-4.5498348034078,0.0,0.0,False,False
2026-01-01 02:53:00,122,100.0,27.407319613054362,7.306820487327905,0.0,-12.256057637672482,0.0,0.0,False,False
2026-01-01 02:54:00,122,100.0,27.534183027750156,7.306820487327905,0.0,-12.779375743196193,0.0,0.0,False,False
2026-01-01 02:55:00,137,100.0,27.660522231290777,7.306820487327905,0.0,1.7258791772211948,0.0,0.0,False,False
2026-01-01 02:56:00,151,100.0,27.786334818359894,7.306820487327905,0.0,15.79091256410435,0.0,0.0,False,False
2026-01-01 02:57:00,137,100.0,27.911618393667204,7.306820487327905,0.0,1.5999161357343825,0.0,0.0,False,False
2026-01-01 02:58:00,134,100.0,28.036370571994034,7.306820487327905,0.0,-1.1863832610988256,0.0,0.0,False,False
2026-01-01 02:59:00,138,100.0,28.160588978238728,7.306820487327905,0.0,2.858261396025429,0.0,0.0,False,False
2026-01-01 03:00:00,148,100.0,28.284271247461902,6.605581239103344,0.0,13.060017417068249,0.0,0.0,False,False
2026-01-01 03:01:00,137,100.0,28.407415024931417,6.605581239103344,0.0,2.1938250136385635,0.0,0.0,False,False
2026-01-01 03:02:00,131,100.0,28.530017966167257,6.605581239103344,0.0,-4.1092723083373714,0.0,0.0,False,False
2026-01-01 03:03:00,146,100.0,28.652077736986165,6.605581239103344,0.0,11.06288710059889,0.0,0.0,False,False
2026-01-01 03:04:00,140,100.0,28.773592013546047,6.605581239103344,0.0,4.287564384616135,0.0,0.0,False,False
2026-01-01 03:05:00,151,100.0,28.89455848239022,6.605581239103344,0.0,15.35755991995992,0.0,0.0,False,False
2026-01-01 03:06:00,137,100.0,29.014974840491504,6.605581239103344,0.0,1.8323443722190613,0.0,0.0,False,False
2026-01-01 03:07:00,123,100.0,29.13483879529601,6.605581239103344,0.0,-12.244690317205002,0.0,0.0,False,False
2026-01-01 03:08:00,122,100.0,29.254148064766817,6.605581239103344,0.0,-13.68159199245665,0.0,0.0,False,False
2026-01-01 03:09:00,152,100.0,29.372900377427417,6.605581239103344,0.0,16.509279322312494,0.0,0.0,False,False
2026-01-01 03:10:00,153,100.0,29.49109347240496,6.605581239103344,0.0,17.23665720783297,0.0,0.0,False,False
2026-01-01 03:11:00,134,100.0,29.608725099473283,6.605581239103344,0.0,-1.7951921328260065,0.0,0.0,False,False
2026-01-01 03:12:00,332,100.0,29.725793019095764,6.605581239103344,0.0,-3.8318732113598775,0.0,200.0,False,True
2026-01-01 03:13:00,351,100.0,29.842295002467978,6.605581239103344,0.0,14.614442922422022,0.0,200.0,False,True
2026-01-01 03:14:00,325,100.0,29.95822883156009,6.605581239103344,0.0,-11.07045682043488,0.0,200.0,False,True
2026-01-01 03:15:00,328,100.0,30.073592299159095,6.605581239103344,0.0,-8.947270189558264,0.0,200.0,False,True
2026-01-01 03:16:00,343,100.0,30.18838320891088,6.605581239103344,0.0,6.433267946890444,0.0,200.0,False,True
2026-01-01 03:17:00,333,100.0,30.30259937536198,6.605581239103344,0.0,-3.9460512285958957,0.0,200.0,False,True
2026-01-01 03:18:00,337,100.0,30.416238624001238,6.605581239103344,0.0,-0.05121866720071296,0.0,200.0,False,True
2026-01-01 03:19:00,336,100.0,30.52929879130115,6.605581239103344,0.0,-1.6344289852451257,0.0,200.0,False,True
2026-01-01 03:20:00,341,100.0,30.64177772475912,6.605581239103344,0.0,3.3757454879893354,0.0,200.0,False,True
2026-01-01 03:21:00,351,100.0,30.753673282938383,6.605581239103344,0.0,14.074818613137168,0.0,200.0,False,True
2026-01-01 03:22:00,338,100.0,30.864983335508796,6.605581239103344,0.0,0.9058490690174554,0.0,200.0,False,True
2026-01-01 03:23:00,344,100.0,30.975705763287422,6.605581239103344,0.0,6.439387932768579,0.0,200.0,False,True
2026-01-01 03:24:00,117,100.0,31.085838458278836,6.605581239103344,0.0,-20.501721010310227,0.0,0.0,False,False
2026-01-01 03:25:00,137,100.0,31.19537932371527,6.605581239103344,0.0,-0.4871840193011795,0.0,0.0,False,False
2026-01-01 03:26:00,129,100.0,31.304326274096557,6.605581239103344,0.0,-8.43230270292871,0.0,0.0,False,False
2026-01-01 03:27:00,126,100.0,31.412677235229797,6.605581239103344,0.0,-12.18813060423628,0.0,0.0,False,False
2026-01-01 03:28:00,129,100.0,31.52043014426888,6.605581239103344,0.0,-8.781523669287507,0.0,0.0,False,False
2026-01-01 03:29:00,135,100.0,31.62758294975373,6.605581239103344,0.0,-3.3412344070081206,0.0,0.0,False,False
2026-01-01 03:30:00,147,100.0,31.734133611649405,6.605581239103344,0.0,9.15902542356013,0.0,0.0,False,False
2026-01-01 03:31:00,125,100.0,31.84008010138488,6.605581239103344,0.0,-13.26392717739564,0.0,0.0,False,False
2026-01-01 03:32:00,139,100.0,31.94542040189171,6.605581239103344,0.0,0.3063149259441745,0.0,0.0,False,False
2026-01-01 03:33:00,134,100.0,32.05015250764242,6.605581239103344,0.0,-4.841694333335785,0.0,0.0,False,False
2026-01-01 03:34:00,135,100.0,32.154274424688694,6.605581239103344,0.0,-3.2767309436196084,0.0,0.0,False,False
2026-01-01 03:35:00,149,100.0,32.2577841706993,6.605581239103344,0.0,10.027578253046041,0.0,0.0,False,False
2026-01-01 03:36:00,144,100.0,32.3606797749979,6.605581239103344,0.0,5.38115437003926,0.0,0.0,False,False
2026-01-01 03:37:00,152,100.0,32.46295927860049,6.605581239103344,0.0,13.373981074427437,0.0,0.0,False,False
2026-01-01 03:38:00,138,100.0,32.56462073425277,6.605581239103344,0.0,-1.5450567924990046,0.0,0.0,False,False
2026-01-01 03:39:00,132,100.0,32.665662206467154,6.605581239103344,0.0,-6.95942611670703,0.0,0.0,False,False
2026-01-01 03:40:00,137,100.0,32.76608177155967,6.605581239103344,0.0,-2.2385881688049953,0.0,0.0,False,False
2026-01-01 03:41:00,142,100.0,32.86587751768655,6.605581239103344,0.0,2.4249679127122157,0.0,0.0,False,False
2026-01-01 03:42:00,141,100.0,32.965047544880626,6.605581239103344,0.0,1.7657335845371103,0.0,0.0,False,False
2026-01-01 03:43:00,129,100.0,33.063589965087544,6.605581239103344,0.0,-10.843880722333665,0.0,0.0,False,False
2026-01-01 03:44:00,141,100.0,33.16150290220167,6.605581239103344,0.0,0.9048978162787422,0.0,0.0,False,False
2026-01-01 03:45:00,142,100.0,33.2587844921018,6.605581239103344,0.0,2.2822833013890516,0.0,0.0,False,False
2026-01-01 03:46:00,165,100.0,33.35543288268673,6.605581239103344,0.0,25.174740375339205,0.0,0.0,False,False
2026-01-01 03:47:00,159,100.0,33.451446233910374,6.605581239103344,0.0,18.7684461128167,0.0,0.0,False,False
2026-01-01 03:48:00,132,100.0,33.54682271781696,6.605581239103344,0.0,-8.5324335055882,0.0,0.0,False,False
2026-01-01 03:49:00,137,100.0,33.641560518575695,6.605581239103344,0.0,-2.873833615491761,0.0,0.0,False,False
2026-01-01 03:50:00,126,100.0,33.73565783251542,6.605581239103344,0.0,-14.634420018370031,0.0,0.0,False,False
2026-01-01 03:51:00,135,100.0,33.82911286815893,6.605581239103344,0.0,-5.907070139634865,0.0,0.0,False,False
2026-01-01 03:52:00,144,100.0,33.92192384625703,6.605581239103344,0.0,3.156050035903405,0.0,0.0,False,False
2026-01-01 03:53:00,153,100.0,34.01408899982251,6.605581239103344,0.0,12.058536208882336,0.0,0.0,False,False
2026-01-01 03:54:00,133,100.0,34.10560657416369,6.605581239103344,0.0,-7.290838377436085,0.0,0.0,False,False
2026-01-01 03:55:00,134,100.0,34.196474826917864,6.605581239103344,0.0,-6.541464400677965,0.0,0.0,False,False
2026-01-01 03:56:00,119,100.0,34.286692028084495,6.605581239103344,0.0,-21.47289029738655,0.0,0.0,False,False
2026-01-01 03:57:00,139,100.0,34.37625646005811,6.605581239103344,0.0,-1.6266592054490767,0.0,0.0,False,False
2026-01-01 03:58:00,130,100.0,34.46516641766103,6.605581239103344,0.0,-10.62414411859563,0.0,0.0,False,False
2026-01-01 03:59:00,136,100.0,34.55342020817583,6.605581239103344,0.0,-5.294394273660737,0.0,0.0,False,False
2026-01-01 04:00:00,132,100.0,34.64101615137754,5.895103488218092,0.0,-8.768607781675883,0.0,0.0,False,False
2026-01-01 04:01:00,140,100.0,34.72795257956569,5.895103488218092,0.0,-0.9426255425255698,0.0,0.0,False,False
2026-01-01 04:02:00,123,100.0,34.814227837595986,5.895103488218092,0.0,-17.577283913566312,0.0,0.0,False,False
2026-01-01 04:03:00,126,100.0,34.89984028291188,5.895103488218092,0.0,-14.670452453909906,0.0,0.0,False,False
2026-01-01 04:04:00,162,100.0,34.98478828557583,5.895103488218092,0.0,21.292471120282983,0.0,0.0,False,False
2026-01-01 04:05:00,128,100.0,35.069070228300305,5.895103488218092,0.0,-12.87422581274031,0.0,0.0,False,False
2026-01-01 04:06:00,130,100.0,35.15268450647861,5.895103488218092,0.0,-10.967855784546396,0.0,0.0,False,False
2026-01-01 04:07:00,159,100.0,35.23562952821542,5.895103488218092,0.0,18.36913528321314,0.0,0.0,False,False
2026-01-01 04:08:00,170,100.0,35.31790371435707,5.895103488218092,0.0,29.05067169240407,0.0,0.0,False,False
2026-01-01 04:09:00,130,100.0,35.39950549852168,5.895103488218092,0.0,-11.715666288253416,0.0,0.0,False,False
2026-01-01 04:10:00,138,100.0,35.48043332712887,5.895103488218092,0.0,-3.6824895678803053,0.0,0.0,False,False
2026-01-01 04:11:00,145,100.0,35.56068565942945,5.895103488218092,0.0,3.4155555094050953,0.0,0.0,False,False
2026-01-01 04:12:00,159,100.0,35.640260967534715,5.895103488218092,0.0,17.286976444055924,0.0,0.0,False,False
2026-01-01 04:13:00,132,100.0,35.719157736445474,5.895103488218092,0.0,-9.868570784282374,0.0,0.0,False,False
2026-01-01 04:14:00,139,100.0,35.797374464081,5.895103488218092,0.0,-2.4527784594210975,0.0,0.0,False,False
2026-01-01 04:15:00,150,100.0,35.874909661307534,5.895103488218092,0.0,7.773375760617441,0.0,0.0,False,False
2026-01-01 04:16:00,146,100.0,35.95176185196668,5.895103488218092,0.0,4.347660744666186,0.0,0.0,False,False
2026-01-01 04:17:00,138,100.0,36.02792957290352,5.895103488218092,0.0,-3.7615607123009926,0.0,0.0,False,False
2026-01-01 04:18:00,141,100.0,36.10341137399442,5.895103488218092,0.0,-1.3382296451604114,0.0,0.0,False,False
2026-01-01 04:19:00,128,100.0,36.17820581817472,5.895103488218092,0.0,-13.748958083699819,0.0,0.0,False,False
2026-01-01 04:20:00,140,100.0,36.252311481465995,5.895103488218092,0.0,-2.381737439746652,0.0,0.0,False,False
2026-01-01 04:21:00,140,100.0,36.32572695300325,5.895103488218092,0.0,-2.663874900089551,0.0,0.0,False,False
2026-01-01 04:22:00,145,100.0,36.39845083506173,5.895103488218092,0.0,2.3216988962625598,0.0,0.0,False,False
2026-01-01 04:23:00,137,100.0,36.47048174308354,5.895103488218092,0.0,-5.55327218819016,0.0,0.0,False,False
2026-01-01 04:24:00,147,100.0,36.541818305704034,5.895103488218092,0.0,4.71538522545139,0.0,0.0,False,False
2026-01-01 04:25:00,153,100.0,36.61245916477788,5.895103488218092,0.0,10.127158178198286,0.0,0.0,False,False
2026-01-01 04:26:00,144,100.0,36.68240297540496,5.895103488218092,0.0,1.5542932766846604,0.0,0.0,False,False
2026-01-01 04:27:00,146,100.0,36.75164840595593,5.895103488218092,0.0,3.517564083992035,0.0,0.0,False,False
2026-01-01 04:28:00,143,100.0,36.82019413809761,5.895103488218092,0.0,0.5315534757786736,0.0,0.0,False,False
2026-01-01 04:29:00,143,100.0,36.88803886681807,5.895103488218092,0.0,0.0008439309141418043,0.0,0.0,False,False
2026-01-01 04:30:00,136,100.0,36.95518130045147,5.895103488218092,0.0,-7.215580335428474,0.0,0.0,False,False
2026-01-01 04:31:00,146,100.0,37.02162016070265,5.895103488218092,0.0,3.16494261673308,0.0,0.0,False,False
2026-01-01 04:32:00,142,100.0,37.08735418267149,5.895103488218092,0.0,-0.9728659841348947,0.0,0.0,False,False
2026-01-01 04:33:00,164,100.0,37.152382114876964,5.895103488218092,0.0,20.93168308930595,0.0,0.0,False,False
2026-01-01 04:34:00,159,100.0,37.21670271928098,5.895103488218092,0.0,15.733549024752424,0.0,0.0,False,False
2026-01-01 04:35:00,147,100.0,37.280314771311936,5.895103488218092,0.0,3.858465525565008,0.0,0.0,False,False
2026-01-01 04:36:00,136,100.0,37.34321705988807,5.895103488218092,0.0,-7.630572096947676,0.0,0.0,False,False
2026-01-01 04:37:00,132,100.0,37.40540838744047,5.895103488218092,0.0,-11.124114719834179,0.0,0.0,False,False
2026-01-01 04:38:00,155,100.0,37.466887569935906,5.895103488218092,0.0,11.91142953088865,0.0,0.0,False,False
2026-01-01 04:39:00,146,100.0,37.527653436899364,5.895103488218092,0.0,2.627492251471385,0.0,0.0,False,False
2026-01-01 04:40:00,148,100.0,37.58770483143634,5.895103488218092,0.0,4.801434033916109,0.0,0.0,False,False
2026-01-01 04:41:00,326,100.0,37.64704061025483,5.895103488218092,0.0,-17.445859869741927,0.0,200.0,False,True
2026-01-01 04:42:00,353,100.0,37.705659643687135,5.895103488218092,0.0,9.274384815581808,0.0,200.0,False,True
2026-01-01 04:43:00,348,100.0,37.763560815711365,5.895103488218092,0.0,4.544203382143629,0.0,200.0,False,True
2026-01-01 04:44:00,333,100.0,37.82074302397267,5.895103488218092,0.0,-11.10430684414478,0.0,200.0,False,True
2026-01-01 04:45:00,339,100.0,37.87720517980422,5.895103488218092,0.0,-4.71524807449949,0.0,200.0,False,True
2026-01-01 04:46:00,346,100.0,37.93294620824797,5.895103488218092,0.0,2.6371720435651955,0.0,200.0,False,True
2026-01-01 04:47:00,344,100.0,37.98796504807508,5.895103488218092,0.0,0.5246679835624363,0.0,200.0,False,True
2026-01-01 04:48:00,341,100.0,38.04226065180614,5.895103488218092,0.0,-2.92171185803555,0.0,200.0,False,True
2026-01-01 04:49:00,343,100.0,38.09583198573114,5.895103488218092,0.0,-1.0348826806596085,0.0,200.0,False,True
2026-01-01 04:50:00,342,100.0,38.14867802992907,5.895103488218092,0.0,-2.519773782068854,0.0,200.0,False,True
2026-01-01 04:51:00,346,100.0,38.20079777828746,5.895103488218092,0.0,1.5256251210246856,0.0,200.0,False,True
2026-01-01 04:52:00,359,100.0,38.252190238521415,5.895103488218092,0.0,14.71491972993157,0.0,200.0,False,True
2026-01-01 04:53:00,119,100.0,38.302854432192575,5.895103488218092,0.0,-25.666584409312975,0.0,0.0,False,False
2026-01-01 04:54:00,142,100.0,38.35278939472772,5.895103488218092,0.0,-2.3685026450968425,0.0,0.0,False,False
2026-01-01 04:55:00,146,100.0,38.401994175437146,5.895103488218092,0.0,1.7651242137244696,0.0,0.0,False,False
2026-01-01 04:56:00,147,100.0,38.450467837532756,5.895103488218092,0.0,2.959939896870995,0.0,0.0,False,False
2026-01-01 04:57:00,141,100.0,38.498209458145894,5.895103488218092,0.0,-3.7191458132128985,0.0,0.0,False,False
2026-01-01 04:58:00,127,100.0,38.54521812834492,5.895103488218092,0.0,-17.567217824785825,0.0,0.0,False,False
2026-01-01 04:59:00,148,100.0,38.59149295315252,5.895103488218092,0.0,3.2799548371410965,0.0,0.0,False,False
2026-01-01 05:00:00,161,100.0,38.63703305156273,5.17638090205042,0.0,17.27350214164185,0.0,0.0,False,False
2026-01-01 05:01:00,129,100.0,38.681837556557724,5.17638090205042,0.0,-15.338614049161377,0.0,0.0,False,False
2026-01-01 05:02:00,153,100.0,38.72590561512431,5.17638090205042,0.0,8.638280136981884,0.0,0.0,False,False
2026-01-01 05:03:00,141,100.0,38.76923638827017,5.17638090205042,0.0,-3.285252231228939,0.0,0.0,False,False
2026-01-01 05:04:00,143,100.0,38.81182905103986,5.17638090205042,0.0,-0.6132434582884729,0.0,0.0,False,False
2026-01-01 05:05:00,134,100.0,38.853682792530456,5.17638090205042,0.0,-10.52898510703949,0.0,0.0,False,False
2026-01-01 05:06:00,141,100.0,38.894796815907064,5.17638090205042,0.0,-3.3445617235587664,0.0,0.0,False,False
2026-01-01 05:07:00,157,100.0,38.93517033841794,5.17638090205042,0.0,13.000445946989585,0.0,0.0,False,False
2026-01-01 05:08:00,150,100.0,38.97480259140941,5.17638090205042,0.0,5.82655241987707,0.0,0.0,False,False
2026-01-01 05:09:00,162,100.0,39.01369282034051,5.17638090205042,0.0,17.32311605409944,0.0,0.0,False,False
2026-01-01 05:10:00,156,100.0,39.051840284797336,5.17638090205042,0.0,11.774118889776936,0.0,0.0,False,False
2026-01-01 05:11:00,149,100.0,39.08924425850715,5.17638090205042,0.0,4.390866789295762,0.0,0.0,False,False
2026-01-01 05:12:00,162,100.0,39.12590402935222,5.17638090205042,0.0,17.43934526167792,0.0,0.0,False,False
2026-01-01 05:13:00,149,100.0,39.161818899383356,5.17638090205042,0.0,4.389931587382987,0.0,0.0,False,False
2026-01-01 05:14:00,153,100.0,39.19698818483318,5.17638090205042,0.0,8.27988176797059,0.0,0.0,False,False
2026-01-01 05:15:00,141,100.0,39.23141121612922,5.17638090205042,0.0,-2.9657095353470835,0.0,0.0,False,False
2026-01-01 05:16:00,145,100.0,39.26508733790656,5.17638090205042,0.0,0.6654581585920483,0.0,0.0,False,False
2026-01-01 05:17:00,138,100.0,39.298015909020386,5.17638090205042,0.0,-6.974238233002769,0.0,0.0,False,False
2026-01-01 05:18:00,154,100.0,39.33019630255818,5.17638090205042,0.0,9.89583934594853,0.0,0.0,False,False
2026-01-01 05:19:00,133,100.0,39.361627905851634,5.17638090205042,0.0,-11.783036231148657,0.0,0.0,False,False
2026-01-01 05:20:00,152,100.0,39.39231012048832,5.17638090205042,0.0,7.8235034241766135,0.0,0.0,False,False
2026-01-01 05:21:00,143,100.0,39.42224236232311,5.17638090205042,0.0,-1.9065105750515945,0.0,0.0,False,False
2026-01-01 05:22:00,156,100.0,39.451424061489256,5.17638090205042,0.0,11.712470934673194,0.0,0.0,False,False
2026-01-01 05:23:00,152,100.0,39.47985466240928,5.17638090205042,0.0,7.508689887312599,0.0,0.0,False,False
2026-01-01 05:24:00,163,100.0,39.507533623805514,5.17638090205042,0.0,18.206461576468016,0.0,0.0,False,False
2026-01-01 05:25:00,152,100.0,39.534460418710424,5.17638090205042,0.0,7.307746911386448,0.0,0.0,False,False
2026-01-01 05:26:00,129,100.0,39.56063453447668,5.17638090205042,0.0,-15.720402556532406,0.0,0.0,False,False
2026-01-01 05:27:00,144,100.0,39.58605547278681,5.17638090205042,0.0,-0.6695317289820084,0.0,0.0,False,False
2026-01-01 05:28:00,133,100.0,39.61072274966281,5.17638090205042,0.0,-11.720071925948158,0.0,0.0,False,False
2026-01-01 05:29:00,140,100.0,39.63463589547529,5.17638090205042,0.0,-5.182798423662747,0.0,0.0,False,False
2026-01-01 05:30:00,160,100.0,39.657794454952416,5.17638090205042,0.0,15.112284332767217,0.0,0.0,False,False
2026-01-01 05:31:00,151,100.0,39.6801979871886,5.17638090205042,0.0,6.37533810897696,0.0,0.0,False,False
2026-01-01 05:32:00,138,100.0,39.70184606565288,5.17638090205042,0.0,-6.989304285787464,0.0,0.0,False,False
2026-01-01 05:33:00,135,100.0,39.72273827819705,5.17638090205042,0.0,-10.137173664403988,0.0,0.0,False,False
2026-01-01 05:34:00,145,100.0,39.742874227063496,5.17638090205042,0.0,0.32782092876260793,0.0,0.0,False,False
2026-01-01 05:35:00,133,100.0,39.762253528892785,5.17638090205042,0.0,-12.165601493811277,0.0,0.0,False,False
2026-01-01 05:36:00,138,100.0,39.78087581473093,5.17638090205042,0.0,-6.711402773965811,0.0,0.0,False,False
2026-01-01 05:37:00,148,100.0,39.79874073003647,5.17638090205042,0.0,3.1200947155124386,0.0,0.0,False,False
2026-01-01 05:38:00,157,100.0,39.81584793468715,5.17638090205042,0.0,11.553120361066963,0.0,0.0,False,False
2026-01-01 05:39:00,151,100.0,39.83219710298647,5.17638090205042,0.0,6.087614722244398,0.0,0.0,False,False
2026-01-01 05:40:00,122,100.0,39.84778792366982,5.17638090205042,0.0,-22.912895085981,0.0,0.0,False,False
2026-01-01 05:41:00,148,100.0,39.86262009991046,5.17638090205042,0.0,3.043667290302598,0.0,0.0,False,False
2026-01-01 05:42:00,146,100.0,39.876693349325116,5.17638090205042,0.0,0.7203357323257792,0.0,0.0,False,False
2026-01-01 05:43:00,149,100.0,39.890007403979425,5.17638090205042,0.0,4.138902853726931,0.0,0.0,False,False
2026-01-01 05:44:00,161,100.0,39.90256201039297,5.17638090205042,0.0,16.162096816512072,0.0,0.0,False,False
2026-01-01 05:45:00,124,100.0,39.91435692954414,5.17638090205042,0.0,-20.632382768047428,0.0,0.0,False,False
2026-01-01 05:46:00,139,100.0,39.925391936874675,5.17638090205042,0.0,-5.911034251911056,0.0,0.0,False,False
2026-01-01 05:47:00,151,100.0,39.93566682229395,5.17638090205042,0.0,5.909063227933546,0.0,0.0,False,False
2026-01-01 05:48:00,129,100.0,39.94518139018295,5.17638090205042,0.0,-15.815943994539424,0.0,0.0,False,False
2026-01-01 05:49:00,160,100.0,39.953935459398025,5.17638090205042,0.0,14.759490480535089,0.0,0.0,False,False
2026-01-01 05:50:00,149,100.0,39.96192886327431,5.17638090205042,0.0,3.683566127006584,0.0,0.0,False,False
2026-01-01 05:51:00,154,100.0,39.96916144962891,5.17638090205042,0.0,8.46583985843404,0.0,0.0,False,False
2026-01-01 05:52:00,139,100.0,39.97563308076383,5.17638090205042,0.0,-5.709436615217945,0.0,0.0,False,False
2026-01-01 05:53:00,153,100.0,39.98134363346851,5.17638090205042,0.0,8.137636899662105,0.0,0.0,False,False
2026-01-01 05:54:00,156,100.0,39.98629299902229,5.17638090205042,0.0,10.684715559890384,0.0,0.0,False,False
2026-01-01 05:55:00,147,100.0,39.990481083196364,5.17638090205042,0.0,2.3287802013716834,0.0,0.0,False,False
2026-01-01 05:56:00,270,100.0,39.99390780625565,5.17638090205042,0.0,2.3440089269869593,122.52029770215462,0.0,True,False
2026-01-01 05:57:00,148,100.0,39.996573102960284,5.17638090205042,0.0,2.703432392817259,0.0,0.0,False,False
2026-01-01 05:58:00,137,100.0,39.99847692256685,5.17638090205042,0.0,-8.633452647393817,0.0,0.0,False,False
2026-01-01 05:59:00,144,100.0,39.99961922882938,5.17638090205042,0.0,-1.4752868024035293,0.0,0.0,False,False
2026-01-01 06:00:00,143,100.0,40.0,4.450418679126281,0.0,-1.525225324523588,0.0,0.0,False,False
2026-01-01 06:01:00,148,100.0,39.99961922882938,4.450418679126281,0.0,3.833938643534951,0.0,0.0,False,False
2026-01-01 06:02:00,154,100.0,39.99847692256685,4.450418679126281,0.0,9.998242469102946,0.0,0.0,False,False
2026-01-01 06:03:00,134,100.0,39.996573102960284,4.450418679126281,0.0,-10.585360819784093,0.0,0.0,False,False
2026-01-01 06:04:00,143,100.0,39.99390780625565,4.450418679126281,0.0,-1.2500903031957764,0.0,0.0,False,False
2026-01-01 06:05:00,159,100.0,39.990481083196364,4.450418679126281,0.0,14.814555476589732,0.0,0.0,False,False
2026-01-01 06:06:00,137,100.0,39.98629299902229,4.450418679126281,0.0,-7.435882288125642,0.0,0.0,False,False
2026-01-01 06:07:00,136,100.0,39.98134363346852,4.450418679126281,0.0,-8.222500172903203,0.0,0.0,False,False
2026-01-01 06:08:00,146,100.0,39.97563308076383,4.450418679126281,0.0,2.023061918311936,0.0,0.0,False,False
2026-01-01 06:09:00,153,100.0,39.96916144962891,4.450418679126281,0.0,8.4438519048532,0.0,0.0,False,False
2026-01-01 06:10:00,145,100.0,39.96192886327431,4.450418679126281,0.0,0.1142605556065933,0.0,0.0,False,False
2026-01-01 06:11:00,158,100.0,39.953935459398025,4.450418679126281,0.0,13.289605904369893,0.0,0.0,False,False
2026-01-01 06:12:00,153,100.0,39.94518139018295,4.450418679126281,0.0,8.567939825665269,0.0,0.0,False,False
2026-01-01 06:13:00,153,100.0,39.93566682229395,4.450418679126281,0.0,8.418200668900619,0.0,0.0,False,False
2026-01-01 06:14:00,150,100.0,39.92539193687468,4.450418679126281,0.0,5.541165013240933,0.0,0.0,False,False
2026-01-01 06:15:00,168,100.0,39.91435692954414,4.450418679126281,0.0,23.27653100346085,0.0,0.0,False,False
2026-01-01 06:16:00,142,100.0,39.90256201039297,4.450418679126281,0.0,-2.051616888660442,0.0,0.0,False,False
2026-01-01 06:17:00,124,100.0,39.890007403979425,4.450418679126281,0.0,-20.035222920665138,0.0,0.0,False,False
2026-01-01 06:18:00,160,100.0,39.876693349325116,4.450418679126281,0.0,16.04254361517141,0.0,0.0,False,False
2026-01-01 06:19:00,140,100.0,39.86262009991046,4.450418679126281,0.0,-4.576994309568256,0.0,0.0,False,False
2026-01-01 06:20:00,145,100.0,39.84778792366982,4.450418679126281,0.0,1.0788044434303303,0.0,0.0,False,False
2026-01-01 06:21:00,157,100.0,39.83219710298647,4.450418679126281,0.0,13.09550684860527,0.0,0.0,False,False
2026-01-01 06:22:00,128,100.0,39.815847934687156,4.450418679126281,0.0,-16.022595410589254,0.0,0.0,False,False
2026-01-01 06:23:00,132,100.0,39.79874073003647,4.450418679126281,0.0,-12.516472141061394,0.0,0.0,False,False
2026-01-01 06:24:00,128,100.0,39.78087581473093,4.450418679126281,0.0,-16.012779371188536,0.0,0.0,False,False
2026-01-01 06:25:00,136,100.0,39.762253528892785,4.450418679126281,0.0,-7.941362900254239,0.0,0.0,False,False
2026-01-01 06:26:00,149,100.0,39.742874227063496,4.450418679126281,0.0,4.396366060169935,0.0,0.0,False,False
2026-01-01 06:27:00,149,100.0,39.72273827819705,4.450418679126281,0.0,5.24187842812771,0.0,0.0,False,False
2026-01-01 06:28:00,147,100.0,39.70184606565288,4.450418679126281,0.0,2.7627417932855374,0.0,0.0,False,False
2026-01-01 06:29:00,130,100.0,39.6801979871886,4.450418679126281,0.0,-14.127658838923665,0.0,0.0,False,False
2026-01-01 06:30:00,121,100.0,39.657794454952416,4.450418679126281,0.0,-23.10103436632644,0.0,0.0,False,False
2026-01-01 06:31:00,145,100.0,39.63463589547529,4.450418679126281,0.0,0.5435358539038226,0.0,0.0,False,False
2026-01-01 06:32:00,139,100.0,39.61072274966281,4.450418679126281,0.0,-4.717760336383358,0.0,0.0,False,False
2026-01-01 06:33:00,149,100.0,39.58605547278681,4.450418679126281,0.0,4.5938577171661175,0.0,0.0,False,False
2026-01-01 06:34:00,151,100.0,39.56063453447668,4.450418679126281,0.0,7.019536262212701,0.0,0.0,False,False
2026-01-01 06:35:00,145,100.0,39.534460418710424,4.450418679126281,0.0,1.3824143205868191,0.0,0.0,False,False
2026-01-01 06:36:00,152,100.0,39.507533623805514,4.450418679126281,0.0,7.601330853758538,0.0,0.0,False,False
2026-01-01 06:37:00,146,100.0,39.47985466240928,4.450418679126281,0.0,2.2921137411506844,0.0,0.0,False,False
2026-01-01 06:38:00,149,100.0,39.451424061489256,4.450418679126281,0.0,5.300647056014666,0.0,0.0,False,False
2026-01-01 06:39:00,137,100.0,39.42224236232311,4.450418679126281,0.0,-7.046732628698824,0.0,0.0,False,False
2026-01-01 06:40:00,142,100.0,39.39231012048832,4.450418679126281,0.0,-1.7961141383145853,0.0,0.0,False,False
2026-01-01 06:41:00,146,100.0,39.361627905851634,4.450418679126281,0.0,1.9677609665695726,0.0,0.0,False,False
2026-01-01 06:42:00,152,100.0,39.330196302558186,4.450418679126281,0.0,8.205284754174189,0.0,0.0,False,False
2026-01-01 06:43:00,140,100.0,39.298015909020386,4.450418679126281,0.0,-3.937411722245721,0.0,0.0,False,False
2026-01-01 06:44:00,149,100.0,39.26508733790656,4.450418679126281,0.0,5.211672557321126,0.0,0.0,False,False
2026-01-01 06:45:00,141,100.0,39.23141121612922,4.450418679126281,0.0,-2.6583879191537902,0.0,0.0,False,False
2026-01-01 06:46:00,142,100.0,39.19698818483318,4.450418679126281,0.0,-1.1754216732813036,0.0,0.0,False,False
2026-01-01 06:47:00,152,100.0,39.161818899383356,4.450418679126281,0.0,8.29519042024073,0.0,0.0,False,False
2026-01-01 06:48:00,124,100.0,39.12590402935223,4.450418679126281,0.0,-19.930603710541558,0.0,0.0,False,False
2026-01-01 06:49:00,131,100.0,39.08924425850715,4.450418679126281,0.0,-12.96472328074761,0.0,0.0,False,False
2026-01-01 06:50:00,129,100.0,39.051840284797336,4.450418679126281,0.0,-14.821853974428208,0.0,0.0,False,False
2026-01-01 06:51:00,120,100.0,39.01369282034051,4.450418679126281,0.0,-23.336161198483047,0.0,0.0,False,False
2026-01-01 06:52:00,137,100.0,38.97480259140941,4.450418679126281,0.0,-6.782644401551767,0.0,0.0,False,False
2026-01-01 06:53:00,151,100.0,38.93517033841794,4.450418679126281,0.0,7.494338997277405,0.0,0.0,False,False
2026-01-01 06:54:00,140,100.0,38.894796815907064,4.450418679126281,0.0,-2.8488406638257473,0.0,0.0,False,False
2026-01-01 06:55:00,145,100.0,38.853682792530456,4.450418679126281,0.0,1.9779008194185212,0.0,0.0,False,False
2026-01-01 06:56:00,154,100.0,38.81182905103986,4.450418679126281,0.0,10.892174967107927,0.0,0.0,False,False
2026-01-01 06:57:00,156,100.0,38.76923638827017,4.450418679126281,0.0,13.276861322676917,0.0,0.0,False,False
2026-01-01 06:58:00,142,100.0,38.72590561512431,4.450418679126281,0.0,-0.6913793472613955,0.0,0.0,False,False
2026-01-01 06:59:00,157,100.0,38.681837556557724,4.450418679126281,0.0,13.535858895693973,0.0,0.0,False,False
2026-01-01 07:00:00,143,100.0,38.63703305156273,3.718232143258291,0.0,0.9212665843410921,0.0,0.0,False,False
2026-01-01 07:01:00,134,100.0,38.59149295315252,3.718232143258291,0.0,-8.373982238274621,0.0,0.0,False,False
2026-01-01 07:02:00,136,100.0,38.54521812834492,3.718232143258291,0.0,-5.944003521987352,0.0,0.0,False,False
2026-01-01 07:03:00,127,100.0,38.498209458145894,3.718232143258291,0.0,-14.805365125650162,0.0,0.0,False,False
2026-01-01 07:04:00,133,100.0,38.45046783753276,3.718232143258291,0.0,-8.881338537336523,0.0,0.0,False,False
2026-01-01 07:05:00,139,100.0,38.401994175437146,3.718232143258291,0.0,-3.5801668807442915,0.0,0.0,False,False
2026-01-01 07:06:00,150,100.0,38.35278939472773,3.718232143258291,0.0,8.035850193786017,0.0,0.0,False,False
2026-01-01 07:07:00,159,100.0,38.30285443219258,3.718232143258291,0.0,17.20769831165984,0.0,0.0,False,False
2026-01-01 07:08:00,128,100.0,38.252190238521415,3.718232143258291,0.0,-13.8218151537704,0.0,0.0,False,False
2026-01-01 07:09:00,146,100.0,38.200797778287466,3.718232143258291,0.0,3.928274682599189,0.0,0.0,False,False
2026-01-01 07:10:00,131,100.0,38.14867802992908,3.718232143258291,0.0,-10.405439391575344,0.0,0.0,False,False
2026-01-01 07:11:00,147,100.0,38.09583198573114,3.718232143258291,0.0,4.746970884632019,0.0,0.0,False,False
2026-01-01 07:12:00,140,100.0,38.042260651806146,3.718232143258291,0.0,-1.310866506877266,0.0,0.0,False,False
2026-01-01 07:13:00,123,100.0,37.98796504807508,3.718232143258291,0.0,-18.309058258475304,0.0,0.0,False,False
2026-01-01 07:14:00,151,100.0,37.93294620824797,3.718232143258291,0.0,9.282969915684843,0.0,0.0,False,False
2026-01-01 07:15:00,136,100.0,37.87720517980423,3.718232143258291,0.0,-6.0500071280873104,0.0,0.0,False,False
2026-01-01 07:16:00,136,100.0,37.820743023972675,3.718232143258291,0.0,-5.339002383735546,0.0,0.0,False,False
2026-01-01 07:17:00,131,100.0,37.76356081571137,3.718232143258291,0.0,-10.697524112896899,0.0,0.0,False,False
2026-01-01 07:18:00,135,100.0,37.705659643687135,3.718232143258291,0.0,-6.542832766875555,0.0,0.0,False,False
2026-01-01 07:19:00,146,100.0,37.64704061025483,3.718232143258291,0.0,4.278904406949172,0.0,0.0,False,False
2026-01-01 07:20:00,139,100.0,37.58770483143634,3.718232143258291,0.0,-1.8924434093640552,0.0,0.0,False,False
2026-01-01 07:21:00,145,100.0,37.527653436899364,3.718232143258291,0.0,3.2866200228248106,0.0,0.0,False,False
2026-01-01 07:22:00,145,100.0,37.466887569935906,3.718232143258291,0.0,3.619218539288437,0.0,0.0,False,False
2026-01-01 07:23:00,154,100.0,37.40540838744047,3.718232143258291,0.0,13.20661655528167,0.0,0.0,False,False
2026-01-01 07:24:00,138,100.0,37.34321705988807,3.718232143258291,0.0,-3.427861508643793,0.0,0.0,False,False
2026-01-01 07:25:00,126,100.0,37.28031477131194,3.718232143258291,0.0,-14.768578168457317,0.0,0.0,False,False
2026-01-01 07:26:00,152,100.0,37.21670271928098,3.718232143258291,0.0,10.67222416571983,0.0,0.0,False,False
2026-01-01 07:27:00,138,100.0,37.15238211487697,3.718232143258291,0.0,-3.3148817209725467,0.0,0.0,False,False
2026-01-01 07:28:00,152,100.0,37.0873541826715,3.718232143258291,0.0,11.145924445773769,0.0,0.0,False,False
2026-01-01 07:29:00,145,100.0,37.02162016070265,3.718232143258291,0.0,3.833771131824704,0.0,0.0,False,False
2026-01-01 07:30:00,139,100.0,36.95518130045147,3.718232143258291,0.0,-1.3113753020334493,0.0,0.0,False,False
2026-01-01 07:31:00,144,100.0,36.88803886681808,3.718232143258291,0.0,3.487758940462951,0.0,0.0,False,False
2026-01-01 07:32:00,160,100.0,36.82019413809761,3.718232143258291,0.0,19.510125601262995,0.0,0.0,False,False
2026-01-01 07:33:00,161,100.0,36.75164840595593,3.718232143258291,0.0,20.76980529053753,0.0,0.0,False,False
2026-01-01 07:34:00,141,100.0,36.68240297540496,3.718232143258291,0.0,0.693811351327787,0.0,0.0,False,False
2026-01-01 07:35:00,142,100.0,36.61245916477789,3.718232143258291,0.0,1.601905933170753,0.0,0.0,False,False
2026-01-01 07:36:00,151,100.0,36.54181830570404,3.718232143258291,0.0,10.762401574663855,0.0,0.0,False,False
2026-01-01 07:37:00,132,100.0,36.47048174308354,3.718232143258291,0.0,-8.456610327673472,0.0,0.0,False,False
2026-01-01 07:38:00,143,100.0,36.39845083506173,3.718232143258291,0.0,3.330703726182551,0.0,0.0,False,False
2026-01-01 07:39:00,140,100.0,36.32572695300325,3.718232143258291,0.0,-0.258628479538564,0.0,0.0,False,False
2026-01-01 07:40:00,143,100.0,36.252311481466,3.718232143258291,0.0,3.139082114575536,0.0,0.0,False,False
2026-01-01 07:41:00,132,100.0,36.17820581817472,3.718232143258291,0.0,-8.333688059494058,0.0,0.0,False,False
2026-01-01 07:42:00,124,100.0,36.10341137399442,3.718232143258291,0.0,-15.89567493308969,0.0,0.0,False,False
2026-01-01 07:43:00,119,100.0,36.02792957290352,3.718232143258291,0.0,-20.729834359912918,0.0,0.0,False,False
2026-01-01 07:44:00,128,100.0,35.95176185196669,3.718232143258291,0.0,-11.17384112989608,0.0,0.0,False,False
2026-01-01 07:45:00,135,100.0,35.874909661307534,3.718232143258291,0.0,-4.5867528493933305,0.0,0.0,False,False
2026-01-01 07:46:00,137,100.0,35.797374464081,3.718232143258291,0.0,-2.931915866487618,0.0,0.0,False,False
2026-01-01 07:47:00,159,100.0,35.71915773644549,3.718232143258291,0.0,19.37231162429517,0.0,0.0,False,False
2026-01-01 07:48:00,150,100.0,35.640260967534715,3.718232143258291,0.0,11.059933699072982,0.0,0.0,False,False
2026-01-01 07:49:00,130,100.0,35.56068565942945,3.718232143258291,0.0,-9.620911163416272,0.0,0.0,False,False
2026-01-01 07:50:00,143,100.0,35.48043332712887,3.718232143258291,0.0,3.4770845245095696,0.0,0.0,False,False
2026-01-01 07:51:00,135,100.0,35.399505498521684,3.718232143258291,0.0,-4.070782363503251,0.0,0.0,False,False
2026-01-01 07:52:00,136,100.0,35.31790371435707,3.718232143258291,0.0,-2.843638380400951,0.0,0.0,False,False
2026-01-01 07:53:00,141,100.0,35.23562952821542,3.718232143258291,0.0,1.85325649415382,0.0,0.0,False,False
2026-01-01 07:54:00,145,100.0,35.152684506478614,3.718232143258291,0.0,6.191711169753933,0.0,0.0,False,False
2026-01-01 07:55:00,135,100.0,35.069070228300305,3.718232143258291,0.0,-3.3925848388401536,0.0,0.0,False,False
2026-01-01 07:56:00,149,100.0,34.98478828557583,3.718232143258291,0.0,10.638515327343585,0.0,0.0,False,False
2026-01-01 07:57:00,127,100.0,34.89984028291189,3.718232143258291,0.0,-11.41938226142404,0.0,0.0,False,False
2026-01-01 07:58:00,139,100.0,34.814227837595986,3.718232143258291,0.0,0.06339062362268442,0.0,0.0,False,False
2026-01-01 07:59:00,164,100.0,34.72795257956569,3.718232143258291,0.0,25.976737265958324,0.0,0.0,False,False
2026-01-01 08:00:00,140,100.0,34.64101615137755,2.9808453235234857,0.0,2.2307974262527512,0.0,0.0,False,False
2026-01-01 08:01:00,152,100.0,34.55342020817582,2.9808453235234857,0.0,14.332145066061727,0.0,0.0,False,False
2026-01-01 08:02:00,138,100.0,34.46516641766103,2.9808453235234857,0.0,0.9152017817320818,0.0,0.0,False,False
2026-01-01 08:03:00,143,100.0,34.376256460058116,2.9808453235234857,0.0,5.807770953297967,0.0,0.0,False,False
2026-01-01 08:04:00,137,100.0,34.286692028084495,2.9808453235234857,0.0,-0.5678319439269154,0.0,0.0,False,False
2026-01-01 08:05:00,135,100.0,34.19647482691786,2.9808453235234857,0.0,-1.7040758116420442,0.0,0.0,False,False
2026-01-01 08:06:00,129,100.0,34.105606574163694,2.9808453235234857,0.0,-7.794823967254196,0.0,0.0,False,False
2026-01-01 08:07:00,141,100.0,34.01408899982251,2.9808453235234857,0.0,4.303013589575532,0.0,0.0,False,False
2026-01-01 08:08:00,128,100.0,33.921923846257044,2.9808453235234857,0.0,-8.51537189185768,0.0,0.0,False,False
2026-01-01 08:09:00,143,100.0,33.82911286815893,2.9808453235234857,0.0,6.655852363134292,0.0,0.0,False,False
2026-01-01 08:10:00,148,100.0,33.735657832515436,2.9808453235234857,0.0,10.852870044459099,0.0,0.0,False,False
2026-01-01 08:11:00,140,100.0,33.6415605185757,2.9808453235234857,0.0,3.6653140723722992,0.0,0.0,False,False
2026-01-01 08:12:00,134,100.0,33.54682271781697,2.9808453235234857,0.0,-2.8624873355569185,0.0,0.0,False,False
2026-01-01 08:13:00,141,100.0,33.45144623391039,2.9808453235234857,0.0,4.539655793086961,0.0,0.0,False,False
2026-01-01 08:14:00,133,100.0,33.355432882686735,2.9808453235234857,0.0,-3.086730555464126,0.0,0.0,False,False
2026-01-01 08:15:00,146,100.0,33.2587844921018,2.9808453235234857,0.0,9.355471254651492,0.0,0.0,False,False
2026-01-01 08:16:00,118,100.0,33.16150290220167,2.9808453235234857,0.0,-18.314060842151235,0.0,0.0,False,False
2026-01-01 08:17:00,133,100.0,33.06358996508755,2.9808453235234857,0.0,-3.356073681186462,0.0,0.0,False,False
2026-01-01 08:18:00,116,100.0,32.96504754488062,2.9808453235234857,0.0,-19.90811995123998,0.0,0.0,False,False
2026-01-01 08:19:00,121,100.0,32.86587751768655,2.9808453235234857,0.0,-14.95060830227205,0.0,0.0,False,False
2026-01-01 08:20:00,149,100.0,32.76608177155967,2.9808453235234857,0.0,13.638622298139094,0.0,0.0,False,False
2026-01-01 08:21:00,145,100.0,32.66566220646716,2.9808453235234857,0.0,8.951849819716859,0.0,0.0,False,False
2026-01-01 08:22:00,128,100.0,32.56462073425277,2.9808453235234857,0.0,-7.194802332847904,0.0,0.0,False,False
2026-01-01 08:23:00,120,100.0,32.46295927860049,2.9808453235234857,0.0,-15.025034560408969,0.0,0.0,False,False
2026-01-01 08:24:00,106,100.0,32.3606797749979,2.9808453235234857,0.0,-29.645288378416513,0.0,0.0,False,False
2026-01-01 08:25:00,130,100.0,32.25778417069931,2.9808453235234857,0.0,-5.434955079326346,0.0,0.0,False,False
2026-01-01 08:26:00,159,100.0,32.154274424688694,2.9808453235234857,0.0,24.204150122474026,0.0,0.0,False,False
2026-01-01 08:27:00,139,100.0,32.05015250764244,2.9808453235234857,0.0,4.348842714636474,0.0,0.0,False,False
2026-01-01 08:28:00,129,100.0,31.94542040189171,2.9808453235234857,0.0,-5.595722860494895,0.0,0.0,False,False
2026-01-01 08:29:00,139,100.0,31.840080101384885,2.9808453235234857,0.0,4.650802095003063,0.0,0.0,False,False
2026-01-01 08:30:00,119,100.0,31.734133611649405,2.9808453235234857,0.0,-15.609583529944429,0.0,0.0,False,False
2026-01-01 08:31:00,132,100.0,31.627582949753727,2.9808453235234857,0.0,-2.9732336269763544,0.0,0.0,False,False
2026-01-01 08:32:00,135,100.0,31.52043014426888,2.9808453235234857,0.0,0.9947747301573849,0.0,0.0,False,False
2026-01-01 08:33:00,134,100.0,31.412677235229793,2.9808453235234857,0.0,-0.8610065182104851,0.0,0.0,False,False
2026-01-01 08:34:00,142,100.0,31.30432627409656,2.9808453235234857,0.0,7.908061216900806,0.0,0.0,False,False
2026-01-01 08:35:00,138,100.0,31.19537932371527,2.9808453235234857,0.0,3.446452262360524,0.0,0.0,False,False
2026-01-01 08:36:00,141,100.0,31.08583845827884,2.9808453235234857,0.0,6.683260181079969,0.0,0.0,False,False
2026-01-01 08:37:00,127,100.0,30.975705763287426,2.9808453235234857,0.0,-6.883722822307594,0.0,0.0,False,False
2026-01-01 08:38:00,143,100.0,30.86498333550881,2.9808453235234857,0.0,8.97815408410548,0.0,0.0,False,False
2026-01-01 08:39:00,150,100.0,30.753673282938383,2.9808453235234857,0.0,16.289369476239916,0.0,0.0,False,False
2026-01-01 08:40:00,124,100.0,30.641777724759134,2.9808453235234857,0.0,-9.701495196514125,0.0,0.0,False,False
2026-01-01 08:41:00,125,100.0,30.52929879130115,2.9808453235234857,0.0,-8.876956557145597,0.0,0.0,False,False
2026-01-01 08:42:00,147,100.0,30.416238624001238,2.9808453235234857,0.0,13.357843363202328,0.0,0.0,False,False
2026-01-01 08:43:00,131,100.0,30.30259937536198,2.9808453235234857,0.0,-1.9134398669506028,0.0,0.0,False,False
2026-01-01 08:44:00,147,100.0,30.188383208910885,2.9808453235234857,0.0,14.03821392066557,0.0,0.0,False,False
2026-01-01 08:45:00,129,100.0,30.073592299159095,2.9808453235234857,0.0,-4.425357118921839,0.0,0.0,False,False
2026-01-01 08:46:00,147,100.0,29.958228831560085,2.9808453235234857,0.0,14.550455762707113,0.0,0.0,False,False
2026-01-01 08:47:00,134,100.0,29.84229500246798,2.9808453235234857,0.0,1.314858168054522,0.0,0.0,False,False
2026-01-01 08:48:00,135,100.0,29.725793019095768,2.9808453235234857,0.0,2.582288233226952,0.0,0.0,False,False
2026-01-01 08:49:00,148,100.0,29.60872509947329,2.9808453235234857,0.0,15.647180216699043,0.0,0.0,False,False
2026-01-01 08:50:00,129,100.0,29.491093472404962,2.9808453235234857,0.0,-3.6177047744417123,0.0,0.0,False,False
2026-01-01 08:51:00,123,100.0,29.372900377427428,2.9808453235234857,0.0,-9.411220959249583,0.0,0.0,False,False
2026-01-01 08:52:00,128,100.0,29.254148064766824,2.9808453235234857,0.0,-4.485642080283544,0.0,0.0,False,False
2026-01-01 08:53:00,137,100.0,29.134838795296023,2.9808453235234857,0.0,4.523339506431387,0.0,0.0,False,False
2026-01-01 08:54:00,116,100.0,29.0149748404915,2.9808453235234857,0.0,-15.657590721805143,0.0,0.0,False,False
2026-01-01 08:55:00,138,100.0,28.894558482390224,2.9808453235234857,0.0,6.374709026511215,0.0,0.0,False,False
2026-01-01 08:56:00,126,100.0,28.773592013546043,2.9808453235234857,0.0,-5.387713176177432,0.0,0.0,False,False
2026-01-01 08:57:00,143,100.0,28.652077736986175,2.9808453235234857,0.0,11.478126607335636,0.0,0.0,False,False
2026-01-01 08:58:00,108,100.0,28.530017966167264,2.9808453235234857,0.0,-23.942603049004717,0.0,0.0,False,False
2026-01-01 08:59:00,124,100.0,28.40741502493142,2.9808453235234857,0.0,-7.865657751041687,0.0,0.0,False,False
2026-01-01 09:00:00,114,100.0,28.284271247461902,2.2392895220661595,0.0,-16.86468151234102,0.0,0.0,False,False
2026-01-01 09:01:00,122,100.0,28.160588978238728,2.2392895220661595,0.0,-8.262294663639526,0.0,0.0,False,False
2026-01-01 09:02:00,133,100.0,28.03637057199404,2.2392895220661595,0.0,2.4766590110894313,0.0,0.0,False,False
2026-01-01 09:03:00,128,100.0,27.911618393667208,2.2392895220661595,0.0,-1.792266254497549,0.0,0.0,False,False
2026-01-01 09:04:00,127,100.0,27.786334818359897,2.2392895220661595,0.0,-2.5337756894801493,0.0,0.0,False,False
2026-01-01 09:05:00,128,100.0,27.660522231290777,2.2392895220661595,0.0,-1.5918487138006079,0.0,0.0,False,False
2026-01-01 09:06:00,132,100.0,27.53418302775017,2.2392895220661595,0.0,2.0338824061994343,0.0,0.0,False,False
2026-01-01 09:07:00,120,100.0,27.40731961305436,2.2392895220661595,0.0,-10.085360419431078,0.0,0.0,False,False
2026-01-01 09:08:00,137,100.0,27.27993440249994,2.2392895220661595,0.0,7.068496408990508,0.0,0.0,False,False
2026-01-01 09:09:00,136,100.0,27.15202982131767,2.2392895220661595,0.0,6.626659703854839,0.0,0.0,False,False
2026-01-01 09:10:00,133,100.0,27.023608304626414,2.2392895220661595,0.0,3.85037937656101,0.0,0.0,False,False
2026-01-01 09:11:00,135,100.0,26.89467229738672,2.2392895220661595,0.0,5.5653344275126315,0.0,0.0,False,False
2026-01-01 09:12:00,132,100.0,26.765224254354333,2.2392895220661595,0.0,2.9641800080865948,0.0,0.0,False,False
2026-01-01 09:13:00,149,100.0,26.63526664003337,2.2392895220661595,0.0,20.350733027310675,0.0,0.0,False,False
2026-01-01 09:14:00,128,100.0,26.504801928629508,2.2392895220661595,0.0,-0.8709417105250989,0.0,0.0,False,False
2026-01-01 09:15:00,126,100.0,26.373832604002757,2.2392895220661595,0.0,-3.0708321833457672,0.0,0.0,False,False
2026-01-01 09:16:00,121,100.0,26.24236115962029,2.2392895220661595,0.0,-7.535275803573779,0.0,0.0,False,False
2026-01-01 09:17:00,118,100.0,26.11039009850891,2.2392895220661595,0.0,-10.322626705778369,0.0,0.0,False,False
2026-01-01 09:18:00,116,100.0,25.97792193320735,2.2392895220661595,0.0,-12.444717876010753,0.0,0.0,False,False
2026-01-01 09:19:00,119,100.0,25.844959185718565,2.2392895220661595,0.0,-8.887973132309185,0.0,0.0,False,False
2026-01-01 09:20:00,127,100.0,25.711504387461567,2.2392895220661595,0.0,-0.7068038165207131,0.0,0.0,False,False
2026-01-01 09:21:00,131,100.0,25.577560079223392,2.2392895220661595,0.0,3.3429512849771448,0.0,0.0,False,False
2026-01-01 09:22:00,128,100.0,25.443128811110554,2.2392895220661595,0.0,0.5114205855216178,0.0,0.0,False,False
2026-01-01 09:23:00,120,100.0,25.308213142500648,2.2392895220661595,0.0,-7.655352774297129,0.0,0.0,False,False
2026-01-01 09:24:00,136,100.0,25.172815641993495,2.2392895220661595,0.0,9.001845640199633,0.0,0.0,False,False
2026-01-01 09:25:00,135,100.0,25.036938887362368,2.2392895220661595,0.0,7.394126723009475,0.0,0.0,False,False
2026-01-01 09:26:00,126,100.0,24.900585465504786,2.2392895220661595,0.0,-1.5964830742201699,0.0,0.0,False,False
2026-01-01 09:27:00,120,100.0,24.763757972393368,2.2392895220661595,0.0,-6.52916144664712,0.0,0.0,False,False
2026-01-01 09:28:00,132,100.0,24.626459013026334,2.2392895220661595,0.0,5.484279208297995,0.0,0.0,False,False
2026-01-01 09:29:00,129,100.0,24.488691201377986,2.2392895220661595,0.0,1.8797358748610447,0.0,0.0,False,False
2026-01-01 09:30:00,112,100.0,24.350457160348835,2.2392895220661595,0.0,-14.481272594150475,0.0,0.0,False,False
2026-01-01 09:31:00,126,100.0,24.211759521715777,2.2392895220661595,0.0,-0.6798025598440489,0.0,0.0,False,False
2026-01-01 09:32:00,129,100.0,24.072600926081943,2.2392895220661595,0.0,2.6203581207438105,0.0,0.0,False,False
2026-01-01 09:33:00,117,100.0,23.932984022826354,2.2392895220661595,0.0,-8.996947864877537,0.0,0.0,False,False
2026-01-01 09:34:00,128,100.0,23.79291147005365,2.2392895220661595,0.0,1.89843392837443,0.0,0.0,False,False
2026-01-01 09:35:00,111,100.0,23.65238593454329,2.2392895220661595,0.0,-14.548224852577892,0.0,0.0,False,False
2026-01-01 09:36:00,139,100.0,23.51141009169893,2.2392895220661595,0.0,13.361861000121708,0.0,0.0,False,False
2026-01-01 09:37:00,138,100.0,23.369986625497376,2.2392895220661595,0.0,12.479499850594317,0.0,0.0,False,False
2026-01-01 09:38:00,123,100.0,23.228118228437594,2.2392895220661595,0.0,-2.5251733430296475,0.0,0.0,False,False
2026-01-01 09:39:00,129,100.0,23.085807601489346,2.2392895220661595,0.0,3.6345433783907315,0.0,0.0,False,False
2026-01-01 09:40:00,101,100.0,22.943057454041856,2.2392895220661595,0.0,-24.09921965799875,0.0,0.0,False,False
2026-01-01 09:41:00,113,100.0,22.799870503852127,2.2392895220661595,0.0,-11.563476602653328,0.0,0.0,False,False
2026-01-01 09:42:00,122,100.0,22.656249476993327,2.2392895220661595,0.0,-2.937789201521298,0.0,0.0,False,False
2026-01-01 09:43:00,114,100.0,22.512197107802734,2.2392895220661595,0.0,-10.721330214268592,0.0,0.0,False,False
2026-01-01 09:44:00,132,100.0,22.367716138829877,2.2392895220661595,0.0,7.143964826306588,0.0,0.0,False,False
2026-01-01 09:45:00,144,100.0,22.2228093207841,2.2392895220661595,0.0,19.97296530747994,0.0,0.0,False,False
2026-01-01 09:46:00,113,100.0,22.07747941248232,2.2392895220661595,0.0,-11.76614719429302,0.0,0.0,False,False
2026-01-01 09:47:00,116,100.0,21.93172918079655,2.2392895220661595,0.0,-8.374634040851927,0.0,0.0,False,False
2026-01-01 09:48:00,126,100.0,21.785561400601075,2.2392895220661595,0.0,2.3544836830993034,0.0,0.0,False,False
2026-01-01 09:49:00,140,100.0,21.63897885471976,2.2392895220661595,0.0,16.11116148499621,0.0,0.0,False,False
2026-01-01 09:50:00,112,100.0,21.49198433387295,2.2392895220661595,0.0,-12.223743125399032,0.0,0.0,False,False
2026-01-01 09:51:00,126,100.0,21.344580636624467,2.2392895220661595,0.0,2.49036122306942,0.0,0.0,False,False
2026-01-01 09:52:00,142,100.0,21.196770569328194,2.2392895220661595,0.0,18.212988508131087,0.0,0.0,False,False
2026-01-01 09:53:00,107,100.0,21.048556946074793,2.2392895220661595,0.0,-16.51759148179267,0.0,0.0,False,False
2026-01-01 09:54:00,110,100.0,20.899942588637956,2.2392895220661595,0.0,-12.81069206845832,0.0,0.0,False,False
2026-01-01 09:55:00,119,100.0,20.75093032642087,2.2392895220661595,0.0,-4.236066064608383,0.0,0.0,False,False
2026-01-01 09:56:00,118,100.0,20.60152299640216,2.2392895220661595,0.0,-5.205884128554111,0.0,0.0,False,False
2026-01-01 09:57:00,131,100.0,20.451723443082088,2.2392895220661595,0.0,8.126012877536446,0.0,0.0,False,False
2026-01-01 09:58:00,125,100.0,20.301534518428177,2.2392895220661595,0.0,2.4165971982083807,0.0,0.0,False,False
2026-01-01 09:59:00,105,100.0,20.15095908182107,2.2392895220661595,0.0,-17.749620596421284,0.0,0.0,False,False
2026-01-01 10:00:00,127,100.0,19.999999999999996,1.4946018717284846,0.0,5.154104029008108,0.0,0.0,False,False
2026-01-01 10:01:00,116,100.0,19.84866014700832,1.4946018717284846,0.0,-5.775388873556505,0.0,0.0,False,False
2026-01-01 10:02:00,134,100.0,19.696942404138685,1.4946018717284846,0.0,12.74447216941239,0.0,0.0,False,False
2026-01-01 10:03:00,115,100.0,19.544849659878196,1.4946018717284846,0.0,-6.275875364369197,0.0,0.0,False,False
2026-01-01 10:04:00,115,100.0,19.392384809853485,1.4946018717284846,0.0,-6.366152831022357,0.0,0.0,False,False
2026-01-01 10:05:00,126,100.0,19.239550756775504,1.4946018717284846,0.0,5.411316108045314,0.0,0.0,False,False
2026-01-01 10:06:00,128,100.0,19.086350410384345,1.4946018717284846,0.0,7.6292648233693665,0.0,0.0,False,False
2026-01-01 10:07:00,125,100.0,18.93278668739374,1.4946018717284846,0.0,4.480993639362036,0.0,0.0,False,False
2026-01-01 10:08:00,103,100.0,18.778862511435644,1.4946018717284846,0.0,-16.85597317384808,0.0,0.0,False,False
2026-01-01 10:09:00,125,100.0,18.62458081300445,1.4946018717284846,0.0,5.38034439928251,0.0,0.0,False,False
2026-01-01 10:10:00,110,100.0,18.469944529401356,1.4946018717284846,0.0,-10.34308051674399,0.0,0.0,False,False
2026-01-01 10:11:00,122,100.0,18.31495660467828,1.4946018717284846,0.0,2.352761115882635,0.0,0.0,False,False
2026-01-01 10:12:00,105,100.0,18.15961998958189,1.4946018717284846,0.0,-14.237344353990602,0.0,0.0,False,False
2026-01-01 10:13:00,124,100.0,18.003937641497398,1.4946018717284846,0.0,4.463221475430636,0.0,0.0,False,False
2026-01-01 10:14:00,111,100.0,17.84791252439236,1.4946018717284846,0.0,-8.065989043073726,0.0,0.0,False,False
2026-01-01 10:15:00,106,100.0,17.691547608760068,1.4946018717284846,0.0,-12.826346502605217,0.0,0.0,False,False
2026-01-01 10:16:00,126,100.0,17.534845871563093,1.4946018717284846,0.0,7.1382013648239955,0.0,0.0,False,False
2026-01-01 10:17:00,121,100.0,17.377810296176687,1.4946018717284846,0.0,2.416445216767513,0.0,0.0,False,False
2026-01-01 10:18:00,113,100.0,17.22044387233179,1.4946018717284846,0.0,-6.139768013928971,0.0,0.0,False,False
2026-01-01 10:19:00,133,100.0,17.062749596058342,1.4946018717284846,0.0,14.511788490210641,0.0,0.0,False,False
2026-01-01 10:20:00,114,100.0,16.904730469627978,1.4946018717284846,0.0,-4.4065242156974245,0.0,0.0,False,False
2026-01-01 10:21:00,119,100.0,16.746389501497138,1.4946018717284846,0.0,0.32107673970934664,0.0,0.0,False,False
2026-01-01 10:22:00,121,100.0,16.58772970624957,1.4946018717284846,0.0,2.689134476786009,0.0,0.0,False,False
2026-01-01 10:23:00,112,100.0,16.428754104539088,1.4946018717284846,0.0,-6.196659341286136,0.0,0.0,False,False
2026-01-01 10:24:00,122,100.0,16.269465723032017,1.4946018717284846,0.0,4.711362933999293,0.0,0.0,False,False
2026-01-01 10:25:00,112,100.0,16.109867594349492,1.4946018717284846,0.0,-5.334523471647245,0.0,0.0,False,False
2026-01-01 10:26:00,113,100.0,15.949962757009846,1.4946018717284846,0.0,-4.116383222162092,0.0,0.0,False,False
2026-01-01 10:27:00,131,100.0,15.789754255370696,1.4946018717284846,0.0,13.626426398033411,0.0,0.0,False,False
2026-01-01 10:28:00,107,100.0,15.629245139570951,1.4946018717284846,0.0,-10.40586052512433,0.0,0.0,False,False
2026-01-01 10:29:00,93,100.0,15.46843846547285,1.4946018717284846,0.0,-24.1278033092949,0.0,0.0,False,False
2026-01-01 10:30:00,133,100.0,15.307337294603595,1.4946018717284846,0.0,16.109369950118943,0.0,0.0,False,False
2026-01-01 10:31:00,142,100.0,15.145944694097317,1.4946018717284846,0.0,25.49327952607003,0.0,0.0,False,False
2026-01-01 10:32:00,112,100.0,14.984263736636471,1.4946018717284846,0.0,-4.052692654493319,0.0,0.0,False,False
2026-01-01 10:33:00,97,100.0,14.82229750039345,1.4946018717284846,0.0,-19.36838040620185,0.0,0.0,False,False
2026-01-01 10:34:00,113,100.0,14.660049068971903,1.4946018717284846,0.0,-3.1048397619594374,0.0,0.0,False,False
2026-01-01 10:35:00,113,100.0,14.497521531348054,1.4946018717284846,0.0,-2.862229498406692,0.0,0.0,False,False
2026-01-01 10:36:00,114,100.0,14.334717981812027,1.4946018717284846,0.0,-1.8992384102225703,0.0,0.0,False,False
2026-01-01 10:37:00,105,100.0,14.171641519908626,1.4946018717284846,0.0,-11.133880419218482,0.0,0.0,False,False
2026-01-01 10:38:00,121,100.0,14.008295250378717,1.4946018717284846,0.0,5.795611424764774,0.0,0.0,False,False
2026-01-01 10:39:00,121,100.0,13.844682283099715,1.4946018717284846,0.0,5.245073752860861,0.0,0.0,False,False
2026-01-01 10:40:00,100,100.0,13.680805733026755,1.4946018717284846,0.0,-14.944056198193065,0.0,0.0,False,False
2026-01-01 10:41:00,122,100.0,13.516668720133096,1.4946018717284846,0.0,6.9919673169488785,0.0,0.0,False,False
2026-01-01 10:42:00,135,100.0,13.352274369350848,1.4946018717284846,0.0,20.52684981945891,0.0,0.0,False,False
2026-01-01 10:43:00,116,100.0,13.187625810511495,1.4946018717284846,0.0,1.7196033243705986,0.0,0.0,False,False
2026-01-01 10:44:00,111,100.0,13.02272617828628,1.4946018717284846,0.0,-3.3732516206850605,0.0,0.0,False,False
2026-01-01 10:45:00,113,100.0,12.85757861212647,1.4946018717284846,0.0,-1.420032144075213,0.0,0.0,False,False
2026-01-01 10:46:00,120,100.0,12.692186256203685,1.4946018717284846,0.0,6.152567669685612,0.0,0.0,False,False
2026-01-01 10:47:00,97,100.0,12.526552259349993,1.4946018717284846,0.0,-17.306716055072183,0.0,0.0,False,False
2026-01-01 10:48:00,115,100.0,12.3606797749979,1.4946018717284846,0.0,1.6439070297730223,0.0,0.0,False,False
2026-01-01 10:49:00,110,100.0,12.194571961120431,1.4946018717284846,0.0,-3.904639494628101,0.0,0.0,False,False
2026-01-01 10:50:00,132,100.0,12.028231980170933,1.4946018717284846,0.0,18.478250129560454,0.0,0.0,False,False
2026-01-01 10:51:00,112,100.0,11.86166299902284,1.4946018717284846,0.0,-1.7417273380495788,0.0,0.0,False,False
2026-01-01 10:52:00,130,100.0,11.694868188909464,1.4946018717284846,0.0,16.678876111195198,0.0,0.0,False,False
2026-01-01 10:53:00,102,100.0,11.527850725363578,1.4946018717284846,0.0,-11.037406977820073,0.0,0.0,False,False
2026-01-01 10:54:00,119,100.0,11.360613788156904,1.4946018717284846,0.0,5.872591668027923,0.0,0.0,False,False
2026-01-01 10:55:00,116,100.0,11.193160561239708,1.4946018717284846,0.0,3.194002637912288,0.0,0.0,False,False
2026-01-01 10:56:00,104,100.0,11.025494232679968,1.4946018717284846,0.0,-8.690472478647823,0.0,0.0,False,False
2026-01-01 10:57:00,114,100.0,10.857617994602984,1.4946018717284846,0.0,1.7739611463694045,0.0,0.0,False,False
2026-01-01 10:58:00,124,100.0,10.689535043130265,1.4946018717284846,0.0,12.125188368316005,0.0,0.0,False,False
2026-01-01 10:59:00,109,100.0,10.521248578319009,1.4946018717284846,0.0,-3.237917042866007,0.0,0.0,False,False
2026-01-01 11:00:00,94,100.0,10.35276180410084,0.7478238855265089,0.0,-16.91962649169763,0.0,0.0,False,False
2026-01-01 11:01:00,111,100.0,10.184077928221091,0.7478238855265089,0.0,-0.1756282647744591,0.0,0.0,False,False
2026-01-01 11:02:00,102,100.0,10.01520016217767,0.7478238855265089,0.0,-9.024230947925126,0.0,0.0,False,False
2026-01-01 11:03:00,107,100.0,9.846131721159711,0.7478238855265089,0.0,-3.4234093866388235,0.0,0.0,False,False
2026-01-01 11:04:00,110,100.0,9.676875823986727,0.7478238855265089,0.0,-0.8158776968512098,0.0,0.0,False,False
2026-01-01 11:05:00,93,100.0,9.507435693046917,0.7478238855265089,0.0,-17.056522160155172,0.0,0.0,False,False
2026-01-01 11:06:00,94,100.0,9.337814554236221,0.7478238855265089,0.0,-16.15658339320678,0.0,0.0,False,False
2026-01-01 11:07:00,115,100.0,9.168015636896582,0.7478238855265089,0.0,4.820668355255252,0.0,0.0,False,False
2026-01-01 11:08:00,105,100.0,8.998042173754609,0.7478238855265089,0.0,-5.227186961696804,0.0,0.0,False,False
2026-01-01 11:09:00,84,100.0,8.827897400860046,0.7478238855265089,0.0,-25.647443418205672,0.0,0.0,False,False
2026-01-01 11:10:00,117,100.0,8.657584557524128,0.7478238855265089,0.0,7.84844036608135,0.0,0.0,False,False
2026-01-01 11:11:00,112,100.0,8.487106886257855,0.7478238855265089,0.0,2.7236975527423986,0.0,0.0,False,False
2026-01-01 11:12:00,102,100.0,8.316467632710372,0.7478238855265089,0.0,-7.13874824036484,0.0,0.0,False,False
2026-01-01 11:13:00,96,100.0,8.145670045607108,0.7478238855265089,0.0,-13.168302110582415,0.0,0.0,False,False
2026-01-01 11:14:00,117,100.0,7.97471737668789,0.7478238855265089,0.0,8.358078963143372,0.0,0.0,False,False
2026-01-01 11:15:00,112,100.0,7.803612880645127,0.7478238855265089,0.0,3.493506225604296,0.0,0.0,False,False
2026-01-01 11:16:00,132,100.0,7.632359815061799,0.7478238855265089,0.0,23.826022826840735,0.0,0.0,False,False
2026-01-01 11:17:00,112,100.0,7.460961440349385,0.7478238855265089,0.0,4.201885987249374,0.0,0.0,False,False
2026-01-01 11:18:00,112,100.0,7.289421019685891,0.7478238855265089,0.0,3.8770314126201484,0.0,0.0,False,False
2026-01-01 11:19:00,106,100.0,7.117741818953674,0.7478238855265089,0.0,-1.6692793010856513,0.0,0.0,False,False
2026-01-01 11:20:00,116,100.0,6.945927106677211,0.7478238855265089,0.0,8.16775867200791,0.0,0.0,False,False
2026-01-01 11:21:00,114,100.0,6.77398015396101,0.7478238855265089,0.0,6.250852012481537,0.0,0.0,False,False
2026-01-01 11:22:00,120,100.0,6.601904234427106,0.7478238855265089,0.0,12.51725008565195,0.0,0.0,False,False
2026-01-01 11:23:00,102,100.0,6.429702624153055,0.7478238855265089,0.0,-5.213229186372848,0.0,0.0,False,False
2026-01-01 11:24:00,103,100.0,6.257378601609221,0.7478238855265089,0.0,-4.354074729439623,0.0,0.0,False,False
2026-01-01 11:25:00,102,100.0,6.084935447596683,0.7478238855265089,0.0,-4.791031709119801,0.0,0.0,False,False
2026-01-01 11:26:00,115,100.0,5.912376445184416,0.7478238855265089,0.0,7.9080172117898915,0.0,0.0,False,False
2026-01-01 11:27:00,121,100.0,5.739704879647192,0.7478238855265089,0.0,14.983744402967321,0.0,0.0,False,False
2026-01-01 11:28:00,102,100.0,5.56692403840263,0.7478238855265089,0.0,-4.588404931493006,0.0,0.0,False,False
2026-01-01 11:29:00,102,100.0,5.394037210948925,0.7478238855265089,0.0,-4.247737277930913,0.0,0.0,False,False
2026-01-01 11:30:00,109,100.0,5.22104768880208,0.7478238855265089,0.0,3.140772238697992,0.0,0.0,False,False
2026-01-01 11:31:00,103,100.0,5.047958765433183,0.7478238855265089,0.0,-2.4576150001290142,0.0,0.0,False,False
2026-01-01 11:32:00,115,100.0,4.874773736205902,0.7478238855265089,0.0,9.5205365313989,0.0,0.0,False,False
2026-01-01 11:33:00,83,100.0,4.701495898313519,0.7478238855265089,0.0,-22.517772906190466,0.0,0.0,False,False
2026-01-01 11:34:00,97,100.0,4.528128550716276,0.7478238855265089,0.0,-8.267050469168947,0.0,0.0,False,False
2026-01-01 11:35:00,97,100.0,4.354674994078583,0.7478238855265089,0.0,-7.824163339614458,0.0,0.0,False,False
2026-01-01 11:36:00,82,100.0,4.181138530706149,0.7478238855265089,0.0,-23.20356012386145,0.0,0.0,False,False
2026-01-01 11:37:00,95,100.0,4.007522464483055,0.7478238855265089,0.0,-9.63638444368804,0.0,0.0,False,False
2026-01-01 11:38:00,95,100.0,3.8338301008089566,0.7478238855265089,0.0,-9.15156115845926,0.0,0.0,False,False
2026-01-01 11:39:00,102,100.0,3.660064746536103,0.7478238855265089,0.0,-2.0110465451883033,0.0,0.0,False,False
2026-01-01 11:40:00,115,100.0,3.4862297099063277,0.7478238855265089,0.0,11.129658916602637,0.0,0.0,False,False
2026-01-01 11:41:00,102,100.0,3.3123283004881676,0.7478238855265089,0.0,-2.4506065119070235,0.0,0.0,False,False
2026-01-01 11:42:00,94,100.0,3.1383638291138203,0.7478238855265089,0.0,-10.308137202711539,0.0,0.0,False,False
2026-01-01 11:43:00,103,100.0,2.964339607815967,0.7478238855265089,0.0,-0.5695454121352899,0.0,0.0,False,False
2026-01-01 11:44:00,114,100.0,2.7902589497650387,0.7478238855265089,0.0,10.491736214413494,0.0,0.0,False,False
2026-01-01 11:45:00,94,100.0,2.616125169205725,0.7478238855265089,0.0,-9.759588161149049,0.0,0.0,False,False
2026-01-01 11:46:00,94,100.0,2.44194158139427,0.7478238855265089,0.0,-9.105748839214487,0.0,0.0,False,False
2026-01-01 11:47:00,109,100.0,2.267711502535124,0.7478238855265089,0.0,5.585489592742235,0.0,0.0,False,False
2026-01-01 11:48:00,101,100.0,2.093438249717752,0.7478238855265089,0.0,-2.2153611573080054,0.0,0.0,False,False
2026-01-01 11:49:00,109,100.0,1.9191251408537677,0.7478238855265089,0.0,6.474846907094744,0.0,0.0,False,False
2026-01-01 11:50:00,102,100.0,1.744775494613425,0.7478238855265089,0.0,-0.13646791795296762,0.0,0.0,False,False
2026-01-01 11:51:00,109,100.0,1.570392630362758,0.7478238855265089,0.0,7.01663648089567,0.0,0.0,False,False
2026-01-01 11:52:00,92,100.0,1.395979868100028,0.7478238855265089,0.0,-10.350781140406408,0.0,0.0,False,False
2026-01-01 11:53:00,102,100.0,1.2215405283929242,0.7478238855265089,0.0,-0.1208465078826744,0.0,0.0,False,False
2026-01-01 11:54:00,100,100.0,1.0470779323149368,0.7478238855265089,0.0,-2.1069001436315684,0.0,0.0,False,False
2026-01-01 11:55:00,89,100.0,0.8725954013824487,0.7478238855265089,0.0,-12.158909241041307,0.0,0.0,False,False
2026-01-01 11:56:00,86,100.0,0.6980962574913553,0.7478238855265089,0.0,-15.634779478686884,0.0,0.0,False,False
2026-01-01 11:57:00,108,100.0,0.5235838228537855,0.7478238855265089,0.0,6.857490352746618,0.0,0.0,False,False
2026-01-01 11:58:00,98,100.0,0.3490614199349584,0.7478238855265089,0.0,-3.509523822179781,0.0,0.0,False,False
2026-01-01 11:59:00,91,100.0,0.17453237138987465,0.7478238855265089,0.0,-10.222802816473296,0.0,0.0,False,False
2026-01-01 12:00:00,99,100.0,4.898587196589413e-15,2.4492935982947065e-15,0.0,-0.9617893692333225,0.0,0.0,False,False
2026-01-01 12:01:00,111,100.0,-0.17453237138986483,2.4492935982947065e-15,0.0,11.280188573493026,0.0,0.0,False,False
2026-01-01 12:02:00,77,100.0,-0.3490614199349485,2.4492935982947065e-15,0.0,-22.80737845371923,0.0,0.0,False,False
2026-01-01 12:03:00,85,100.0,-0.5235838228537757,2.4492935982947065e-15,0.0,-14.966386899033264,0.0,0.0,False,False
2026-01-01 12:04:00,90,100.0,-0.6980962574913454,2.4492935982947065e-15,0.0,-9.228864418952675,0.0,0.0,False,False
2026-01-01 12:05:00,114,100.0,-0.872595401382439,2.4492935982947065e-15,0.0,14.611788667203289,0.0,0.0,False,False
2026-01-01 12:06:00,102,100.0,-1.047077932314927,2.4492935982947065e-15,0.0,2.825869829192965,0.0,0.0,False,False
2026-01-01 12:07:00,106,100.0,-1.2215405283929144,2.4492935982947065e-15,0.0,7.673172404612268,0.0,0.0,False,False
2026-01-01 12:08:00,87,100.0,-1.3959798681000182,2.4492935982947065e-15,0.0,-11.401609191262306,0.0,0.0,False,False
2026-01-01 12:09:00,87,100.0,-1.5703926303627482,2.4492935982947065e-15,0.0,-11.195358752705262,0.0,0.0,False,False
2026-01-01 12:10:00,103,100.0,-1.7447754946134153,2.4492935982947065e-15,0.0,4.478137167227104,0.0,0.0,False,False
2026-01-01 12:11:00,99,100.0,-1.919125140853758,2.4492935982947065e-15,0.0,0.5827433093544655,0.0,0.0,False,False
2026-01-01 12:12:00,103,100.0,-2.0934382497177424,2.4492935982947065e-15,0.0,5.487388188641265,0.0,0.0,False,False
2026-01-01 12:13:00,96,100.0,-2.267711502535114,2.4492935982947065e-15,0.0,-1.8767099092845214,0.0,0.0,False,False
2026-01-01 12:14:00,100,100.0,-2.4419415813942598,2.4492935982947065e-15,0.0,2.7814372645462697,0.0,0.0,False,False
2026-01-01 12:15:00,99,100.0,-2.6161251692057146,2.4492935982947065e-15,0.0,1.5811908490510918,0.0,0.0,False,False
2026-01-01 12:16:00,105,100.0,-2.790258949765029,2.4492935982947065e-15,0.0,7.777673890849254,0.0,0.0,False,False
2026-01-01 12:17:00,105,100.0,-2.964339607815958,2.4492935982947065e-15,0.0,8.070082819444707,0.0,0.0,False,False
2026-01-01 12:18:00,81,100.0,-3.1383638291138105,2.4492935982947065e-15,0.0,-16.1987199439177,0.0,0.0,False,False
2026-01-01 12:19:00,74,100.0,-3.3123283004881583,2.4492935982947065e-15,0.0,-22.472685553408557,0.0,0.0,False,False
2026-01-01 12:20:00,107,100.0,-3.4862297099063175,2.4492935982947065e-15,0.0,10.017453976515071,0.0,0.0,False,False
2026-01-01 12:21:00,108,100.0,-3.6600647465360936,2.4492935982947065e-15,0.0,11.877250932619365,0.0,0.0,False,False
2026-01-01 12:22:00,86,100.0,-3.8338301008089464,2.4492935982947065e-15,0.0,-10.206230195133374,0.0,0.0,False,False
2026-01-01 12:23:00,77,100.0,-4.007522464483046,2.4492935982947065e-15,0.0,-18.598354065456284,0.0,0.0,False,False
2026-01-01 12:24:00,97,100.0,-4.18113853070614,2.4492935982947065e-15,0.0,0.9903482100720091,0.0,0.0,False,False
2026-01-01 12:25:00,105,100.0,-4.3546749940785725,2.4492935982947065e-15,0.0,9.308382263505294,0.0,0.0,False,False
2026-01-01 12:26:00,113,100.0,-4.528128550716265,2.4492935982947065e-15,0.0,17.975945224343146,0.0,0.0,False,False
2026-01-01 12:27:00,100,100.0,-4.701495898313509,2.4492935982947065e-15,0.0,5.16297572101451,0.0,0.0,False,False
2026-01-01 12:28:00,91,100.0,-4.874773736205892,2.4492935982947065e-15,0.0,-3.7171669658569497,0.0,0.0,False,False
2026-01-01 12:29:00,86,100.0,-5.047958765433172,2.4492935982947065e-15,0.0,-8.931306215848627,0.0,0.0,False,False
2026-01-01 12:30:00,95,100.0,-5.221047688802071,2.4492935982947065e-15,0.0,0.11451291670654416,0.0,0.0,False,False
2026-01-01 12:31:00,92,100.0,-5.394037210948916,2.4492935982947065e-15,0.0,-2.9926470388525637,0.0,0.0,False,False
2026-01-01 12:32:00,84,100.0,-5.566924038402621,2.4492935982947065e-15,0.0,-10.150679057288162,0.0,0.0,False,False
2026-01-01 12:33:00,115,100.0,-5.7397048796471815,2.4492935982947065e-15,0.0,20.487556508632867,0.0,0.0,False,False
2026-01-01 12:34:00,112,100.0,-5.912376445184407,2.4492935982947065e-15,0.0,17.85168402072131,0.0,0.0,False,False
2026-01-01 12:35:00,105,100.0,-6.084935447596673,2.4492935982947065e-15,0.0,11.360486835554283,0.0,0.0,False,False
2026-01-01 12:36:00,85,100.0,-6.257378601609212,2.4492935982947065e-15,0.0,-9.208503978091276,0.0,0.0,False,False
2026-01-01 12:37:00,102,100.0,-6.4297026241530455,2.4492935982947065e-15,0.0,8.550193242972789,0.0,0.0,False,False
2026-01-01 12:38:00,100,100.0,-6.6019042344270975,2.4492935982947065e-15,0.0,6.396264094979019,0.0,0.0,False,False
2026-01-01 12:39:00,98,100.0,-6.773980153961,2.4492935982947065e-15,0.0,4.4254562420405295,0.0,0.0,False,False
2026-01-01 12:40:00,106,100.0,-6.9459271066772015,2.4492935982947065e-15,0.0,12.496652670437772,0.0,0.0,False,False
2026-01-01 12:41:00,99,100.0,-7.1177418189536645,2.4492935982947065e-15,0.0,6.353711428612774,0.0,0.0,False,False
2026-01-01 12:42:00,100,100.0,-7.289421019685881,2.4492935982947065e-15,0.0,7.400142363043355,0.0,0.0,False,False
2026-01-01 12:43:00,99,100.0,-7.460961440349375,2.4492935982947065e-15,0.0,6.369062833722101,0.0,0.0,False,False
2026-01-01 12:44:00,96,100.0,-7.632359815061789,2.4492935982947065e-15,0.0,3.407914080021059,0.0,0.0,False,False
2026-01-01 12:45:00,74,100.0,-7.803612880645117,2.4492935982947065e-15,0.0,-17.836111297141834,0.0,0.0,False,False
2026-01-01 12:46:00,93,100.0,-7.97471737668788,2.4492935982947065e-15,0.0,0.8362107741055723,0.0,0.0,False,False
2026-01-01 12:47:00,86,100.0,-8.145670045607098,2.4492935982947065e-15,0.0,-5.561919588491252,0.0,0.0,False,False
2026-01-01 12:48:00,79,100.0,-8.316467632710363,2.4492935982947065e-15,0.0,-12.798409576400205,0.0,0.0,False,False
2026-01-01 12:49:00,108,100.0,-8.487106886257846,2.4492935982947065e-15,0.0,16.81816619300824,0.0,0.0,False,False
2026-01-01 12:50:00,109,100.0,-8.657584557524117,2.4492935982947065e-15,0.0,17.289953408857034,0.0,0.0,False,False
2026-01-01 12:51:00,105,100.0,-8.827897400860035,2.4492935982947065e-15,0.0,13.59220600295612,0.0,0.0,False,False
2026-01-01 12:52:00,94,100.0,-8.998042173754598,2.4492935982947065e-15,0.0,2.552134168558746,0.0,0.0,False,False
2026-01-01 12:53:00,104,100.0,-9.168015636896572,2.4492935982947065e-15,0.0,13.506251209526567,0.0,0.0,False,False
2026-01-01 12:54:00,91,100.0,-9.33781455423621,2.4492935982947065e-15,0.0,0.12053180601825543,0.0,0.0,False,False
2026-01-01 12:55:00,93,100.0,-9.507435693046908,2.4492935982947065e-15,0.0,2.0279727689777935,0.0,0.0,False,False
2026-01-01 12:56:00,79,100.0,-9.676875823986716,2.4492935982947065e-15,0.0,-10.93471370461983,0.0,0.0,False,False
2026-01-01 12:57:00,94,100.0,-9.846131721159702,2.4492935982947065e-15,0.0,3.9699130449884,0.0,0.0,False,False
2026-01-01 12:58:00,91,100.0,-10.015200162177662,2.4492935982947065e-15,0.0,0.603859284244171,0.0,0.0,False,False
2026-01-01 12:59:00,77,100.0,-10.18407792822108,2.4492935982947065e-15,0.0,-13.026521168344644,0.0,0.0,False,False
2026-01-01 13:00:00,88,100.0,-10.352761804100831,-0.747823885526504,0.0,-0.5119711181659691,0.0,0.0,False,False
2026-01-01 13:01:00,88,100.0,-10.521248578318998,-0.747823885526504,0.0,-0.7972956385680847,0.0,0.0,False,False
2026-01-01 13:02:00,107,100.0,-10.689535043130254,-0.747823885526504,0.0,17.9756116664464,0.0,0.0,False,False
2026-01-01 13:03:00,97,100.0,-10.857617994602972,-0.747823885526504,0.0,8.942133285134094,0.0,0.0,False,False
2026-01-01 13:04:00,88,100.0,-11.02549423267996,-0.747823885526504,0.0,0.11445439091466016,0.0,0.0,False,False
2026-01-01 13:05:00,91,100.0,-11.193160561239699,-0.747823885526504,0.0,2.48787309801083,0.0,0.0,False,False
2026-01-01 13:06:00,88,100.0,-11.360613788156895,-0.747823885526504,0.0,0.4421237810419806,0.0,0.0,False,False
2026-01-01 13:07:00,86,100.0,-11.52785072536357,-0.747823885526504,0.0,-2.029139847955477,0.0,0.0,False,False
2026-01-01 13:08:00,77,100.0,-11.694868188909455,-0.747823885526504,0.0,-10.824271973882869,0.0,0.0,False,False
2026-01-01 13:09:00,86,100.0,-11.86166299902283,-0.747823885526504,0.0,-1.5105187760692926,0.0,0.0,False,False
2026-01-01 13:10:00,80,100.0,-12.028231980170922,-0.747823885526504,0.0,-7.460982566525134,0.0,0.0,False,False
2026-01-01 13:11:00,75,100.0,-12.19457196112042,-0.747823885526504,0.0,-12.503155389231464,0.0,0.0,False,False
2026-01-01 13:12:00,92,100.0,-12.360679774997891,-0.747823885526504,0.0,5.112218145475347,0.0,0.0,False,False
2026-01-01 13:13:00,91,100.0,-12.526552259349984,-0.747823885526504,0.0,3.9126465993323496,0.0,0.0,False,False
2026-01-01 13:14:00,69,100.0,-12.692186256203676,-0.747823885526504,0.0,-17.86707511368078,0.0,0.0,False,False
2026-01-01 13:15:00,85,100.0,-12.857578612126462,-0.747823885526504,0.0,-1.2268463749512721,0.0,0.0,False,False
2026-01-01 13:16:00,96,100.0,-13.02272617828627,-0.747823885526504,0.0,9.957013858999236,0.0,0.0,False,False
2026-01-01 13:17:00,97,100.0,-13.187625810511484,-0.747823885526504,0.0,10.592237388963209,0.0,0.0,False,False
2026-01-01 13:18:00,96,100.0,-13.352274369350837,-0.747823885526504,0.0,10.258368428852387,0.0,0.0,False,False
2026-01-01 13:19:00,86,100.0,-13.516668720133087,-0.747823885526504,0.0,0.389132069014598,0.0,0.0,False,False
2026-01-01 13:20:00,77,100.0,-13.680805733026746,-0.747823885526504,0.0,-8.45045327969151,0.0,0.0,False,False
2026-01-01 13:21:00,75,100.0,-13.844682283099704,-0.747823885526504,0.0,-10.836988273580605,0.0,0.0,False,False
2026-01-01 13:22:00,89,100.0,-14.008295250378708,-0.747823885526504,0.0,3.4460490475035748,0.0,0.0,False,False
2026-01-01 13:23:00,89,100.0,-14.171641519908615,-0.747823885526504,0.0,3.79280034365163,0.0,0.0,False,False
2026-01-01 13:24:00,98,100.0,-14.334717981812018,-0.747823885526504,0.0,12.873311116050655,0.0,0.0,False,False
2026-01-01 13:25:00,96,100.0,-14.497521531348045,-0.747823885526504,0.0,10.999796503420836,0.0,0.0,False,False
2026-01-01 13:26:00,83,100.0,-14.660049068971894,-0.747823885526504,0.0,-1.322286565311721,0.0,0.0,False,False
2026-01-01 13:27:00,72,100.0,-14.822297500393443,-0.747823885526504,0.0,-12.442058788608694,0.0,0.0,False,False
2026-01-01 13:28:00,81,100.0,-14.984263736636462,-0.747823885526504,0.0,-3.191065970108978,0.0,0.0,False,False
2026-01-01 13:29:00,86,100.0,-15.14594469409731,-0.747823885526504,0.0,2.1723119481052464,0.0,0.0,False,False
2026-01-01 13:30:00,82,100.0,-15.307337294603586,-0.747823885526504,0.0,-2.020832453894041,0.0,0.0,False,False
2026-01-01 13:31:00,78,100.0,-15.468438465472843,-0.747823885526504,0.0,-5.778941080776558,0.0,0.0,False,False
2026-01-01 13:32:00,86,100.0,-15.629245139570942,-0.747823885526504,0.0,2.528848149698989,0.0,0.0,False,False
2026-01-01 13:33:00,78,100.0,-15.789754255370687,-0.747823885526504,0.0,-5.0395774141061045,0.0,0.0,False,False
2026-01-01 13:34:00,77,100.0,-15.949962757009837,-0.747823885526504,0.0,-6.280660837253739,0.0,0.0,False,False
2026-01-01 13:35:00,86,100.0,-16.10986759434948,-0.747823885526504,0.0,3.1145283430343955,0.0,0.0,False,False
2026-01-01 13:36:00,79,100.0,-16.26946572303201,-0.747823885526504,0.0,-4.0199258012920485,0.0,0.0,False,False
2026-01-01 13:37:00,85,100.0,-16.42875410453908,-0.747823885526504,0.0,2.441043889783521,0.0,0.0,False,False
2026-01-01 13:38:00,255,100.0,-16.587729706249558,-0.747823885526504,0.0,2.732040228521227,169.36925072079686,0.0,True,False
2026-01-01 13:39:00,71,100.0,-16.746389501497127,-0.747823885526504,0.0,-11.394290010915746,0.0,0.0,False,False
2026-01-01 13:40:00,78,100.0,-16.90473046962797,-0.747823885526504,0.0,-4.812411238654121,0.0,0.0,False,False
2026-01-01 13:41:00,97,100.0,-17.06274959605833,-0.747823885526504,0.0,14.377769399164624,0.0,0.0,False,False
2026-01-01 13:42:00,70,100.0,-17.220443872331778,-0.747823885526504,0.0,-11.620795127342872,0.0,0.0,False,False
2026-01-01 13:43:00,61,100.0,-17.37781029617668,-0.747823885526504,0.0,-21.16654448970531,0.0,0.0,False,False
2026-01-01 13:44:00,63,100.0,-17.534845871563082,-0.747823885526504,0.0,-18.618451532425116,0.0,0.0,False,False
2026-01-01 13:45:00,82,100.0,-17.691547608760057,-0.747823885526504,0.0,0.29109946576669204,0.0,0.0,False,False
2026-01-01 13:46:00,82,100.0,-17.84791252439235,-0.747823885526504,0.0,0.3091727803269891,0.0,0.0,False,False
2026-01-01 13:47:00,80,100.0,-18.00393764149739,-0.747823885526504,0.0,-1.1761085542512093,0.0,0.0,False,False
2026-01-01 13:48:00,93,100.0,-18.159619989581884,-0.747823885526504,0.0,12.141898289285017,0.0,0.0,False,False
2026-01-01 13:49:00,54,100.0,-18.314956604678258,-0.747823885526504,0.0,-26.72834433102938,0.0,0.0,False,False
2026-01-01 13:50:00,85,100.0,-18.469944529401367,-0.747823885526504,0.0,3.959338744308236,0.0,0.0,False,False
2026-01-01 13:51:00,96,100.0,-18.62458081300444,-0.747823885526504,0.0,15.614382018035734,0.0,0.0,False,False
2026-01-01 13:52:00,69,100.0,-18.778862511435634,-0.747823885526504,0.0,-11.27780764891714,0.0,0.0,False,False
2026-01-01 13:53:00,77,100.0,-18.93278668739373,-0.747823885526504,0.0,-3.7980651178989513,0.0,0.0,False,False
2026-01-01 13:54:00,73,100.0,-19.08635041038432,-0.747823885526504,0.0,-7.528919172286209,0.0,0.0,False,False
2026-01-01 13:55:00,71,100.0,-19.239550756775497,-0.747823885526504,0.0,-8.943460460775288,0.0,0.0,False,False
2026-01-01 13:56:00,77,100.0,-19.39238480985348,-0.747823885526504,0.0,-3.2626200502304,0.0,0.0,False,False
2026-01-01 13:57:00,94,100.0,-19.544849659878185,-0.747823885526504,0.0,14.274852836845046,0.0,0.0,False,False
2026-01-01 13:58:00,98,100.0,-19.696942404138678,-0.747823885526504,0.0,18.373866754875202,0.0,0.0,False,False
2026-01-01 13:59:00,76,100.0,-19.848660147008328,-0.747823885526504,0.0,-3.359392250401477,0.0,0.0,False,False
2026-01-01 14:00:00,98,100.0,-19.99999999999999,-1.4946018717284795,0.0,19.050602140644703,0.0,0.0,False,False
2026-01-01 14:01:00,79,100.0,-20.150959081821046,-1.4946018717284795,0.0,0.3557647698462486,0.0,0.0,False,False
2026-01-01 14:02:00,96,100.0,-20.30153451842817,-1.4946018717284795,0.0,17.53691026701081,0.0,0.0,False,False
2026-01-01 14:03:00,77,100.0,-20.451723443082077,-1.4946018717284795,0.0,-0.9329864965349177,0.0,0.0,False,False
2026-01-01 14:04:00,79,100.0,-20.601522996402167,-1.4946018717284795,0.0,1.310578260461443,0.0,0.0,False,False
2026-01-01 14:05:00,81,100.0,-20.750930326420864,-1.4946018717284795,0.0,3.6547447264283455,0.0,0.0,False,False
2026-01-01 14:06:00,109,100.0,-20.89994258863795,-1.4946018717284795,0.0,31.788536793675352,0.0,0.0,False,False
2026-01-01 14:07:00,86,100.0,-21.048556946074783,-1.4946018717284795,0.0,8.51285574844789,0.0,0.0,False,False
2026-01-01 14:08:00,70,100.0,-21.196770569328173,-1.4946018717284795,0.0,-7.072645299514636,0.0,0.0,False,False
2026-01-01 14:09:00,87,100.0,-21.34458063662446,-1.4946018717284795,0.0,9.68997870275858,0.0,0.0,False,False
2026-01-01 14:10:00,73,100.0,-21.491984333872942,-1.4946018717284795,0.0,-3.618325370843415,0.0,0.0,False,False
2026-01-01 14:11:00,72,100.0,-21.638978854719767,-1.4946018717284795,0.0,-4.897501829012091,0.0,0.0,False,False
2026-01-01 14:12:00,86,100.0,-21.78556140060107,-1.4946018717284795,0.0,9.086013598921113,0.0,0.0,False,False
2026-01-01 14:13:00,77,100.0,-21.93172918079656,-1.4946018717284795,0.0,0.31085587771152784,0.0,0.0,False,False
2026-01-01 14:14:00,79,100.0,-22.077479412482308,-1.4946018717284795,0.0,2.7857591451180608,0.0,0.0,False,False
2026-01-01 14:15:00,76,100.0,-22.22280932078408,-1.4946018717284795,0.0,0.13985221865292463,0.0,0.0,False,False
2026-01-01 14:16:00,80,100.0,-22.36771613882988,-1.4946018717284795,0.0,3.365831266054347,0.0,0.0,False,False
2026-01-01 14:17:00,80,100.0,-22.512197107802727,-1.4946018717284795,0.0,4.249658974361492,0.0,0.0,False,False
2026-01-01 14:18:00,56,100.0,-22.656249476993317,-1.4946018717284795,0.0,-19.369669327054154,0.0,0.0,False,False
2026-01-01 14:19:00,82,100.0,-22.79987050385212,-1.4946018717284795,0.0,6.6657266860953355,0.0,0.0,False,False
2026-01-01 14:20:00,66,100.0,-22.943057454041835,-1.4946018717284795,0.0,-9.820194198303007,0.0,0.0,False,False
2026-01-01 14:21:00,61,100.0,-23.085807601489336,-1.4946018717284795,0.0,-14.422991355594112,0.0,0.0,False,False
2026-01-01 14:22:00,75,100.0,-23.22811822843759,-1.4946018717284795,0.0,-0.5841124385868244,0.0,0.0,False,False
2026-01-01 14:23:00,76,100.0,-23.36998662549737,-1.4946018717284795,0.0,0.8398100331445426,0.0,0.0,False,False
2026-01-01 14:24:00,68,100.0,-23.51141009169892,-1.4946018717284795,0.0,-6.935061645722808,0.0,0.0,False,False
2026-01-01 14:25:00,83,100.0,-23.652385934543293,-1.4946018717284795,0.0,8.310318576679744,0.0,0.0,False,False
2026-01-01 14:26:00,61,100.0,-23.792911470053642,-1.4946018717284795,0.0,-13.42175166370907,0.0,0.0,False,False
2026-01-01 14:27:00,71,100.0,-23.932984022826357,-1.4946018717284795,0.0,-4.069437487725589,0.0,0.0,False,False
2026-01-01 14:28:00,69,100.0,-24.072600926081936,-1.4946018717284795,0.0,-5.848741349330007,0.0,0.0,False,False
2026-01-01 14:29:00,74,100.0,-24.211759521715756,-1.4946018717284795,0.0,-0.4658727033933937,0.0,0.0,False,False
2026-01-01 14:30:00,77,100.0,-24.350457160348824,-1.4946018717284795,0.0,2.7886428464723876,0.0,0.0,False,False
2026-01-01 14:31:00,64,100.0,-24.488691201377975,-1.4946018717284795,0.0,-10.078929496235446,0.0,0.0,False,False
2026-01-01 14:32:00,81,100.0,-24.626459013026327,-1.4946018717284795,0.0,7.242826774562282,0.0,0.0,False,False
2026-01-01 14:33:00,74,100.0,-24.763757972393364,-1.4946018717284795,0.0,0.6300236833469973,0.0,0.0,False,False
2026-01-01 14:34:00,55,100.0,-24.90058546550476,-1.4946018717284795,0.0,-18.919462533119106,0.0,0.0,False,False
2026-01-01 14:35:00,54,100.0,-25.036938887362364,-1.4946018717284795,0.0,-19.58591440397031,0.0,0.0,False,False
2026-01-01 14:36:00,73,100.0,-25.17281564199349,-1.4946018717284795,0.0,-0.12319292929311235,0.0,0.0,False,False
2026-01-01 14:37:00,71,100.0,-25.30821314250065,-1.4946018717284795,0.0,-2.209673177863541,0.0,0.0,False,False
2026-01-01 14:38:00,72,100.0,-25.443128811110544,-1.4946018717284795,0.0,-1.034201135746335,0.0,0.0,False,False
2026-01-01 14:39:00,73,100.0,-25.577560079223396,-1.4946018717284795,0.0,-0.2798245653021798,0.0,0.0,False,False
2026-01-01 14:40:00,75,100.0,-25.711504387461556,-1.4946018717284795,0.0,2.2555983951018073,0.0,0.0,False,False
2026-01-01 14:41:00,82,100.0,-25.844959185718544,-1.4946018717284795,0.0,9.476496098482997,0.0,0.0,False,False
2026-01-01 14:42:00,61,100.0,-25.97792193320734,-1.4946018717284795,0.0,-11.111049009175582,0.0,0.0,False,False
2026-01-01 14:43:00,61,100.0,-26.110390098508883,-1.4946018717284795,0.0,-11.719715929007947,0.0,0.0,False,False
2026-01-01 14:44:00,61,100.0,-26.24236115962028,-1.4946018717284795,0.0,-10.933238578873825,0.0,0.0,False,False
2026-01-01 14:45:00,75,100.0,-26.373832604002754,-1.4946018717284795,0.0,2.889166671687069,0.0,0.0,False,False
2026-01-01 14:46:00,84,100.0,-26.504801928629487,-1.4946018717284795,0.0,12.449473786464456,0.0,0.0,False,False
2026-01-01 14:47:00,68,100.0,-26.635266640033368,-1.4946018717284795,0.0,-4.313394382395105,0.0,0.0,False,False
2026-01-01 14:48:00,47,100.0,-26.76522425435433,-1.4946018717284795,0.0,-25.016998441596545,0.0,0.0,False,False
2026-01-01 14:49:00,55,100.0,-26.894672297386713,-1.4946018717284795,0.0,-17.039928626103755,0.0,0.0,False,False
2026-01-01 14:50:00,63,100.0,-27.023608304626407,-1.4946018717284795,0.0,-8.330367227960116,0.0,0.0,False,False
2026-01-01 14:51:00,66,100.0,-27.152029821317672,-1.4946018717284795,0.0,-5.577288874952147,0.0,0.0,False,False
2026-01-01 14:52:00,67,100.0,-27.279934402499933,-1.4946018717284795,0.0,-4.083886272547264,0.0,0.0,False,False
2026-01-01 14:53:00,71,100.0,-27.407319613054362,-1.4946018717284795,0.0,0.38581122980917065,0.0,0.0,False,False
2026-01-01 14:54:00,68,100.0,-27.534183027750167,-1.4946018717284795,0.0,-3.117463308224471,0.0,0.0,False,False
2026-01-01 14:55:00,81,100.0,-27.66052223129076,-1.4946018717284795,0.0,10.493396105434073,0.0,0.0,False,False
2026-01-01 14:56:00,64,100.0,-27.78633481835989,-1.4946018717284795,0.0,-6.760173056813688,0.0,0.0,False,False
2026-01-01 14:57:00,62,100.0,-27.911618393667187,-1.4946018717284795,0.0,-8.623179594755431,0.0,0.0,False,False
2026-01-01 14:58:00,75,100.0,-28.036370571994034,-1.4946018717284795,0.0,4.788755385204616,0.0,0.0,False,False
2026-01-01 14:59:00,55,100.0,-28.160588978238724,-1.4946018717284795,0.0,-15.356420699261193,0.0,0.0,False,False
2026-01-01 15:00:00,73,100.0,-28.284271247461884,-2.2392895220661546,0.0,3.896917053200022,0.0,0.0,False,False
2026-01-01 15:01:00,70,100.0,-28.407415024931417,-2.2392895220661546,0.0,1.0255318372626685,0.0,0.0,False,False
2026-01-01 15:02:00,68,100.0,-28.530017966167254,-2.2392895220661546,0.0,-1.4744248991816742,0.0,0.0,False,False
2026-01-01 15:03:00,140,100.0,-28.65207773698618,-2.2392895220661546,0.0,15.882761071492624,54.66262700120454,0.0,True,False
2026-01-01 15:04:00,63,100.0,-28.773592013546036,-2.2392895220661546,0.0,-6.222074452947179,0.0,0.0,False,False
2026-01-01 15:05:00,89,100.0,-28.89455848239023,-2.2392895220661546,0.0,20.602981705240783,0.0,0.0,False,False
2026-01-01 15:06:00,66,100.0,-29.01497484049149,-2.2392895220661546,0.0,-2.254314492280993,0.0,0.0,False,False
2026-01-01 15:07:00,56,100.0,-29.134838795296005,-2.2392895220661546,0.0,-12.770164449702282,0.0,0.0,False,False
2026-01-01 15:08:00,69,100.0,-29.254148064766817,-2.2392895220661546,0.0,0.699195809948253,0.0,0.0,False,False
2026-01-01 15:09:00,58,100.0,-29.372900377427413,-2.2392895220661546,0.0,-10.762452003187681,0.0,0.0,False,False
2026-01-01 15:10:00,61,100.0,-29.491093472404955,-2.2392895220661546,0.0,-7.517558478135003,0.0,0.0,False,False
2026-01-01 15:11:00,72,100.0,-29.608725099473283,-2.2392895220661546,0.0,3.9703330001549113,0.0,0.0,False,False
2026-01-01 15:12:00,74,100.0,-29.72579301909576,-2.2392895220661546,0.0,5.555820886501248,0.0,0.0,False,False
2026-01-01 15:13:00,62,100.0,-29.842295002467978,-2.2392895220661546,0.0,-6.221677002542582,0.0,0.0,False,False
2026-01-01 15:14:00,78,100.0,-29.95822883156009,-2.2392895220661546,0.0,9.874051450464007,0.0,0.0,False,False
2026-01-01 15:15:00,79,100.0,-30.073592299159092,-2.2392895220661546,0.0,11.575077580211339,0.0,0.0,False,False
2026-01-01 15:16:00,82,100.0,-30.18838320891088,-2.2392895220661546,0.0,14.363017565632909,0.0,0.0,False,False
2026-01-01 15:17:00,73,100.0,-30.302599375361975,-2.2392895220661546,0.0,5.294134071257222,0.0,0.0,False,False
2026-01-01 15:18:00,81,100.0,-30.416238624001245,-2.2392895220661546,0.0,13.634287120856987,0.0,0.0,False,False
2026-01-01 15:19:00,48,100.0,-30.529298791301155,-2.2392895220661546,0.0,-18.807984279740577,0.0,0.0,False,False
2026-01-01 15:20:00,64,100.0,-30.641777724759116,-2.2392895220661546,0.0,-3.1790654862846255,0.0,0.0,False,False
2026-01-01 15:21:00,58,100.0,-30.753673282938365,-2.2392895220661546,0.0,-8.670052563234263,0.0,0.0,False,False
2026-01-01 15:22:00,68,100.0,-30.8649833355088,-2.2392895220661546,0.0,1.1922586112739209,0.0,0.0,False,False
2026-01-01 15:23:00,61,100.0,-30.97570576328742,-2.2392895220661546,0.0,-5.7144921919673735,0.0,0.0,False,False
2026-01-01 15:24:00,65,100.0,-31.085838458278843,-2.2392895220661546,0.0,-1.6615784194973238,0.0,0.0,False,False
2026-01-01 15:25:00,85,100.0,-31.195379323715255,-2.2392895220661546,0.0,18.821748802040496,0.0,0.0,False,False
2026-01-01 15:26:00,65,100.0,-31.304326274096553,-2.2392895220661546,0.0,-1.6971979642037829,0.0,0.0,False,False
2026-01-01 15:27:00,70,100.0,-31.41267723522979,-2.2392895220661546,0.0,4.137923171902139,0.0,0.0,False,False
2026-01-01 15:28:00,64,100.0,-31.520430144268865,-2.2392895220661546,0.0,-2.322693299242352,0.0,0.0,False,False
2026-01-01 15:29:00,67,100.0,-31.62758294975373,-2.2392895220661546,0.0,0.7571328795683367,0.0,0.0,False,False
2026-01-01 15:30:00,66,100.0,-31.734133611649398,-2.2392895220661546,0.0,0.060166804360714594,0.0,0.0,False,False
2026-01-01 15:31:00,70,100.0,-31.840080101384892,-2.2392895220661546,0.0,4.483240659731595,0.0,0.0,False,False
2026-01-01 15:32:00,77,100.0,-31.945420401891713,-2.2392895220661546,0.0,11.653075355471769,0.0,0.0,False,False
2026-01-01 15:33:00,82,100.0,-32.05015250764242,-2.2392895220661546,0.0,16.473939976033293,0.0,0.0,False,False
2026-01-01 15:34:00,69,100.0,-32.15427442468868,-2.2392895220661546,0.0,3.0962008190916683,0.0,0.0,False,False
2026-01-01 15:35:00,71,100.0,-32.25778417069931,-2.2392895220661546,0.0,5.895468860356021,0.0,0.0,False,False
2026-01-01 15:36:00,54,100.0,-32.36067977499789,-2.2392895220661546,0.0,-11.50864509185567,0.0,0.0,False,False
2026-01-01 15:37:00,64,100.0,-32.46295927860048,-2.2392895220661546,0.0,-0.8787674241562058,0.0,0.0,False,False
2026-01-01 15:38:00,75,100.0,-32.56462073425277,-2.2392895220661546,0.0,9.40289464883589,0.0,0.0,False,False
2026-01-01 15:39:00,74,100.0,-32.665662206467154,-2.2392895220661546,0.0,8.659686384171533,0.0,0.0,False,False
2026-01-01 15:40:00,67,100.0,-32.76608177155966,-2.2392895220661546,0.0,2.116097327950502,0.0,0.0,False,False
2026-01-01 15:41:00,74,100.0,-32.865877517686556,-2.2392895220661546,0.0,8.863939595679524,0.0,0.0,False,False
2026-01-01 15:42:00,70,100.0,-32.965047544880605,-2.2392895220661546,0.0,4.9076670899381885,0.0,0.0,False,False
2026-01-01 15:43:00,77,100.0,-33.063589965087544,-2.2392895220661546,0.0,12.003062582593216,0.0,0.0,False,False
2026-01-01 15:44:00,67,100.0,-33.161502902201654,-2.2392895220661546,0.0,2.893591569571111,0.0,0.0,False,False
2026-01-01 15:45:00,61,100.0,-33.25878449210181,-2.2392895220661546,0.0,-3.5569831557103466,0.0,0.0,False,False
2026-01-01 15:46:00,68,100.0,-33.35543288268673,-2.2392895220661546,0.0,3.3584125693302362,0.0,0.0,False,False
2026-01-01 15:47:00,35,100.0,-33.45144623391037,-2.2392895220661546,0.0,-29.305943758527757,0.0,0.0,False,False
2026-01-01 15:48:00,68,100.0,-33.546822717816966,-2.2392895220661546,0.0,3.828857363850495,0.0,0.0,False,False
2026-01-01 15:49:00,28,100.0,-33.641560518575695,-2.2392895220661546,0.0,-36.48412825214783,0.0,0.0,False,False
2026-01-01 15:50:00,47,100.0,-33.735657832515436,-2.2392895220661546,0.0,-17.23463407405418,0.0,0.0,False,False
2026-01-01 15:51:00,68,100.0,-33.829112868158916,-2.2392895220661546,0.0,4.517686009409841,0.0,0.0,False,False
2026-01-01 15:52:00,69,100.0,-33.92192384625704,-2.2392895220661546,0.0,4.775293372667953,0.0,0.0,False,False
2026-01-01 15:53:00,52,100.0,-34.01408899982251,-2.2392895220661546,0.0,-11.624287801399305,0.0,0.0,False,False
2026-01-01 15:54:00,57,100.0,-34.10560657416367,-2.2392895220661546,0.0,-7.121020418789388,0.0,0.0,False,False
2026-01-01 15:55:00,77,100.0,-34.196474826917864,-2.2392895220661546,0.0,13.70540988614132,0.0,0.0,False,False
2026-01-01 15:56:00,59,100.0,-34.28669202808449,-2.2392895220661546,0.0,-4.840301315726761,0.0,0.0,False,False
2026-01-01 15:57:00,86,100.0,-34.376256460058094,-2.2392895220661546,0.0,22.42920312402985,0.0,0.0,False,False
2026-01-01 15:58:00,63,100.0,-34.46516641766103,-2.2392895220661546,0.0,-0.01919853176346149,0.0,0.0,False,False
2026-01-01 15:59:00,67,100.0,-34.55342020817582,-2.2392895220661546,0.0,4.0803617688126685,0.0,0.0,False,False
2026-01-01 16:00:00,79,100.0,-34.64101615137754,-2.9808453235234804,0.0,16.168743984986076,0.0,0.0,False,False
2026-01-01 16:01:00,64,100.0,-34.727952579565695,-2.9808453235234804,0.0,1.3102711619341956,0.0,0.0,False,False
2026-01-01 16:02:00,52,100.0,-34.814227837596,-2.9808453235234804,0.0,-10.023439806908012,0.0,0.0,False,False
2026-01-01 16:03:00,61,100.0,-34.89984028291188,-2.9808453235234804,0.0,-1.0972745169429012,0.0,0.0,False,False
2026-01-01 16:04:00,62,100.0,-34.98478828557583,-2.9808453235234804,0.0,-0.3561073619009093,0.0,0.0,False,False
2026-01-01 16:05:00,48,100.0,-35.06907022830029,-2.9808453235234804,0.0,-13.647416522015654,0.0,0.0,False,False
2026-01-01 16:06:00,59,100.0,-35.15268450647861,-2.9808453235234804,0.0,-2.5583207134082335,0.0,0.0,False,False
2026-01-01 16:07:00,54,100.0,-35.235629528215426,-2.9808453235234804,0.0,-7.421920939974367,0.0,0.0,False,False
2026-01-01 16:08:00,71,100.0,-35.31790371435706,-2.9808453235234804,0.0,9.24357757187434,0.0,0.0,False,False
2026-01-01 16:09:00,62,100.0,-35.39950549852167,-2.9808453235234804,0.0,0.3461187418525562,0.0,0.0,False,False
2026-01-01 16:10:00,59,100.0,-35.48043332712887,-2.9808453235234804,0.0,-2.8279574914757006,0.0,0.0,False,False
2026-01-01 16:11:00,60,100.0,-35.56068565942945,-2.9808453235234804,0.0,-1.0618193062257626,0.0,0.0,False,False
2026-01-01 16:12:00,64,100.0,-35.640260967534715,-2.9808453235234804,0.0,2.2312201840616614,0.0,0.0,False,False
2026-01-01 16:13:00,67,100.0,-35.719157736445474,-2.9808453235234804,0.0,6.168141996897798,0.0,0.0,False,False
2026-01-01 16:14:00,51,100.0,-35.797374464081,-2.9808453235234804,0.0,-9.997122286693813,0.0,0.0,False,False
2026-01-01 16:15:00,51,100.0,-35.87490966130753,-2.9808453235234804,0.0,-10.415876326212718,0.0,0.0,False,False
2026-01-01 16:16:00,72,100.0,-35.95176185196667,-2.9808453235234804,0.0,11.046792154025301,0.0,0.0,False,False
2026-01-01 16:17:00,57,100.0,-36.02792957290352,-2.9808453235234804,0.0,-4.123368722047306,0.0,0.0,False,False
2026-01-01 16:18:00,47,100.0,-36.103411373994426,-2.9808453235234804,0.0,-14.168420925968741,0.0,0.0,False,False
2026-01-01 16:19:00,65,100.0,-36.17820581817472,-2.9808453235234804,0.0,4.438127093831047,0.0,0.0,False,False
2026-01-01 16:20:00,65,100.0,-36.25231148146599,-2.9808453235234804,0.0,4.633698060326869,0.0,0.0,False,False
2026-01-01 16:21:00,45,100.0,-36.325726953003254,-2.9808453235234804,0.0,-15.307152572567064,0.0,0.0,False,False
2026-01-01 16:22:00,63,100.0,-36.39845083506172,-2.9808453235234804,0.0,2.294817154636063,0.0,0.0,False,False
2026-01-01 16:23:00,68,100.0,-36.47048174308353,-2.9808453235234804,0.0,7.355830924283736,0.0,0.0,False,False
2026-01-01 16:24:00,64,100.0,-36.54181830570402,-2.9808453235234804,0.0,3.7438645170626303,0.0,0.0,False,False
2026-01-01 16:25:00,67,100.0,-36.61245916477788,-2.9808453235234804,0.0,6.3198148376139525,0.0,0.0,False,False
2026-01-01 16:26:00,46,100.0,-36.682402975404955,-2.9808453235234804,0.0,-14.04269098090749,0.0,0.0,False,False
2026-01-01 16:27:00,64,100.0,-36.75164840595593,-2.9808453235234804,0.0,3.310401549961956,0.0,0.0,False,False
2026-01-01 16:28:00,57,100.0,-36.8201941380976,-2.9808453235234804,0.0,-3.0261975947044655,0.0,0.0,False,False
2026-01-01 16:29:00,55,100.0,-36.888038866818064,-2.9808453235234804,0.0,-4.827901587246448,0.0,0.0,False,False
2026-01-01 16:30:00,69,100.0,-36.95518130045147,-2.9808453235234804,0.0,8.705556094197265,0.0,0.0,False,False
2026-01-01 16:31:00,75,100.0,-37.02162016070264,-2.9808453235234804,0.0,14.7927451067423,0.0,0.0,False,False
2026-01-01 16:32:00,78,100.0,-37.08735418267149,-2.9808453235234804,0.0,17.94370054600359,0.0,0.0,False,False
2026-01-01 16:33:00,73,100.0,-37.15238211487697,-2.9808453235234804,0.0,13.14807871505905,0.0,0.0,False,False
2026-01-01 16:34:00,59,100.0,-37.21670271928097,-2.9808453235234804,0.0,-1.097341816301837,0.0,0.0,False,False
2026-01-01 16:35:00,63,100.0,-37.280314771311936,-2.9808453235234804,0.0,3.5272016302634306,0.0,0.0,False,False
2026-01-01 16:36:00,67,100.0,-37.343217059888076,-2.9808453235234804,0.0,7.668228717842437,0.0,0.0,False,False
2026-01-01 16:37:00,61,100.0,-37.40540838744047,-2.9808453235234804,0.0,1.2117794929946197,0.0,0.0,False,False
2026-01-01 16:38:00,61,100.0,-37.466887569935906,-2.9808453235234804,0.0,1.3076418791154438,0.0,0.0,False,False
2026-01-01 16:39:00,68,100.0,-37.527653436899364,-2.9808453235234804,0.0,8.237531318761821,0.0,0.0,False,False
2026-01-01 16:40:00,59,100.0,-37.58770483143634,-2.9808453235234804,0.0,-0.5928264602593222,0.0,0.0,False,False
2026-01-01 16:41:00,52,100.0,-37.64704061025483,-2.9808453235234804,0.0,-7.292869363736615,0.0,0.0,False,False
2026-01-01 16:42:00,55,100.0,-37.705659643687135,-2.9808453235234804,0.0,-4.1447306583585855,0.0,0.0,False,False
2026-01-01 16:43:00,66,100.0,-37.763560815711365,-2.9808453235234804,0.0,6.3391037773374235,0.0,0.0,False,False
2026-01-01 16:44:00,59,100.0,-37.820743023972675,-2.9808453235234804,0.0,0.02993291199955732,0.0,0.0,False,False
2026-01-01 16:45:00,63,100.0,-37.87720517980422,-2.9808453235234804,0.0,3.402099768683379,0.0,0.0,False,False
2026-01-01 16:46:00,66,100.0,-37.93294620824797,-2.9808453235234804,0.0,6.700792422021898,0.0,0.0,False,False
2026-01-01 16:47:00,55,100.0,-37.98796504807508,-2.9808453235234804,0.0,-3.748414628976096,0.0,0.0,False,False
2026-01-01 16:48:00,67,100.0,-38.04226065180614,-2.9808453235234804,0.0,7.5624816362980605,0.0,0.0,False,False
2026-01-01 16:49:00,63,100.0,-38.09583198573113,-2.9808453235234804,0.0,3.7884260345839444,0.0,0.0,False,False
2026-01-01 16:50:00,47,100.0,-38.148678029929066,-2.9808453235234804,0.0,-12.348130869114787,0.0,0.0,False,False
2026-01-01 16:51:00,73,100.0,-38.20079777828747,-2.9808453235234804,0.0,14.423047911862444,0.0,0.0,False,False
2026-01-01 16:52:00,54,100.0,-38.252190238521415,-2.9808453235234804,0.0,-5.007447437569161,0.0,0.0,False,False
2026-01-01 16:53:00,42,100.0,-38.30285443219258,-2.9808453235234804,0.0,-16.550953431851838,0.0,0.0,False,False
2026-01-01 16:54:00,48,100.0,-38.352789394727715,-2.9808453235234804,0.0,-10.450437095863023,0.0,0.0,False,False
2026-01-01 16:55:00,48,100.0,-38.401994175437146,-2.9808453235234804,0.0,-10.21045160678322,0.0,0.0,False,False
2026-01-01 16:56:00,59,100.0,-38.45046783753276,-2.9808453235234804,0.0,0.5217331865753347,0.0,0.0,False,False
2026-01-01 16:57:00,56,100.0,-38.49820945814588,-2.9808453235234804,0.0,-2.738505055462372,0.0,0.0,False,False
2026-01-01 16:58:00,55,100.0,-38.54521812834492,-2.9808453235234804,0.0,-3.3683196764059287,0.0,0.0,False,False
2026-01-01 16:59:00,65,100.0,-38.591492953152525,-2.9808453235234804,0.0,6.197019654824789,0.0,0.0,False,False
2026-01-01 17:00:00,61,100.0,-38.63703305156273,-3.718232143258286,0.0,3.398753611927038,0.0,0.0,False,False
2026-01-01 17:01:00,61,100.0,-38.681837556557724,-3.718232143258286,0.0,3.1604787064428623,0.0,0.0,False,False
2026-01-01 17:02:00,62,100.0,-38.72590561512431,-3.718232143258286,0.0,4.098284573286927,0.0,0.0,False,False
2026-01-01 17:03:00,64,100.0,-38.76923638827017,-3.718232143258286,0.0,6.161346680022382,0.0,0.0,False,False
2026-01-01 17:04:00,36,100.0,-38.81182905103986,-3.718232143258286,0.0,-21.079533417774428,0.0,0.0,False,False
2026-01-01 17:05:00,54,100.0,-38.85368279253045,-3.718232143258286,0.0,-3.644382522644612,0.0,0.0,False,False
2026-01-01 17:06:00,36,100.0,-38.894796815907064,-3.718232143258286,0.0,-21.80210064489474,0.0,0.0,False,False
2026-01-01 17:07:00,58,100.0,-38.93517033841794,-3.718232143258286,0.0,0.3605992679779541,0.0,0.0,False,False
2026-01-01 17:08:00,57,100.0,-38.97480259140941,-3.718232143258286,0.0,-0.0463297222434532,0.0,0.0,False,False
2026-01-01 17:09:00,68,100.0,-39.0136928203405,-3.718232143258286,0.0,10.455322747896803,0.0,0.0,False,False
2026-01-01 17:10:00,69,100.0,-39.051840284797336,-3.718232143258286,0.0,11.876343927211208,0.0,0.0,False,False
2026-01-01 17:11:00,59,100.0,-39.08924425850715,-3.718232143258286,0.0,2.027750482523673,0.0,0.0,False,False
2026-01-01 17:12:00,52,100.0,-39.12590402935222,-3.718232143258286,0.0,-5.003610773968998,0.0,0.0,False,False
2026-01-01 17:13:00,62,100.0,-39.16181889938335,-3.718232143258286,0.0,4.851611125457379,0.0,0.0,False,False
2026-01-01 17:14:00,52,100.0,-39.19698818483318,-3.718232143258286,0.0,-5.279176373243136,0.0,0.0,False,False
2026-01-01 17:15:00,57,100.0,-39.23141121612921,-3.718232143258286,0.0,-0.01392651443348899,0.0,0.0,False,False
2026-01-01 17:16:00,67,100.0,-39.26508733790656,-3.718232143258286,0.0,9.861363169607678,0.0,0.0,False,False
2026-01-01 17:17:00,51,100.0,-39.29801590902039,-3.718232143258286,0.0,-5.577713459894236,0.0,0.0,False,False
2026-01-01 17:18:00,65,100.0,-39.33019630255818,-3.718232143258286,0.0,8.056786392425009,0.0,0.0,False,False
2026-01-01 17:19:00,64,100.0,-39.361627905851634,-3.718232143258286,0.0,6.774013686923023,0.0,0.0,False,False
2026-01-01 17:20:00,47,100.0,-39.39231012048832,-3.718232143258286,0.0,-9.547918171308215,0.0,0.0,False,False
2026-01-01 17:21:00,67,100.0,-39.422242362323104,-3.718232143258286,0.0,9.73894128217401,0.0,0.0,False,False
2026-01-01 17:22:00,64,100.0,-39.451424061489256,-3.718232143258286,0.0,6.985663453715051,0.0,0.0,False,False
2026-01-01 17:23:00,58,100.0,-39.479854662409274,-3.718232143258286,0.0,1.0192588737265744,0.0,0.0,False,False
2026-01-01 17:24:00,49,100.0,-39.50753362380551,-3.718232143258286,0.0,-7.623234580276522,0.0,0.0,False,False
2026-01-01 17:25:00,48,100.0,-39.53446041871043,-3.718232143258286,0.0,-8.5920601857557,0.0,0.0,False,False
2026-01-01 17:26:00,51,100.0,-39.56063453447668,-3.718232143258286,0.0,-5.376625769030224,0.0,0.0,False,False
2026-01-01 17:27:00,62,100.0,-39.58605547278681,-3.718232143258286,0.0,5.425944632919601,0.0,0.0,False,False
2026-01-01 17:28:00,47,100.0,-39.61072274966281,-3.718232143258286,0.0,-9.556251674013978,0.0,0.0,False,False
2026-01-01 17:29:00,61,100.0,-39.63463589547529,-3.718232143258286,0.0,4.375122486198699,0.0,0.0,False,False
2026-01-01 17:30:00,44,100.0,-39.657794454952416,-3.718232143258286,0.0,-12.417555288783927,0.0,0.0,False,False
2026-01-01 17:31:00,55,100.0,-39.6801979871886,-3.718232143258286,0.0,-2.0406858443884897,0.0,0.0,False,False
2026-01-01 17:32:00,58,100.0,-39.70184606565289,-3.718232143258286,0.0,1.0964775457400864,0.0,0.0,False,False
2026-01-01 17:33:00,81,100.0,-39.72273827819705,-3.718232143258286,0.0,24.451301450589167,0.0,0.0,False,False
2026-01-01 17:34:00,43,100.0,-39.742874227063496,-3.718232143258286,0.0,-13.773156555203673,0.0,0.0,False,False
2026-01-01 17:35:00,71,100.0,-39.762253528892785,-3.718232143258286,0.0,14.720145664901334,0.0,0.0,False,False
2026-01-01 17:36:00,58,100.0,-39.78087581473093,-3.718232143258286,0.0,1.4984241398728004,0.0,0.0,False,False
2026-01-01 17:37:00,61,100.0,-39.79874073003647,-3.718232143258286,0.0,4.111719180159631,0.0,0.0,False,False
2026-01-01 17:38:00,58,100.0,-39.81584793468715,-3.718232143258286,0.0,1.1834791338820452,0.0,0.0,False,False
2026-01-01 17:39:00,61,100.0,-39.83219710298647,-3.718232143258286,0.0,4.44726818195233,0.0,0.0,False,False
2026-01-01 17:40:00,55,100.0,-39.84778792366982,-3.718232143258286,0.0,-1.5368510436201774,0.0,0.0,False,False
2026-01-01 17:41:00,71,100.0,-39.86262009991046,-3.718232143258286,0.0,14.540501814574583,0.0,0.0,False,False
2026-01-01 17:42:00,52,100.0,-39.876693349325116,-3.718232143258286,0.0,-4.564711442247224,0.0,0.0,False,False
2026-01-01 17:43:00,68,100.0,-39.890007403979425,-3.718232143258286,0.0,11.322345721792477,0.0,0.0,False,False
2026-01-01 17:44:00,50,100.0,-39.90256201039297,-3.718232143258286,0.0,-6.443671202130229,0.0,0.0,False,False
2026-01-01 17:45:00,56,100.0,-39.91435692954414,-3.718232143258286,0.0,-0.6025184640128696,0.0,0.0,False,False
2026-01-01 17:46:00,46,100.0,-39.925391936874675,-3.718232143258286,0.0,-10.719625522902192,0.0,0.0,False,False
2026-01-01 17:47:00,61,100.0,-39.93566682229395,-3.718232143258286,0.0,4.550237203475199,0.0,0.0,False,False
2026-01-01 17:48:00,71,100.0,-39.94518139018296,-3.718232143258286,0.0,14.451259569265337,0.0,0.0,False,False
2026-01-01 17:49:00,56,100.0,-39.953935459398025,-3.718232143258286,0.0,-0.7735617982085408,0.0,0.0,False,False
2026-01-01 17:50:00,54,100.0,-39.96192886327431,-3.718232143258286,0.0,-1.9688569870390955,0.0,0.0,False,False
2026-01-01 17:51:00,45,100.0,-39.96916144962891,-3.718232143258286,0.0,-11.146169630679267,0.0,0.0,False,False
2026-01-01 17:52:00,54,100.0,-39.97563308076383,-3.718232143258286,0.0,-2.292926535523081,0.0,0.0,False,False
2026-01-01 17:53:00,40,100.0,-39.98134363346851,-3.718232143258286,0.0,-15.927942597215276,0.0,0.0,False,False
2026-01-01 17:54:00,47,100.0,-39.98629299902229,-3.718232143258286,0.0,-9.128779867188273,0.0,0.0,False,False
2026-01-01 17:55:00,59,100.0,-39.990481083196364,-3.718232143258286,0.0,2.267860461091354,0.0,0.0,False,False
2026-01-01 17:56:00,69,100.0,-39.99390780625565,-3.718232143258286,0.0,13.190131977413962,0.0,0.0,False,False
2026-01-01 17:57:00,84,100.0,-39.996573102960284,-3.718232143258286,0.0,28.09210861229503,0.0,0.0,False,False
2026-01-01 17:58:00,50,100.0,-39.99847692256685,-3.718232143258286,0.0,-5.865850850709007,0.0,0.0,False,False
2026-01-01 17:59:00,71,100.0,-39.99961922882938,-3.718232143258286,0.0,14.353001566454399,0.0,0.0,False,False
2026-01-01 18:00:00,108,100.0,-40.0,-4.450418679126277,50.0,2.437524804016479,0.0,0.0,False,False
2026-01-01 18:01:00,104,100.0,-39.99961922882938,-4.450418679126277,50.0,-1.5124764674637587,0.0,0.0,False,False
2026-01-01 18:02:00,110,100.0,-39.99847692256685,-4.450418679126277,50.0,4.325944517261522,0.0,0.0,False,False
2026-01-01 18:03:00,106,100.0,-39.996573102960284,-4.450418679126277,50.0,0.6191648367995918,0.0,0.0,False,False
2026-01-01 18:04:00,107,100.0,-39.99390780625565,-4.450418679126277,50.0,1.1039572561221853,0.0,0.0,False,False
2026-01-01 18:05:00,101,100.0,-39.990481083196364,-4.450418679126277,50.0,-4.083331628266692,0.0,0.0,False,False
2026-01-01 18:06:00,92,100.0,-39.98629299902229,-4.450418679126277,50.0,-13.981096597988508,0.0,0.0,False,False
2026-01-01 18:07:00,90,100.0,-39.98134363346852,-4.450418679126277,50.0,-15.436252025220815,0.0,0.0,False,False
2026-01-01 18:08:00,112,100.0,-39.97563308076383,-4.450418679126277,50.0,6.532448832812269,0.0,0.0,False,False
2026-01-01 18:09:00,103,100.0,-39.96916144962892,-4.450418679126277,50.0,-2.767000900857134,0.0,0.0,False,False
2026-01-01 18:10:00,100,100.0,-39.96192886327431,-4.450418679126277,50.0,-5.960888996561666,0.0,0.0,False,False
2026-01-01 18:11:00,106,100.0,-39.953935459398025,-4.450418679126277,50.0,0.08505626723153567,0.0,0.0,False,False
2026-01-01 18:12:00,114,100.0,-39.94518139018296,-4.450418679126277,50.0,7.949322529156275,0.0,0.0,False,False
2026-01-01 18:13:00,107,100.0,-39.93566682229395,-4.450418679126277,50.0,1.8036394302639818,0.0,0.0,False,False
2026-01-01 18:14:00,99,100.0,-39.925391936874675,-4.450418679126277,50.0,-6.560549366409674,0.0,0.0,False,False
2026-01-01 18:15:00,118,100.0,-39.91435692954414,-4.450418679126277,50.0,12.262929556489496,0.0,0.0,False,False
2026-01-01 18:16:00,121,100.0,-39.90256201039297,-4.450418679126277,50.0,15.79185502981632,0.0,0.0,False,False
2026-01-01 18:17:00,111,100.0,-39.890007403979425,-4.450418679126277,50.0,4.945566553228533,0.0,0.0,False,False
2026-01-01 18:18:00,115,100.0,-39.876693349325116,-4.450418679126277,50.0,9.7366351134409,0.0,0.0,False,False
2026-01-01 18:19:00,118,100.0,-39.86262009991046,-4.450418679126277,50.0,12.419599968138112,0.0,0.0,False,False
2026-01-01 18:20:00,117,100.0,-39.84778792366982,-4.450418679126277,50.0,11.300993164045137,0.0,0.0,False,False
2026-01-01 18:21:00,112,100.0,-39.83219710298647,-4.450418679126277,50.0,6.140991771126236,0.0,0.0,False,False
2026-01-01 18:22:00,112,100.0,-39.815847934687156,-4.450418679126277,50.0,5.983470470748829,0.0,0.0,False,False
2026-01-01 18:23:00,111,100.0,-39.79874073003647,-4.450418679126277,50.0,5.196605733465026,0.0,0.0,False,False
2026-01-01 18:24:00,264,100.0,-39.78087581473093,-4.450418679126277,50.0,-10.973376745470436,169.4699972425314,0.0,True,False
2026-01-01 18:25:00,113,100.0,-39.762253528892785,-4.450418679126277,50.0,7.0072315685958575,0.0,0.0,False,False
2026-01-01 18:26:00,92,100.0,-39.7428742270635,-4.450418679126277,50.0,-13.55813971126554,0.0,0.0,False,False
2026-01-01 18:27:00,98,100.0,-39.72273827819705,-4.450418679126277,50.0,-7.945994551250549,0.0,0.0,False,False
2026-01-01 18:28:00,119,100.0,-39.70184606565289,-4.450418679126277,50.0,13.035650678080874,0.0,0.0,False,False
2026-01-01 18:29:00,114,100.0,-39.6801979871886,-4.450418679126277,50.0,8.402201626941975,0.0,0.0,False,False
2026-01-01 18:30:00,121,100.0,-39.65779445495242,-4.450418679126277,50.0,14.873982896858626,0.0,0.0,False,False
2026-01-01 18:31:00,103,100.0,-39.63463589547529,-4.450418679126277,50.0,-2.716743836872922,0.0,0.0,False,False
2026-01-01 18:32:00,94,100.0,-39.61072274966281,-4.450418679126277,50.0,-11.522488412767675,0.0,0.0,False,False
2026-01-01 18:33:00,104,100.0,-39.58605547278681,-4.450418679126277,50.0,-2.404371970703428,0.0,0.0,False,False
2026-01-01 18:34:00,107,100.0,-39.56063453447668,-4.450418679126277,50.0,1.020312972405742,0.0,0.0,False,False
2026-01-01 18:35:00,107,100.0,-39.53446041871044,-4.450418679126277,50.0,0.7898871634000969,0.0,0.0,False,False
2026-01-01 18:36:00,117,100.0,-39.507533623805514,-4.450418679126277,50.0,11.336804787567017,0.0,0.0,False,False
2026-01-01 18:37:00,102,100.0,-39.479854662409274,-4.450418679126277,50.0,-3.6127042500344553,0.0,0.0,False,False
2026-01-01 18:38:00,110,100.0,-39.45142406148926,-4.450418679126277,50.0,3.5203447180292424,0.0,0.0,False,False
2026-01-01 18:39:00,96,100.0,-39.42224236232311,-4.450418679126277,50.0,-9.88627149434606,0.0,0.0,False,False
2026-01-01 18:40:00,111,100.0,-39.39231012048832,-4.450418679126277,50.0,4.50317278043813,0.0,0.0,False,False
2026-01-01 18:41:00,306,100.0,-39.36162790585164,-4.450418679126277,50.0,0.03108550185636745,0.0,200.0,False,True
2026-01-01 18:42:00,299,100.0,-39.330196302558186,-4.450418679126277,50.0,-7.498133382845174,0.0,200.0,False,True
2026-01-01 18:43:00,304,100.0,-39.29801590902039,-4.450418679126277,50.0,-2.358293621748528,0.0,200.0,False,True
2026-01-01 18:44:00,304,100.0,-39.26508733790656,-4.450418679126277,50.0,-1.8417574651522164,0.0,200.0,False,True
2026-01-01 18:45:00,304,100.0,-39.23141121612922,-4.450418679126277,50.0,-2.7015512933709616,0.0,200.0,False,True
2026-01-01 18:46:00,324,100.0,-39.19698818483319,-4.450418679126277,50.0,17.713412422676836,0.0,200.0,False,True
2026-01-01 18:47:00,305,100.0,-39.16181889938335,-4.450418679126277,50.0,-0.9844600230787963,0.0,200.0,False,True
2026-01-01 18:48:00,304,100.0,-39.12590402935222,-4.450418679126277,50.0,-2.438961101773377,0.0,200.0,False,True
2026-01-01 18:49:00,285,100.0,-39.08924425850715,-4.450418679126277,50.0,-20.97450957610142,0.0,200.0,False,True
2026-01-01 18:50:00,298,100.0,-39.051840284797336,-4.450418679126277,50.0,-8.942073519794773,0.0,200.0,False,True
2026-01-01 18:51:00,304,100.0,-39.01369282034051,-4.450418679126277,50.0,-2.6307342445635284,0.0,200.0,False,True
2026-01-01 18:52:00,300,100.0,-38.97480259140941,-4.450418679126277,50.0,-6.858526761766428,0.0,200.0,False,True
2026-01-01 18:53:00,120,100.0,-38.93517033841795,-4.450418679126277,50.0,13.81707593377797,0.0,0.0,False,False
2026-01-01 18:54:00,105,100.0,-38.89479681590707,-4.450418679126277,50.0,-1.6493777539621863,0.0,0.0,False,False
2026-01-01 18:55:00,120,100.0,-38.853682792530456,-4.450418679126277,50.0,12.884442493182524,0.0,0.0,False,False
2026-01-01 18:56:00,107,100.0,-38.811829051039865,-4.450418679126277,50.0,0.6170463405036802,0.0,0.0,False,False
2026-01-01 18:57:00,107,100.0,-38.76923638827018,-4.450418679126277,50.0,0.3722783642157663,0.0,0.0,False,False
2026-01-01 18:58:00,106,100.0,-38.72590561512432,-4.450418679126277,50.0,-0.8879644771250095,0.0,0.0,False,False
2026-01-01 18:59:00,107,100.0,-38.681837556557724,-4.450418679126277,50.0,0.037962516214591326,0.0,0.0,False,False
2026-01-01 19:00:00,123,100.0,-38.63703305156274,-5.176380902050416,50.0,17.187950030498595,0.0,0.0,False,False
2026-01-01 19:01:00,83,100.0,-38.591492953152525,-5.176380902050416,50.0,-23.196107267512183,0.0,0.0,False,False
2026-01-01 19:02:00,86,100.0,-38.54521812834492,-5.176380902050416,50.0,-20.01545744438679,0.0,0.0,False,False
2026-01-01 19:03:00,101,100.0,-38.49820945814589,-5.176380902050416,50.0,-5.431708310561138,0.0,0.0,False,False
2026-01-01 19:04:00,107,100.0,-38.45046783753276,-5.176380902050416,50.0,0.14527881937568882,0.0,0.0,False,False
2026-01-01 19:05:00,113,100.0,-38.401994175437146,-5.176380902050416,50.0,6.901044247640123,0.0,0.0,False,False
2026-01-01 19:06:00,111,100.0,-38.352789394727715,-5.176380902050416,50.0,4.730871980274752,0.0,0.0,False,False
2026-01-01 19:07:00,103,100.0,-38.30285443219259,-5.176380902050416,50.0,-3.842459128805702,0.0,0.0,False,False
2026-01-01 19:08:00,117,100.0,-38.252190238521415,-5.176380902050416,50.0,10.190436932417624,0.0,0.0,False,False
2026-01-01 19:09:00,117,100.0,-38.20079777828748,-5.176380902050416,50.0,10.301954031527309,0.0,0.0,False,False
2026-01-01 19:10:00,109,100.0,-38.14867802992907,-5.176380902050416,50.0,1.8405783127156552,0.0,0.0,False,False
2026-01-01 19:11:00,116,100.0,-38.09583198573114,-5.176380902050416,50.0,9.626575724868413,0.0,0.0,False,False
2026-01-01 19:12:00,110,100.0,-38.042260651806146,-5.176380902050416,50.0,2.726452634321288,0.0,0.0,False,False
2026-01-01 19:13:00,101,100.0,-37.98796504807508,-5.176380902050416,50.0,-5.614830267828836,0.0,0.0,False,False
2026-01-01 19:14:00,114,100.0,-37.93294620824797,-5.176380902050416,50.0,6.978168390000047,0.0,0.0,False,False
2026-01-01 19:15:00,108,100.0,-37.87720517980423,-5.176380902050416,50.0,1.106131225786777,0.0,0.0,False,False
2026-01-01 19:16:00,107,100.0,-37.82074302397268,-5.176380902050416,50.0,0.013398467544869291,0.0,0.0,False,False
2026-01-01 19:17:00,122,100.0,-37.763560815711365,-5.176380902050416,50.0,14.729535721895743,0.0,0.0,False,False
2026-01-01 19:18:00,83,100.0,-37.705659643687135,-5.176380902050416,50.0,-24.508721285400867,0.0,0.0,False,False
2026-01-01 19:19:00,93,100.0,-37.64704061025483,-5.176380902050416,50.0,-14.176841701595697,0.0,0.0,False,False
2026-01-01 19:20:00,95,100.0,-37.58770483143634,-5.176380902050416,50.0,-11.8707042637437,0.0,0.0,False,False
2026-01-01 19:21:00,104,100.0,-37.527653436899364,-5.176380902050416,50.0,-3.632606475688056,0.0,0.0,False,False
2026-01-01 19:22:00,105,100.0,-37.466887569935906,-5.176380902050416,50.0,-2.546081697660301,0.0,0.0,False,False
2026-01-01 19:23:00,92,100.0,-37.405408387440474,-5.176380902050416,50.0,-15.073256477730475,0.0,0.0,False,False
2026-01-01 19:24:00,98,100.0,-37.34321705988808,-5.176380902050416,50.0,-9.851580323108264,0.0,0.0,False,False
2026-01-01 19:25:00,99,100.0,-37.28031477131194,-5.176380902050416,50.0,-8.608416785235702,0.0,0.0,False,False
2026-01-01 19:26:00,132,100.0,-37.216702719280974,-5.176380902050416,50.0,24.574240920758918,0.0,0.0,False,False
2026-01-01 19:27:00,126,100.0,-37.15238211487698,-5.176380902050416,50.0,18.017419477471467,0.0,0.0,False,False
2026-01-01 19:28:00,104,100.0,-37.0873541826715,-5.176380902050416,50.0,-4.117494176846493,0.0,0.0,False,False
2026-01-01 19:29:00,104,100.0,-37.021620160702646,-5.176380902050416,50.0,-3.635832903067989,0.0,0.0,False,False
2026-01-01 19:30:00,96,100.0,-36.95518130045148,-5.176380902050416,50.0,-11.492039971882942,0.0,0.0,False,False
2026-01-01 19:31:00,89,100.0,-36.88803886681807,-5.176380902050416,50.0,-19.08130413225267,0.0,0.0,False,False
2026-01-01 19:32:00,107,100.0,-36.820194138097605,-5.176380902050416,50.0,-1.1688018640852402,0.0,0.0,False,False
2026-01-01 19:33:00,98,100.0,-36.75164840595594,-5.176380902050416,50.0,-9.978519832440258,0.0,0.0,False,False
2026-01-01 19:34:00,107,100.0,-36.68240297540496,-5.176380902050416,50.0,-0.8485053166200978,0.0,0.0,False,False
2026-01-01 19:35:00,92,100.0,-36.61245916477789,-5.176380902050416,50.0,-16.002058490434774,0.0,0.0,False,False
2026-01-01 19:36:00,101,100.0,-36.54181830570403,-5.176380902050416,50.0,-7.619744583102578,0.0,0.0,False,False
2026-01-01 19:37:00,110,100.0,-36.47048174308354,-5.176380902050416,50.0,1.4862709530283085,0.0,0.0,False,False
2026-01-01 19:38:00,112,100.0,-36.39845083506173,-5.176380902050416,50.0,3.6620959778393742,0.0,0.0,False,False
2026-01-01 19:39:00,313,100.0,-36.32572695300326,-5.176380902050416,50.0,4.174719587420145,0.0,200.0,False,True
2026-01-01 19:40:00,295,100.0,-36.252311481465995,-5.176380902050416,50.0,-13.204889841570374,0.0,200.0,False,True
2026-01-01 19:41:00,317,100.0,-36.17820581817472,-5.176380902050416,50.0,8.546857301355617,0.0,200.0,False,True
2026-01-01 19:42:00,301,100.0,-36.10341137399443,-5.176380902050416,50.0,-8.002116966018503,0.0,200.0,False,True
2026-01-01 19:43:00,315,100.0,-36.02792957290353,-5.176380902050416,50.0,6.328579146073064,0.0,200.0,False,True
2026-01-01 19:44:00,309,100.0,-35.95176185196668,-5.176380902050416,50.0,-0.10638676618193148,0.0,200.0,False,True
2026-01-01 19:45:00,295,100.0,-35.874909661307534,-5.176380902050416,50.0,-13.76387499077948,0.0,200.0,False,True
2026-01-01 19:46:00,306,100.0,-35.79737446408102,-5.176380902050416,50.0,-3.1619770458118794,0.0,200.0,False,True
2026-01-01 19:47:00,313,100.0,-35.71915773644548,-5.176380902050416,50.0,3.653637420637676,0.0,200.0,False,True
2026-01-01 19:48:00,315,100.0,-35.64026096753472,-5.176380902050416,50.0,6.12965380474599,0.0,200.0,False,True
2026-01-01 19:49:00,308,100.0,-35.56068565942947,-5.176380902050416,50.0,-1.4098789744441862,0.0,200.0,False,True
2026-01-01 19:50:00,325,100.0,-35.48043332712888,-5.176380902050416,50.0,15.317788906010527,0.0,200.0,False,True
2026-01-01 19:51:00,119,100.0,-35.39950549852168,-5.176380902050416,50.0,10.07510770986559,0.0,0.0,False,False
2026-01-01 19:52:00,107,100.0,-35.31790371435707,-5.176380902050416,50.0,-2.5665411639975284,0.0,0.0,False,False
2026-01-01 19:53:00,117,100.0,-35.23562952821543,-5.176380902050416,50.0,7.501218121369445,0.0,0.0,False,False
2026-01-01 19:54:00,129,100.0,-35.152684506478614,-5.176380902050416,50.0,19.33793485188187,0.0,0.0,False,False
2026-01-01 19:55:00,129,100.0,-35.0690702283003,-5.176380902050416,50.0,19.604846007830268,0.0,0.0,False,False
2026-01-01 19:56:00,98,100.0,-34.984788285575846,-5.176380902050416,50.0,-12.279998808224974,0.0,0.0,False,False
2026-01-01 19:57:00,101,100.0,-34.89984028291188,-5.176380902050416,50.0,-9.265331111571506,0.0,0.0,False,False
2026-01-01 19:58:00,125,100.0,-34.81422783759601,-5.176380902050416,50.0,14.84918786733851,0.0,0.0,False,False
2026-01-01 19:59:00,100,100.0,-34.7279525795657,-5.176380902050416,50.0,-10.582810508376372,0.0,0.0,False,False
2026-01-01 20:00:00,96,100.0,-34.64101615137754,-5.895103488218087,50.0,-13.22541133291679,0.0,0.0,False,False
2026-01-01 20:01:00,105,100.0,-34.55342020817583,-5.895103488218087,50.0,-4.8619413069904684,0.0,0.0,False,False
2026-01-01 20:02:00,114,100.0,-34.46516641766102,-5.895103488218087,50.0,4.202267094745857,0.0,0.0,False,False
2026-01-01 20:03:00,109,100.0,-34.3762564600581,-5.895103488218087,50.0,-1.0239670661109637,0.0,0.0,False,False
2026-01-01 20:04:00,103,100.0,-34.286692028084495,-5.895103488218087,50.0,-6.5056362040559215,0.0,0.0,False,False
2026-01-01 20:05:00,103,100.0,-34.19647482691787,-5.895103488218087,50.0,-6.74212461724509,0.0,0.0,False,False
2026-01-01 20:06:00,103,100.0,-34.10560657416368,-5.895103488218087,50.0,-7.123370644127087,0.0,0.0,False,False
2026-01-01 20:07:00,101,100.0,-34.01408899982251,-5.895103488218087,50.0,-8.795096286589425,0.0,0.0,False,False
2026-01-01 20:08:00,133,100.0,-33.921923846257044,-5.895103488218087,50.0,22.816328772760617,0.0,0.0,False,False
2026-01-01 20:09:00,113,100.0,-33.829112868158944,-5.895103488218087,50.0,2.975110711855549,0.0,0.0,False,False
2026-01-01 20:10:00,119,100.0,-33.73565783251543,-5.895103488218087,50.0,8.867590544047385,0.0,0.0,False,False
2026-01-01 20:11:00,106,100.0,-33.64156051857571,-5.895103488218087,50.0,-4.890774681189237,0.0,0.0,False,False
2026-01-01 20:12:00,109,100.0,-33.54682271781697,-5.895103488218087,50.0,-1.8595667718604885,0.0,0.0,False,False
2026-01-01 20:13:00,104,100.0,-33.451446233910396,-5.895103488218087,50.0,-7.1355398137035495,0.0,0.0,False,False
2026-01-01 20:14:00,84,100.0,-33.35543288268673,-5.895103488218087,50.0,-26.51708334919202,0.0,0.0,False,False
2026-01-01 20:15:00,97,100.0,-33.25878449210182,-5.895103488218087,50.0,-13.780092768478662,0.0,0.0,False,False
2026-01-01 20:16:00,93,100.0,-33.16150290220168,-5.895103488218087,50.0,-18.106186799803947,0.0,0.0,False,False
2026-01-01 20:17:00,89,100.0,-33.063589965087544,-5.895103488218087,50.0,-22.497837779516075,0.0,0.0,False,False
2026-01-01 20:18:00,99,100.0,-32.96504754488061,-5.895103488218087,50.0,-11.953589742981027,0.0,0.0,False,False
2026-01-01 20:19:00,124,100.0,-32.86587751768656,-5.895103488218087,50.0,13.249556793816309,0.0,0.0,False,False
2026-01-01 20:20:00,111,100.0,-32.76608177155967,-5.895103488218087,50.0,-0.44436167704354423,0.0,0.0,False,False
2026-01-01 20:21:00,124,100.0,-32.66566220646715,-5.895103488218087,50.0,12.90563762321174,0.0,0.0,False,False
2026-01-01 20:22:00,116,100.0,-32.564620734252784,-5.895103488218087,50.0,4.109825769008753,0.0,0.0,False,False
2026-01-01 20:23:00,119,100.0,-32.46295927860049,-5.895103488218087,50.0,7.825588257151592,0.0,0.0,False,False
2026-01-01 20:24:00,103,100.0,-32.36067977499793,-5.895103488218087,50.0,-9.008969953045751,0.0,0.0,False,False
2026-01-01 20:25:00,117,100.0,-32.25778417069932,-5.895103488218087,50.0,5.239509541926708,0.0,0.0,False,False
2026-01-01 20:26:00,119,100.0,-32.154274424688694,-5.895103488218087,50.0,7.287142340743459,0.0,0.0,False,False
2026-01-01 20:27:00,106,100.0,-32.05015250764243,-5.895103488218087,50.0,-5.766472922336929,0.0,0.0,False,False
2026-01-01 20:28:00,118,100.0,-31.945420401891724,-5.895103488218087,50.0,5.5954037061616635,0.0,0.0,False,False
2026-01-01 20:29:00,118,100.0,-31.840080101384878,-5.895103488218087,50.0,5.6618775857483294,0.0,0.0,False,False
2026-01-01 20:30:00,107,100.0,-31.73413361164943,-5.895103488218087,50.0,-5.495526211300828,0.0,0.0,False,False
2026-01-01 20:31:00,101,100.0,-31.62758294975374,-5.895103488218087,50.0,-11.22768432270995,0.0,0.0,False,False
2026-01-01 20:32:00,101,100.0,-31.52043014426887,-5.895103488218087,50.0,-11.841283318982722,0.0,0.0,False,False
2026-01-01 20:33:00,114,100.0,-31.412677235229797,-5.895103488218087,50.0,0.8650554192146178,0.0,0.0,False,False
2026-01-01 20:34:00,116,100.0,-31.30432627409656,-5.895103488218087,50.0,3.270098687893148,0.0,0.0,False,False
2026-01-01 20:35:00,105,100.0,-31.195379323715265,-5.895103488218087,50.0,-7.9252583045791445,0.0,0.0,False,False
2026-01-01 20:36:00,113,100.0,-31.085838458278808,-5.895103488218087,50.0,0.2658534132609864,0.0,0.0,False,False
2026-01-01 20:37:00,119,100.0,-30.975705763287426,-5.895103488218087,50.0,5.705370361384854,0.0,0.0,False,False
2026-01-01 20:38:00,119,100.0,-30.86498333550881,-5.895103488218087,50.0,6.181907146653009,0.0,0.0,False,False
2026-01-01 20:39:00,129,100.0,-30.7536732829384,-5.895103488218087,50.0,15.518801201224885,0.0,0.0,False,False
2026-01-01 20:40:00,126,100.0,-30.641777724759123,-5.895103488218087,50.0,12.769808321980435,0.0,0.0,False,False
2026-01-01 20:41:00,104,100.0,-30.529298791301144,-5.895103488218087,50.0,-10.01291432756544,0.0,0.0,False,False
2026-01-01 20:42:00,131,100.0,-30.416238624001256,-5.895103488218087,50.0,16.835862095380225,0.0,0.0,False,False
2026-01-01 20:43:00,108,100.0,-30.302599375362007,-5.895103488218087,50.0,-5.309765045557148,0.0,0.0,False,False
2026-01-01 20:44:00,124,100.0,-30.18838320891089,-5.895103488218087,50.0,10.448728124544274,0.0,0.0,False,False
2026-01-01 20:45:00,115,100.0,-30.07359229915909,-5.895103488218087,50.0,0.6798662605108885,0.0,0.0,False,False
2026-01-01 20:46:00,110,100.0,-29.958228831560085,-5.895103488218087,50.0,-4.121493784569676,0.0,0.0,False,False
2026-01-01 20:47:00,96,100.0,-29.842295002467964,-5.895103488218087,50.0,-18.076968597749328,0.0,0.0,False,False
2026-01-01 20:48:00,113,100.0,-29.725793019095782,-5.895103488218087,50.0,-1.715645102163482,0.0,0.0,False,False
2026-01-01 20:49:00,99,100.0,-29.608725099473304,-5.895103488218087,50.0,-15.59383235305609,0.0,0.0,False,False
2026-01-01 20:50:00,319,100.0,-29.49109347240497,-5.895103488218087,50.0,9.672992358427724,194.302154572829,0.0,True,False
2026-01-01 20:51:00,130,100.0,-29.37290037742741,-5.895103488218087,50.0,15.167926571392481,0.0,0.0,False,False
2026-01-01 20:52:00,107,100.0,-29.254148064766813,-5.895103488218087,50.0,-7.969109892966903,0.0,0.0,False,False
2026-01-01 20:53:00,118,100.0,-29.134838795296037,-5.895103488218087,50.0,3.0197074251927116,0.0,0.0,False,False
2026-01-01 20:54:00,108,100.0,-29.014974840491515,-5.895103488218087,50.0,-7.2539152200797545,0.0,0.0,False,False
2026-01-01 20:55:00,109,100.0,-28.894558482390217,-5.895103488218087,50.0,-6.284847301367896,0.0,0.0,False,False
2026-01-01 20:56:00,123,100.0,-28.773592013546043,-5.895103488218087,50.0,7.744947038653713,0.0,0.0,False,False
2026-01-01 20:57:00,115,100.0,-28.65207773698618,-5.895103488218087,50.0,-0.38538261843412513,0.0,0.0,False,False
2026-01-01 20:58:00,133,100.0,-28.530017966167303,-5.895103488218087,50.0,17.396480419310116,0.0,0.0,False,False
2026-01-01 20:59:00,111,100.0,-28.40741502493144,-5.895103488218087,50.0,-4.82232478702921,0.0,0.0,False,False
2026-01-01 21:00:00,125,100.0,-28.28427124746191,-6.605581239103339,50.0,9.993363324744891,0.0,0.0,False,False
2026-01-01 21:01:00,116,100.0,-28.16058897823875,-6.605581239103339,50.0,0.9741341295778199,0.0,0.0,False,False
2026-01-01 21:02:00,123,100.0,-28.03637057199403,-6.605581239103339,50.0,7.957780097442332,0.0,0.0,False,False
2026-01-01 21:03:00,111,100.0,-27.911618393667208,-6.605581239103339,50.0,-4.471576573299467,0.0,0.0,False,False
2026-01-01 21:04:00,115,100.0,-27.786334818359876,-6.605581239103339,50.0,-0.49558837551582713,0.0,0.0,False,False
2026-01-01 21:05:00,115,100.0,-27.660522231290795,-6.605581239103339,50.0,-1.1549887929893474,0.0,0.0,False,False
2026-01-01 21:06:00,107,100.0,-27.53418302775016,-6.605581239103339,50.0,-8.360571148457872,0.0,0.0,False,False
2026-01-01 21:07:00,123,100.0,-27.407319613054373,-6.605581239103339,50.0,6.620815345817527,0.0,0.0,False,False
2026-01-01 21:08:00,123,100.0,-27.279934402499958,-6.605581239103339,50.0,6.502490055783642,0.0,0.0,False,False
2026-01-01 21:09:00,122,100.0,-27.15202982131767,-6.605581239103339,50.0,5.9355469490556665,0.0,0.0,False,False
2026-01-01 21:10:00,132,100.0,-27.023608304626393,-6.605581239103339,50.0,15.369656539176447,0.0,0.0,False,False
2026-01-01 21:11:00,131,100.0,-26.89467229738674,-6.605581239103339,50.0,14.493448012363036,0.0,0.0,False,False
2026-01-01 21:12:00,113,100.0,-26.76522425435435,-6.605581239103339,50.0,-3.7494468984913536,0.0,0.0,False,False
2026-01-01 21:13:00,120,100.0,-26.63526664003338,-6.605581239103339,50.0,3.7305231843417825,0.0,0.0,False,False
2026-01-01 21:14:00,111,100.0,-26.504801928629487,-6.605581239103339,50.0,-6.236006892582127,0.0,0.0,False,False
2026-01-01 21:15:00,117,100.0,-26.37383260400275,-6.605581239103339,50.0,0.23355316114555458,0.0,0.0,False,False
2026-01-01 21:16:00,111,100.0,-26.242361159620323,-6.605581239103339,50.0,-5.997494491188648,0.0,0.0,False,False
2026-01-01 21:17:00,133,100.0,-26.110390098508912,-6.605581239103339,50.0,16.20070309136051,0.0,0.0,False,False
2026-01-01 21:18:00,121,100.0,-25.977921933207337,-6.605581239103339,50.0,3.6369815034296282,0.0,0.0,False,False
2026-01-01 21:19:00,115,100.0,-25.844959185718555,-6.605581239103339,50.0,-2.180291281044221,0.0,0.0,False,False
2026-01-01 21:20:00,130,100.0,-25.711504387461584,-6.605581239103339,50.0,11.93618571856377,0.0,0.0,False,False
2026-01-01 21:21:00,96,100.0,-25.57756007922338,-6.605581239103339,50.0,-21.706154097954116,0.0,0.0,False,False
2026-01-01 21:22:00,98,100.0,-25.443128811110583,-6.605581239103339,50.0,-20.141025948652896,0.0,0.0,False,False
2026-01-01 21:23:00,126,100.0,-25.30821314250065,-6.605581239103339,50.0,7.958386552197739,0.0,0.0,False,False
2026-01-01 21:24:00,119,100.0,-25.172815641993513,-6.605581239103339,50.0,0.6046844811736806,0.0,0.0,False,False
2026-01-01 21:25:00,121,100.0,-25.03693888736236,-6.605581239103339,50.0,2.5044630026076065,0.0,0.0,False,False
2026-01-01 21:26:00,105,100.0,-24.900585465504786,-6.605581239103339,50.0,-13.263961033185488,0.0,0.0,False,False
2026-01-01 21:27:00,118,100.0,-24.763757972393346,-6.605581239103339,50.0,-0.23233710850366202,0.0,0.0,False,False
2026-01-01 21:28:00,139,100.0,-24.626459013026356,-6.605581239103339,50.0,20.03509410401342,0.0,0.0,False,False
2026-01-01 21:29:00,127,100.0,-24.488691201377975,-6.605581239103339,50.0,8.24199619795863,0.0,0.0,False,False
2026-01-01 21:30:00,121,100.0,-24.35045716034884,-6.605581239103339,50.0,1.6970654514281212,0.0,0.0,False,False
2026-01-01 21:31:00,115,100.0,-24.2117595217158,-6.605581239103339,50.0,-4.390539101049376,0.0,0.0,False,False
2026-01-01 21:32:00,115,100.0,-24.072600926081932,-6.605581239103339,50.0,-3.9457285186939384,0.0,0.0,False,False
2026-01-01 21:33:00,98,100.0,-23.932984022826346,-6.605581239103339,50.0,-21.291978892000177,0.0,0.0,False,False
2026-01-01 21:34:00,122,100.0,-23.792911470053667,-6.605581239103339,50.0,2.5764042092116055,0.0,0.0,False,False
2026-01-01 21:35:00,128,100.0,-23.65238593454332,-6.605581239103339,50.0,8.45483108481854,0.0,0.0,False,False
2026-01-01 21:36:00,104,100.0,-23.511410091698934,-6.605581239103339,50.0,-15.756193271706152,0.0,0.0,False,False
2026-01-01 21:37:00,113,100.0,-23.36998662549736,-6.605581239103339,50.0,-6.61416892306816,0.0,0.0,False,False
2026-01-01 21:38:00,109,100.0,-23.228118228437587,-6.605581239103339,50.0,-11.574646322334221,0.0,0.0,False,False
2026-01-01 21:39:00,111,100.0,-23.085807601489382,-6.605581239103339,50.0,-9.653511948087635,0.0,0.0,False,False
2026-01-01 21:40:00,121,100.0,-22.94305745404186,-6.605581239103339,50.0,0.5348162682190022,0.0,0.0,False,False
2026-01-01 21:41:00,100,100.0,-22.799870503852144,-6.605581239103339,50.0,-20.844021549884744,0.0,0.0,False,False
2026-01-01 21:42:00,127,100.0,-22.656249476993317,-6.605581239103339,50.0,6.142704383570639,0.0,0.0,False,False
2026-01-01 21:43:00,128,100.0,-22.512197107802756,-6.605581239103339,50.0,7.538550699336822,0.0,0.0,False,False
2026-01-01 21:44:00,119,100.0,-22.367716138829863,-6.605581239103339,50.0,-2.5110258803691248,0.0,0.0,False,False
2026-01-01 21:45:00,96,100.0,-22.22280932078412,-6.605581239103339,50.0,-24.807085099845416,0.0,0.0,False,False
2026-01-01 21:46:00,111,100.0,-22.077479412482333,-6.605581239103339,50.0,-9.964186260023896,0.0,0.0,False,False
2026-01-01 21:47:00,134,100.0,-21.93172918079654,-6.605581239103339,50.0,12.329019341026966,0.0,0.0,False,False
2026-01-01 21:48:00,94,100.0,-21.78556140060108,-6.605581239103339,50.0,-27.779942807285725,0.0,0.0,False,False
2026-01-01 21:49:00,118,100.0,-21.63897885471976,-6.605581239103339,50.0,-3.475234121935192,0.0,0.0,False,False
2026-01-01 21:50:00,110,100.0,-21.491984333873,-6.605581239103339,50.0,-11.80000778467259,0.0,0.0,False,False
2026-01-01 21:51:00,130,100.0,-21.344580636624425,-6.605581239103339,50.0,8.045703015848366,0.0,0.0,False,False
2026-01-01 21:52:00,115,100.0,-21.1967705693282,-6.605581239103339,50.0,-6.751139521434614,0.0,0.0,False,False
2026-01-01 21:53:00,126,100.0,-21.048556946074797,-6.605581239103339,50.0,4.039540207356115,0.0,0.0,False,False
2026-01-01 21:54:00,128,100.0,-20.899942588637977,-6.605581239103339,50.0,5.654604191690931,0.0,0.0,False,False
2026-01-01 21:55:00,141,100.0,-20.750930326420857,-6.605581239103339,50.0,18.3622583973002,0.0,0.0,False,False
2026-01-01 21:56:00,121,100.0,-20.60152299640215,-6.605581239103339,50.0,-2.0294194367537024,0.0,0.0,False,False
2026-01-01 21:57:00,127,100.0,-20.451723443082102,-6.605581239103339,50.0,3.7604436962261136,0.0,0.0,False,False
2026-01-01 21:58:00,108,100.0,-20.301534518428195,-6.605581239103339,50.0,-14.850554791274359,0.0,0.0,False,False
2026-01-01 21:59:00,135,100.0,-20.15095908182106,-6.605581239103339,50.0,11.90413563293744,0.0,0.0,False,False
2026-01-01 22:00:00,65,100.0,-20.000000000000018,-7.306820487327901,0.0,-7.605088480713647,0.0,0.0,False,False
2026-01-01 22:01:00,67,100.0,-19.848660147008324,-7.306820487327901,0.0,-5.607541640877455,0.0,0.0,False,False
2026-01-01 22:02:00,73,100.0,-19.69694240413866,-7.306820487327901,0.0,-0.2224779484921074,0.0,0.0,False,False
2026-01-01 22:03:00,58,100.0,-19.544849659878214,-7.306820487327901,0.0,-15.628843453398495,0.0,0.0,False,False
2026-01-01 22:04:00,76,100.0,-19.392384809853507,-7.306820487327901,0.0,2.28770028928938,0.0,0.0,False,False
2026-01-01 22:05:00,83,100.0,-19.23955075677551,-7.306820487327901,0.0,9.674662729250107,0.0,0.0,False,False
2026-01-01 22:06:00,77,100.0,-19.08635041038432,-7.306820487327901,0.0,2.929338234972916,0.0,0.0,False,False
2026-01-01 22:07:00,58,100.0,-18.93278668739373,-7.306820487327901,0.0,-15.888975641787251,0.0,0.0,False,False
2026-01-01 22:08:00,73,100.0,-18.778862511435662,-7.306820487327901,0.0,-1.2380929432965957,0.0,0.0,False,False
2026-01-01 22:09:00,81,100.0,-18.6245808130045,-7.306820487327901,0.0,7.4202890297949065,0.0,0.0,False,False
2026-01-01 22:10:00,55,100.0,-18.469944529401346,-7.306820487327901,0.0,-18.779887659659078,0.0,0.0,False,False
2026-01-01 22:11:00,64,100.0,-18.31495660467827,-7.306820487327901,0.0,-10.747660138177139,0.0,0.0,False,False
2026-01-01 22:12:00,83,100.0,-18.159619989581877,-7.306820487327901,0.0,8.7654360408152,0.0,0.0,False,False
2026-01-01 22:13:00,77,100.0,-18.00393764149745,-7.306820487327901,0.0,2.7009543419728654,0.0,0.0,False,False
2026-01-01 22:14:00,79,100.0,-17.84791252439238,-7.306820487327901,0.0,4.119715821267539,0.0,0.0,False,False
2026-01-01 22:15:00,94,100.0,-17.691547608760057,-7.306820487327901,0.0,18.594948076233116,0.0,0.0,False,False
2026-01-01 22:16:00,80,100.0,-17.53484587156311,-7.306820487327901,0.0,4.685527785062026,0.0,0.0,False,False
2026-01-01 22:17:00,82,100.0,-17.377810296176676,-7.306820487327901,0.0,6.578880104331794,0.0,0.0,False,False
2026-01-01 22:18:00,103,100.0,-17.220443872331806,-7.306820487327901,0.0,27.10745527218326,0.0,0.0,False,False
2026-01-01 22:19:00,73,100.0,-17.062749596058314,-7.306820487327901,0.0,-2.1380455809049073,0.0,0.0,False,False
2026-01-01 22:20:00,68,100.0,-16.904730469628,-7.306820487327901,0.0,-7.978827636184951,0.0,0.0,False,False
2026-01-01 22:21:00,80,100.0,-16.746389501497124,-7.306820487327901,0.0,4.277963982471327,0.0,0.0,False,False
2026-01-01 22:22:00,80,100.0,-16.587729706249572,-7.306820487327901,0.0,4.389910293888949,0.0,0.0,False,False
2026-01-01 22:23:00,71,100.0,-16.428754104539113,-7.306820487327901,0.0,-5.267153919462082,0.0,0.0,False,False
2026-01-01 22:24:00,66,100.0,-16.269465723032006,-7.306820487327901,0.0,-10.323970195548476,0.0,0.0,False,False
2026-01-01 22:25:00,100,100.0,-16.109867594349467,-7.306820487327901,0.0,23.09844422090078,0.0,0.0,False,False
2026-01-01 22:26:00,80,100.0,-15.949962757009866,-7.306820487327901,0.0,3.2684347038802293,0.0,0.0,False,False
2026-01-01 22:27:00,70,100.0,-15.789754255370719,-7.306820487327901,0.0,-7.322853814020757,0.0,0.0,False,False
2026-01-01 22:28:00,86,100.0,-15.629245139570955,-7.306820487327901,0.0,9.159303022795985,0.0,0.0,False,False
2026-01-01 22:29:00,76,100.0,-15.468438465472808,-7.306820487327901,0.0,-1.091451515613345,0.0,0.0,False,False
2026-01-01 22:30:00,75,100.0,-15.307337294603583,-7.306820487327901,0.0,-2.5288144631783127,0.0,0.0,False,False
2026-01-01 22:31:00,83,100.0,-15.145944694097356,-7.306820487327901,0.0,5.622728719144932,0.0,0.0,False,False
2026-01-01 22:32:00,65,100.0,-14.984263736636494,-7.306820487327901,0.0,-12.9188226823169,0.0,0.0,False,False
2026-01-01 22:33:00,81,100.0,-14.822297500393471,-7.306820487327901,0.0,3.526272039171724,0.0,0.0,False,False
2026-01-01 22:34:00,97,100.0,-14.66004906897189,-7.306820487327901,0.0,19.129548077317523,0.0,0.0,False,False
2026-01-01 22:35:00,83,100.0,-14.497521531348074,-7.306820487327901,0.0,4.661776621973107,0.0,0.0,False,False
2026-01-01 22:36:00,75,100.0,-14.334717981811998,-7.306820487327901,0.0,-3.762121037834645,0.0,0.0,False,False
2026-01-01 22:37:00,73,100.0,-14.171641519908665,-7.306820487327901,0.0,-5.07105280428242,0.0,0.0,False,False
2026-01-01 22:38:00,75,100.0,-14.008295250378707,-7.306820487327901,0.0,-4.103399733451093,0.0,0.0,False,False
2026-01-01 22:39:00,76,100.0,-13.844682283099736,-7.306820487327901,0.0,-2.5396267804778105,0.0,0.0,False,False
2026-01-01 22:40:00,75,100.0,-13.680805733026745,-7.306820487327901,0.0,-3.77806532758272,0.0,0.0,False,False
2026-01-01 22:41:00,88,100.0,-13.516668720133083,-7.306820487327901,0.0,9.163114410745667,0.0,0.0,False,False
2026-01-01 22:42:00,62,100.0,-13.352274369350885,-7.306820487327901,0.0,-17.33209103208983,0.0,0.0,False,False
2026-01-01 22:43:00,88,100.0,-13.187625810511516,-7.306820487327901,0.0,8.62000050412134,0.0,0.0,False,False
2026-01-01 22:44:00,76,100.0,-13.022726178286268,-7.306820487327901,0.0,-3.7968652514256114,0.0,0.0,False,False
2026-01-01 22:45:00,84,100.0,-12.857578612126474,-7.306820487327901,0.0,3.7694778569537224,0.0,0.0,False,False
2026-01-01 22:46:00,69,100.0,-12.692186256203708,-7.306820487327901,0.0,-11.269879102008638,0.0,0.0,False,False
2026-01-01 22:47:00,93,100.0,-12.52655225934998,-7.306820487327901,0.0,13.28631066849436,0.0,0.0,False,False
2026-01-01 22:48:00,93,100.0,-12.360679774997871,-7.306820487327901,0.0,12.456349601718731,0.0,0.0,False,False
2026-01-01 22:49:00,90,100.0,-12.19457196112045,-7.306820487327901,0.0,9.595905257500736,0.0,0.0,False,False
2026-01-01 22:50:00,66,100.0,-12.028231980170954,-7.306820487327901,0.0,-15.147547757935394,0.0,0.0,False,False
2026-01-01 22:51:00,89,100.0,-11.861662999022844,-7.306820487327901,0.0,8.291210710660529,0.0,0.0,False,False
2026-01-01 22:52:00,85,100.0,-11.694868188909451,-7.306820487327901,0.0,4.048550876357089,0.0,0.0,False,False
2026-01-01 22:53:00,65,100.0,-11.527850725363567,-7.306820487327901,0.0,-16.052712471325677,0.0,0.0,False,False
2026-01-01 22:54:00,81,100.0,-11.360613788156941,-7.306820487327901,0.0,-0.2429738377081549,0.0,0.0,False,False
2026-01-01 22:55:00,85,100.0,-11.193160561239697,-7.306820487327901,0.0,3.645344890332625,0.0,0.0,False,False
2026-01-01 22:56:00,87,100.0,-11.025494232679991,-7.306820487327901,0.0,5.560752738231508,0.0,0.0,False,False
2026-01-01 22:57:00,84,100.0,-10.85761799460297,-7.306820487327901,0.0,1.7726136694885573,0.0,0.0,False,False
2026-01-01 22:58:00,85,100.0,-10.689535043130284,-7.306820487327901,0.0,2.912314168473797,0.0,0.0,False,False
2026-01-01 22:59:00,97,100.0,-10.521248578318978,-7.306820487327901,0.0,14.736113922530956,0.0,0.0,False,False
2026-01-01 23:00:00,94,100.0,-10.352761804100863,-7.997840486394823,0.0,12.260339099106798,0.0,0.0,False,False
2026-01-01 23:01:00,53,100.0,-10.184077928221111,-7.997840486394823,0.0,-28.670549537827434,0.0,0.0,False,False
2026-01-01 23:02:00,79,100.0,-10.01520016217764,-7.997840486394823,0.0,-3.1743855483768204,0.0,0.0,False,False
2026-01-01 23:03:00,81,100.0,-9.846131721159717,-7.997840486394823,0.0,-1.6465102754395127,0.0,0.0,False,False
2026-01-01 23:04:00,65,100.0,-9.676875823986714,-7.997840486394823,0.0,-17.52098572726971,0.0,0.0,False,False
2026-01-01 23:05:00,83,100.0,-9.507435693046974,-7.997840486394823,0.0,0.9418305823231217,0.0,0.0,False,False
2026-01-01 23:06:00,95,100.0,-9.337814554236243,-7.997840486394823,0.0,12.487577724105066,0.0,0.0,False,False
2026-01-01 23:07:00,72,100.0,-9.16801563689657,-7.997840486394823,0.0,-10.865678595905903,0.0,0.0,False,False
2026-01-01 23:08:00,86,100.0,-8.998042173754614,-7.997840486394823,0.0,3.364009386898723,0.0,0.0,False,False
2026-01-01 23:09:00,74,100.0,-8.827897400860067,-7.997840486394823,0.0,-9.158234772964377,0.0,0.0,False,False
2026-01-01 23:10:00,77,100.0,-8.657584557524116,-7.997840486394823,0.0,-6.719120236796768,0.0,0.0,False,False
2026-01-01 23:11:00,98,100.0,-8.487106886257827,-7.997840486394823,0.0,14.77393634170035,0.0,0.0,False,False
2026-01-01 23:12:00,78,100.0,-8.316467632710395,-7.997840486394823,0.0,-5.42557820111825,0.0,0.0,False,False
2026-01-01 23:13:00,88,100.0,-8.145670045607131,-7.997840486394823,0.0,4.622124890106247,0.0,0.0,False,False
2026-01-01 23:14:00,65,100.0,-7.974717376687894,-7.997840486394823,0.0,-18.71218116060987,0.0,0.0,False,False
2026-01-01 23:15:00,103,100.0,-7.803612880645149,-7.997840486394823,0.0,18.623175613948803,0.0,0.0,False,False
2026-01-01 23:16:00,90,100.0,-7.632359815061786,-7.997840486394823,0.0,6.026524463064989,0.0,0.0,False,False
2026-01-01 23:17:00,83,100.0,-7.460961440349355,-7.997840486394823,0.0,-1.8249984265026167,0.0,0.0,False,False
2026-01-01 23:18:00,90,100.0,-7.289421019685913,-7.997840486394823,0.0,5.755465099998948,0.0,0.0,False,False
2026-01-01 23:19:00,180,100.0,-7.1177418189536965,-7.997840486394823,0.0,-14.098194289478103,109.54320427572509,0.0,True,False
2026-01-01 23:20:00,97,100.0,-6.945927106677216,-7.997840486394823,0.0,11.825307417526572,0.0,0.0,False,False
2026-01-01 23:21:00,82,100.0,-6.773980153960962,-7.997840486394823,0.0,-3.239847754964302,0.0,0.0,False,False
2026-01-01 23:22:00,83,100.0,-6.601904234427094,-7.997840486394823,0.0,-2.040695150484347,0.0,0.0,False,False
2026-01-01 23:23:00,81,100.0,-6.4297026241530775,-7.997840486394823,0.0,-4.916556149654844,0.0,0.0,False,False
2026-01-01 23:24:00,80,100.0,-6.257378601609279,-7.997840486394823,0.0,-5.806514027455847,0.0,0.0,False,False
2026-01-01 23:25:00,93,100.0,-6.0849354475966875,-7.997840486394823,0.0,6.946706116284086,0.0,0.0,False,False
2026-01-01 23:26:00,89,100.0,-5.912376445184421,-7.997840486394823,0.0,2.559068501042229,0.0,0.0,False,False
2026-01-01 23:27:00,93,100.0,-5.739704879647178,-7.997840486394823,0.0,6.517481414030399,0.0,0.0,False,False
2026-01-01 23:28:00,86,100.0,-5.56692403840267,-7.997840486394823,0.0,-0.08794689485571452,0.0,0.0,False,False
2026-01-01 23:29:00,92,100.0,-5.394037210948949,-7.997840486394823,0.0,5.131998110771811,0.0,0.0,False,False
2026-01-01 23:30:00,83,100.0,-5.221047688802067,-7.997840486394823,0.0,-4.188487439250384,0.0,0.0,False,False
2026-01-01 23:31:00,109,100.0,-5.047958765433204,-7.997840486394823,0.0,22.297318414095486,0.0,0.0,False,False
2026-01-01 23:32:00,71,100.0,-4.874773736205889,-7.997840486394823,0.0,-15.679304164304986,0.0,0.0,False,False
2026-01-01 23:33:00,100,100.0,-4.701495898313507,-7.997840486394823,0.0,12.609373235629844,0.0,0.0,False,False
2026-01-01 23:34:00,101,100.0,-4.528128550716316,-7.997840486394823,0.0,13.679074507209707,0.0,0.0,False,False
2026-01-01 23:35:00,79,100.0,-4.354674994078605,-7.997840486394823,0.0,-8.521588059655938,0.0,0.0,False,False
2026-01-01 23:36:00,110,100.0,-4.181138530706137,-7.997840486394823,0.0,22.292736105559733,0.0,0.0,False,False
2026-01-01 23:37:00,98,100.0,-4.00752246448306,-7.997840486394823,0.0,9.954902829453182,0.0,0.0,False,False
2026-01-01 23:38:00,98,100.0,-3.8338301008089792,-7.997840486394823,0.0,9.711390068229115,0.0,0.0,False,False
2026-01-01 23:39:00,89,100.0,-3.66006474653609,-7.997840486394823,0.0,0.2802218702587669,0.0,0.0,False,False
2026-01-01 23:40:00,86,100.0,-3.486229709906297,-7.997840486394823,0.0,-2.1722615821867644,0.0,0.0,False,False
2026-01-01 23:41:00,87,100.0,-3.3123283004881903,-7.997840486394823,0.0,-2.0940882703960813,0.0,0.0,False,False
2026-01-01 23:42:00,93,100.0,-3.1383638291138247,-7.997840486394823,0.0,3.905305963195172,0.0,0.0,False,False
2026-01-01 23:43:00,103,100.0,-2.964339607816008,-7.997840486394823,0.0,14.011862750338961,0.0,0.0,False,False
2026-01-01 23:44:00,91,100.0,-2.7902589497649903,-7.997840486394823,0.0,1.813142178614196,0.0,0.0,False,False
2026-01-01 23:45:00,80,100.0,-2.616125169205712,-7.997840486394823,0.0,-9.114436231372903,0.0,0.0,False,False
2026-01-01 23:46:00,98,100.0,-2.4419415813943104,-7.997840486394823,0.0,8.244270623849797,0.0,0.0,False,False
2026-01-01 23:47:00,99,100.0,-2.267711502535111,-7.997840486394823,0.0,9.211507463947923,0.0,0.0,False,False
2026-01-01 23:48:00,96,100.0,-2.093438249717775,-7.997840486394823,0.0,6.546595284477861,0.0,0.0,False,False
2026-01-01 23:49:00,98,100.0,-1.9191251408537549,-7.997840486394823,0.0,7.454989065249826,0.0,0.0,False,False
2026-01-01 23:50:00,88,100.0,-1.7447754946134477,-7.997840486394823,0.0,-2.709281301578081,0.0,0.0,False,False
2026-01-01 23:51:00,81,100.0,-1.5703926303627274,-7.997840486394823,0.0,-9.289891671305796,0.0,0.0,False,False
2026-01-01 23:52:00,82,100.0,-1.3959798681000684,-7.997840486394823,0.0,-8.681934306407799,0.0,0.0,False,False
2026-01-01 23:53:00,74,100.0,-1.2215405283929113,-7.997840486394823,0.0,-16.35463248457858,0.0,0.0,False,False
2026-01-01 23:54:00,93,100.0,-1.0470779323149417,-7.997840486394823,0.0,2.3694861154594977,0.0,0.0,False,False
2026-01-01 23:55:00,90,100.0,-0.872595401382436,-7.997840486394823,0.0,-0.8344878322659361,0.0,0.0,False,False
2026-01-01 23:56:00,87,100.0,-0.6980962574913424,-7.997840486394823,0.0,-4.399877045297088,0.0,0.0,False,False
2026-01-01 23:57:00,62,100.0,-0.5235838228538259,-7.997840486394823,0.0,-29.5561882434507,0.0,0.0,False,False
2026-01-01 23:58:00,79,100.0,-0.34906141993498097,-7.997840486394823,0.0,-12.473174696941689,0.0,0.0,False,False
2026-01-01 23:59:00,103,100.0,-0.17453237138986177,-7.997840486394823,0.0,11.208406514031669,0.0,0.0,False,False
